,Model,HR,CI_lower,CI_upper,p,cindex,accuracy_mean,accuracy_std,precision_mean,precision_std,recall_mean,recall_std,f1_mean,f1_std,roc_auc_mean,roc_auc_std,pr_auc_mean,pr_auc_std,Sig
0,SVM,2.6893184781464052,1.932636580987974,3.7422627451263692,4.397504053158822e-09,0.6748999586035601,0.7179146457599717,0.023709602168547634,0.4470067551828558,0.03773189466617253,0.4378083157152925,0.11233653015525427,0.4286433478864182,0.05000868466220325,0.6994415919012048,0.030938833660076843,0.4387686204444156,0.02043360641582953,True
1,RandomForest,3.8917900464727504,2.7355319828800533,5.536776707643594,4.200467482712308e-14,0.6825410514695737,0.7734923482382122,0.0077774651044180895,0.5715045916195342,0.025441485492203944,0.36909795630725867,0.015465790237741178,0.44847716435599905,0.01867751171438538,0.7243078996274451,0.02166712561347112,0.48760312189965366,0.03627175669312859,True
2,XGBoost,3.4795155507105338,2.425491998224972,4.991576338531159,1.2669694298633825e-11,0.6621533048157858,0.7792505481363365,0.03138601451817555,0.5731092436974791,0.07515255299264328,0.35588442565186745,0.19117579614426777,0.4128094128094128,0.18856256366958227,0.7346628281476497,0.044011013893757854,0.5082872202695322,0.07480577218145641,True
3,LogisticRegression,3.2747378669565186,2.408751888269606,4.452060068744874,3.730734361435434e-14,0.7124154822685249,0.7217239164618077,0.019054611748444382,0.4463764229095893,0.029895049526380644,0.46952078928823116,0.09861351166215196,0.4528064528064529,0.05123360266232954,0.6885866337934509,0.04464880533405728,0.4409860496406591,0.04240664008079924,True
4,ANN,2.4786801581815543,1.7770923230755358,3.4572516277207446,8.9559716532102e-08,0.6801435076583414,0.7178703519146015,0.011946330111619998,0.43374925727866903,0.017889565320647165,0.43093727977448903,0.07750816755354029,0.4293543336096528,0.04317048271793764,0.658482957364548,0.0289171662509493,0.4038232821095038,0.016257434758630642,True
5,Ensemble,3.9547370239478647,2.8809564913449583,5.428733469446668,1.7929633941183868e-17,0.7243342072581758,0.7619870219033066,0.005775465648554332,0.5296442905052504,0.02618189048461972,0.4853770260747005,0.07254226992678388,0.5014735665898457,0.031001830933059464,0.7206749830440581,0.02970042435159149,0.4603061143793436,0.030629453826794113,True
