,Model,HR,CI_lower,CI_upper,p,cindex,accuracy_mean,accuracy_std,precision_mean,precision_std,recall_mean,recall_std,f1_mean,f1_std,roc_auc_mean,roc_auc_std,pr_auc_mean,pr_auc_std,Sig
0,SVM,1.1973832497638748,0.8802695948929019,1.6287358499409859,0.2511498174836554,0.5472609355595419,0.5915000110734613,0.2156466480199594,0.37948391477803245,0.16203586451789057,0.3387949260042284,0.07318467167367079,0.31838334060556284,0.05971426018208944,0.5553449132381317,0.18449340847018825,0.3543474020387256,0.12815632712242547,False
1,RandomForest,3.6991365320922878,2.720018180064002,5.030705744304173,7.510365878912371e-17,0.7131571684835104,0.7408256372777003,0.037089507029335646,0.4986150272647099,0.08104617727831888,0.49224806201550386,0.03837013541322349,0.48859948658335756,0.01778908466870452,0.7091796717395864,0.025716210664872848,0.46405951847055077,0.031930537464456746,True
2,XGBoost,3.1729298852318237,2.2332507460710076,4.5079953848931265,1.1643381051004884e-10,0.6258279287981233,0.7504927690297434,0.014860725395880894,0.5336080586080586,0.06811721946584275,0.31465821000704725,0.14032899506447064,0.36378394422334887,0.11912769965110857,0.6879580328541807,0.04354755612894465,0.46739072229668044,0.06212733377444658,True
3,LogisticRegression,3.083079343708262,2.246411522236787,4.231361059854214,3.1612962687738585e-12,0.6964778529046503,0.7313467543684804,0.027764862174545442,0.46572902416780665,0.0555877112411456,0.4466173361522199,0.07894337238802066,0.45159207630227444,0.048937394742097996,0.688502267896019,0.05223015880985645,0.4418452728859563,0.048575157810094916,True
4,ANN,1.741716089641126,1.2803063529233498,2.3694133282929903,0.0004100136144060001,0.6262936387470678,0.648882687750537,0.08519558750291688,0.3601388179185829,0.03588913993187614,0.4314658210007047,0.2275603066628079,0.35762217977935246,0.06952358636635372,0.6322080133015692,0.028769650939959732,0.37029894969065175,0.035103155322238205,True
5,Ensemble,4.0769294143006976,2.8867470888684665,5.757814223935146,1.4765242255810458e-15,0.7039292120877605,0.7523641839966336,0.013123308491954838,0.5102132435465769,0.032696744539714634,0.4076814658210007,0.06646649637263025,0.4482683982683983,0.0343617701183497,0.7027561630038107,0.03261992133480656,0.45592873802774747,0.0318618451311002,True
