,Model,HR,CI_lower,CI_upper,p,cindex,accuracy_mean,accuracy_std,precision_mean,precision_std,recall_mean,recall_std,f1_mean,f1_std,roc_auc_mean,roc_auc_std,pr_auc_mean,pr_auc_std,Sig
0,SVM,1.75614010008632,1.5038420867631643,2.0507658871079886,1.1092182177013294e-12,0.7451359183110252,0.7179146457599717,0.023709602168547634,0.4470067551828558,0.03773189466617253,0.4378083157152925,0.11233653015525427,0.4286433478864182,0.05000868466220325,0.6994415919012048,0.030938833660076843,0.4387686204444156,0.02043360641582953,True
1,RandomForest,2.050532154441792,1.7525082693444547,2.3992366769102347,3.19667748053429e-19,0.7791499931005933,0.7734923482382122,0.0077774651044180895,0.5715045916195342,0.025441485492203944,0.36909795630725867,0.015465790237741178,0.44847716435599905,0.01867751171438538,0.7243078996274451,0.02166712561347112,0.48760312189965366,0.03627175669312859,True
2,XGBoost,1.5837707020475686,1.320144832056831,1.9000412498348267,7.426347153191653e-07,0.7600386366772458,0.7792505481363365,0.03138601451817555,0.5731092436974791,0.07515255299264328,0.35588442565186745,0.19117579614426777,0.4128094128094128,0.18856256366958227,0.7346628281476497,0.044011013893757854,0.5082872202695322,0.07480577218145641,True
3,LogisticRegression,1.660020828345285,1.374428027664893,2.004957040363878,1.4273189472464984e-07,0.7626604112046363,0.7217239164618077,0.019054611748444382,0.4463764229095893,0.029895049526380644,0.46952078928823116,0.09861351166215196,0.4528064528064529,0.05123360266232954,0.6885866337934509,0.04464880533405728,0.4409860496406591,0.04240664008079924,True
4,ANN,1.485459087665949,1.2386297098644279,1.7814756771584885,1.970808586355583e-05,0.722402373395888,0.7178703519146015,0.011946330111619998,0.43374925727866903,0.017889565320647165,0.43093727977448903,0.07750816755354029,0.4293543336096528,0.04317048271793764,0.658482957364548,0.0289171662509493,0.4038232821095038,0.016257434758630642,True
5,Ensemble,1.7180863390912589,1.48722740103321,1.9847809867686061,1.964915960005753e-13,0.7700427763212364,0.7619870219033066,0.005775465648554332,0.5296442905052504,0.02618189048461972,0.4853770260747005,0.07254226992678388,0.5014735665898457,0.031001830933059464,0.7206749830440581,0.02970042435159149,0.4603061143793436,0.030629453826794113,True
