,Model,HR,CI_lower,CI_upper,p,cindex,accuracy_mean,accuracy_std,precision_mean,precision_std,recall_mean,recall_std,f1_mean,f1_std,roc_auc_mean,roc_auc_std,pr_auc_mean,pr_auc_std,Sig
0,SVM,1.75614010008632,1.5038420867631643,2.0507658871079886,1.1092182177013294e-12,0.7451359183110252,0.7179146457599717,0.023709602168547634,0.4470067551828558,0.03773189466617253,0.4378083157152925,0.11233653015525427,0.4286433478864182,0.05000868466220325,0.6994415919012048,0.030938833660076843,0.4387686204444156,0.02043360641582953,True
1,RandomForest,2.050532154441792,1.7525082693444547,2.3992366769102347,3.19667748053429e-19,0.7791499931005933,0.7734923482382122,0.0077774651044180895,0.5715045916195342,0.025441485492203944,0.36909795630725867,0.015465790237741178,0.44847716435599905,0.01867751171438538,0.7243078996274451,0.02166712561347112,0.48760312189965366,0.03627175669312859,True
2,XGBoost,1.5837707020475686,1.320144832056831,1.9000412498348267,7.426347153191653e-07,0.7600386366772458,0.7792505481363365,0.03138601451817555,0.5731092436974791,0.07515255299264328,0.35588442565186745,0.19117579614426777,0.4128094128094128,0.18856256366958227,0.7346628281476497,0.044011013893757854,0.5082872202695322,0.07480577218145641,True
3,LogisticRegression,1.660020828345285,1.374428027664893,2.004957040363878,1.4273189472464984e-07,0.7626604112046363,0.7217239164618077,0.019054611748444382,0.4463764229095893,0.029895049526380644,0.46952078928823116,0.09861351166215196,0.4528064528064529,0.05123360266232954,0.6885866337934509,0.04464880533405728,0.4409860496406591,0.04240664008079924,True
4,ANN,1.4811922741853352,1.2707285323839674,1.7265139620264698,5.059996632012539e-07,0.6515109700565751,0.675691537660842,0.06374402410262871,0.40249195844271085,0.05430049034584421,0.48537702607470057,0.11796485514066725,0.4252859125275146,0.008649380535583737,0.6521750262873999,0.029658467167074112,0.4025552466830182,0.0165285220733986,True
5,Ensemble,1.7087115613811008,1.4795828477958965,1.9733232271155672,3.0330949005442386e-13,0.768490409824755,0.7619870219033066,0.005775465648554332,0.529801894918174,0.026068183884357724,0.4776250880902044,0.06522626081106873,0.4979382130544921,0.027583326348677016,0.7201779329020587,0.03490648552857687,0.46399724538398246,0.03483933951873434,True
