,Model,HR,CI_lower,CI_upper,p,cindex,accuracy_mean,accuracy_std,precision_mean,precision_std,recall_mean,recall_std,f1_mean,f1_std,roc_auc_mean,roc_auc_std,pr_auc_mean,pr_auc_std,Sig
0,SVM,1.9855510447090672,1.7389723937865655,2.2670934657914668,3.743420756586547e-24,0.7707499655029667,0.7485106194494274,0.03560167591581385,0.5386943494446294,0.14023448876336775,0.3928823114869626,0.07101797092529633,0.43703703703703706,0.027715980642769925,0.7079074381444345,0.020463150675452,0.4689160352315105,0.06489939034623306,True
1,RandomForest,1.9374605634746285,1.6681601140718496,2.2502356958150758,4.6492497525098964e-18,0.7782185732027046,0.763902730715567,0.03086459141328126,0.5886111111111111,0.16221889265989478,0.3000352360817477,0.0032390374050123585,0.3906168860238159,0.03204144493772984,0.7132071476071121,0.007938216201884325,0.5002044648863636,0.07116570441850163,True
2,XGBoost,1.4141889745516243,1.2253104094278144,1.6321827027302298,2.1592295887404205e-06,0.6755554022354078,0.7351560250703164,0.028262358720738342,0.4781746031746032,0.04868192121581468,0.49224806201550386,0.03837013541322349,0.4818033913641149,0.021168606270725438,0.6896345503126969,0.022223235125760552,0.4900994752150505,0.07960381850280943,True
3,LogisticRegression,1.2340469370341047,1.0799785868906555,1.4100944789912224,0.0019963686938653004,0.7609700565751345,0.7484995459880849,0.03600432039224163,0.5262563523433089,0.12024938192575425,0.41578576462297395,0.04147692450898424,0.4536371556685807,0.022500960946061754,0.6987379254865497,0.02024563876739404,0.47819641161901183,0.08887794438914373,True
4,ANN,1.7072843927051276,1.4535338561847806,2.0053334053224625,7.242500018788541e-11,0.7077411342624534,0.6908843266228158,0.03675845125005861,0.40235189422832446,0.036198417952992334,0.44696969696969696,0.10020592773812767,0.41533905657473097,0.03537311159139323,0.6597953203669519,0.007013792817636351,0.4006029004870498,0.003824747908462943,True
5,Ensemble,1.770783633587922,1.5555478328470735,2.0158008714162845,5.519207945930184e-18,0.7629708845039327,0.7658073660664849,0.0366298016612026,0.6105072463768116,0.1878650266041074,0.3696264975334742,0.08421497253032172,0.43846279107637187,0.04364650415655596,0.7140825976792602,0.014873181413590437,0.4977369724733043,0.06791048653533562,True
