,Model,HR,CI_lower,CI_upper,p,cindex,accuracy_mean,accuracy_std,precision_mean,precision_std,recall_mean,recall_std,f1_mean,f1_std,roc_auc_mean,roc_auc_std,pr_auc_mean,pr_auc_std,FDR,Sig
0,SVM,2.5890123070919557,1.5618231632305346,4.291769314273008,0.00022520105388325201,0.5570046672688949,0.8011695906432749,0.0334238366461642,0.2623951182303585,0.21487022912496648,0.17562724014336917,0.1366715122934596,0.21012849584278157,0.1668512440262176,0.5244608222302114,0.2288958142640634,0.2524986945560354,0.10219410108365133,0.00022520105388325201,True
1,RandomForest,4.3500783461467,2.8660206178610514,6.60259786677216,4.9964754991900665e-12,0.6458897922312556,0.8304093567251462,0.02981882756487008,0.5045454545454545,0.1656858190480067,0.3164874551971326,0.15546551082953733,0.3844743935309973,0.1712712495838809,0.7815717227179135,0.06070302510992177,0.45059537290316126,0.12247355464945776,1.4989426497570202e-11,True
2,XGBoost,3.9279160541714018,2.7257113551107954,5.660366237858774,2.155316443992659e-13,0.7180819030412526,0.7777777777777778,0.051647724364490354,0.4382832080200501,0.09418629229709072,0.5863799283154122,0.13693069801317528,0.48759479909168224,0.06087037139792654,0.7862441125310035,0.059325017809807964,0.4563854543639673,0.09135010337528311,1.2931898663955956e-12,True
3,LogisticRegression,2.963828468528495,2.0125562143672098,4.364737306789678,3.767629229450833e-08,0.6395475760313158,0.7758284600389863,0.015348943224194554,0.3751278159880311,0.04497279739479423,0.39068100358422936,0.08881370389508149,0.3813486911459547,0.06415058240565877,0.7170764744546488,0.06736680986121371,0.3651606123225079,0.09576526695021972,5.65144384417625e-08,True
4,ANN,2.4006316546843625,1.53860663628495,3.745617759317442,0.0001141572312608433,0.5584537789822343,0.7758284600389863,0.028781331501429634,0.33778735632183904,0.07119278245544407,0.22831541218637993,0.026576523171206637,0.26876953680022736,0.028230246302202968,0.6862007168458781,0.03735785265691065,0.3137225923969044,0.024557720326548526,0.00013698867751301197,True
5,Ensemble (Mean),4.113657323539975,2.7233785771289396,6.213670298219755,1.8048974089890506e-11,0.6327725082806384,0.8089668615984406,0.034541998336587436,0.46209860755896565,0.12139685767834421,0.31505376344086017,0.07972956951361991,0.37300188647706384,0.09291445182417754,0.7612498320459885,0.0516663688759141,0.40972932458546407,0.09049386258888978,3.609794817978101e-11,True
