,Model,HR,CI_lower,CI_upper,p,cindex,accuracy_mean,accuracy_std,precision_mean,precision_std,recall_mean,recall_std,f1_mean,f1_std,roc_auc_mean,roc_auc_std,pr_auc_mean,pr_auc_std,Sig
0,SVM,2.7740117058989666,1.9358566553654937,3.9750572043319177,2.7166910265714254e-08,0.665758244790948,0.7313467543684804,0.022508928746803377,0.47415028665028663,0.06561473408772352,0.37544045102184637,0.1477146390957346,0.39504508360440566,0.08285702647499335,0.7006371978811177,0.04500185155904574,0.45153073604788796,0.03915755700869793,True
1,RandomForest,3.838383531558749,2.812242063663421,5.238947360082134,2.354687856727336e-17,0.70506761418518,0.7601156069364162,0.021780532959664527,0.5305366911903415,0.05232070248822324,0.4691684284707541,0.038406520929488056,0.4940660306513965,0.012876417538234907,0.7120343633524887,0.03892227135066167,0.47487196903941276,0.04837602220799347,True
2,XGBoost,4.051575879432791,2.9208807994225086,5.619971588723197,5.280724047740968e-17,0.721194977231958,0.761975948441964,0.007807332120478456,0.5307548928238583,0.02222109788921969,0.44608879492600423,0.05727787392872757,0.48133957712501774,0.026538770489708458,0.6891001950295399,0.039498184555555656,0.4557317199834214,0.04110336395601274,True
3,LogisticRegression,3.525073703570311,2.529872818023296,4.911766523232585,9.78021761348395e-14,0.7048606319856492,0.7601045334750736,0.01739973089987852,0.5239864864864865,0.04591198400352575,0.43798449612403106,0.04486758489453576,0.47626984126984123,0.040424959797797776,0.6921147835536261,0.04525230158676773,0.4561568991221641,0.036188702828559294,True
4,ANN,2.958138077966121,2.131245107207321,4.105853831040311,8.951143087535851e-11,0.673778805022768,0.7351560250703164,0.016440484298646117,0.4694889397406559,0.02678964047114561,0.3918252290345314,0.06496448020573088,0.42190016103059574,0.03188243135784754,0.646475346950227,0.023270309742818,0.40125143478138076,0.008821531211303869,True
5,Ensemble,4.141418994094535,2.9220925765096983,5.869544114558297,1.388743626237247e-15,0.7047226438526287,0.7600934600137311,0.009344807357285025,0.5374269005847953,0.03235984873042556,0.3986962649753347,0.1289036334522194,0.44170325589266746,0.07232978176763555,0.7098238733868061,0.03366973566692084,0.48141383285753747,0.04927019951211915,True
