,Model,HR,CI_lower,CI_upper,p,cindex,accuracy_mean,accuracy_std,precision_mean,precision_std,recall_mean,recall_std,f1_mean,f1_std,roc_auc_mean,roc_auc_std,pr_auc_mean,pr_auc_std,Sig
0,SVM,1.8217062017089218,1.5791708114575604,2.101491150461232,1.906955442681322e-16,0.7478956809714364,0.7658627333731977,0.013891470782769049,0.5504761904761905,0.051181062257312004,0.33051444679351655,0.036875195072448574,0.4128540305010893,0.042385787490944904,0.6924994268705434,0.046120765541986075,0.46749589108045536,0.05788586814196054,True
1,RandomForest,1.9906500330430832,1.7151342170069899,2.3104241724997774,1.329468558248669e-19,0.7609700565751345,0.7447677895156469,0.023625851950886973,0.4936208445642407,0.047978100149911364,0.5146229739252995,0.07254226992678388,0.500134085745919,0.041911325790452855,0.7105875114884523,0.04129243844593516,0.46668324531800454,0.04361259691341802,True
2,XGBoost,1.4822165281982271,1.2350209860166,1.778889477457411,2.362367906627624e-05,0.6860080033117152,0.7562509689278674,0.014865749639185206,0.5388888888888889,0.10914934835771387,0.2441860465116279,0.18188167762248167,0.2979904605520369,0.16066862045019947,0.6697796906921707,0.03204344335536104,0.4492115902014728,0.051547644484834704,True
3,LogisticRegression,1.5560265810211675,1.3470631029334623,1.7974055673945804,1.86517884569744e-09,0.7301987029115496,0.7313799747525082,0.06215506922464827,0.4924075924075925,0.0986488668075215,0.4998238195912614,0.041285652509656455,0.4869365489520528,0.045430830853153074,0.6889715616060371,0.044444786319424445,0.4531449771203477,0.03743287559486313,True
4,ANN,1.6173827270027923,1.4007823661893537,1.8674755970288788,5.589697248408037e-11,0.7137091210155927,0.7197528403428345,0.019767961581097292,0.4468754181720862,0.037805657779203306,0.4846723044397463,0.01969599264363637,0.4637166236003445,0.018332929171121934,0.6513250877177738,0.020955261592889962,0.44339552688230927,0.015415566992424986,True
5,Ensemble,1.664004957465676,1.4714613156108711,1.8817433180843381,4.807705743381364e-16,0.7513108872636953,0.7658627333731977,0.013891470782769049,0.5567595459236326,0.07210292278655345,0.30637773079633546,0.12415232271001572,0.3818428184281843,0.10080936555473118,0.6975924838520258,0.04317977766491271,0.4693599864131972,0.0519407747045582,True
