,Model,HR,CI_lower,CI_upper,p,cindex,accuracy_mean,accuracy_std,precision_mean,precision_std,recall_mean,recall_std,f1_mean,f1_std,roc_auc_mean,roc_auc_std,pr_auc_mean,pr_auc_std,Sig
0,SVM,3.678088053768351,2.590678645776112,5.221925827554986,3.2546201583572755e-13,0.6969608113702221,0.7505149159524285,0.015968630051328724,0.5109166196122717,0.04616251179185345,0.3768498942917547,0.05736072645931826,0.42751888634241575,0.023850231067924603,0.6933514086363367,0.03669574542894759,0.42212288016359545,0.017539940733065647,True
1,RandomForest,3.1933695040292034,2.265714188882129,4.500836354074772,3.334334306143468e-11,0.6732958465571961,0.7562398954665249,0.025818206727433422,0.5042735042735043,0.06830926223566573,0.39358703312191684,0.11798458788681722,0.4378560315759524,0.10320220910769219,0.6904702744441783,0.02921114778073332,0.4650457876156258,0.0495481631230812,True
2,XGBoost,2.520569751704491,1.7900418721477307,3.549230871110768,1.1946461327004516e-07,0.6287601766248103,0.7408810045844131,0.014095154874773412,0.49410866910866913,0.056956287922805084,0.33967582804792107,0.11322576337428508,0.38277584686939514,0.07762910105873003,0.7027223131918676,0.02062802406422066,0.4390393425053222,0.021725392647427448,True
3,LogisticRegression,3.346433496824983,2.416887334794349,4.6334874561396,3.461105723575734e-13,0.7052228508348282,0.7505149159524285,0.02678450331145148,0.5050296665075359,0.05206103090034789,0.4540169133192389,0.059087977930909065,0.4753871207359579,0.04355757977220929,0.6843756737374703,0.030833770410320867,0.48447462992970514,0.02502401820443911,True
4,ANN,2.3275602185695696,1.7496333766178298,3.096383873026085,6.5742586415684334e-09,0.6596867669380433,0.6143999291298474,0.08890149804489555,0.3385964912280701,0.043894722818234415,0.485200845665962,0.20651290055760496,0.37219177195721187,0.043344819251033145,0.6222533443241769,0.02260335048744256,0.3556382608911641,0.04154926936007251,True
5,Ensemble,2.6656259097179666,1.8618126307828944,3.8164750700890027,8.584983405425323e-08,0.639523251000414,0.7351006577636038,0.0129198112429076,0.4632636555928829,0.046251568475706176,0.3160676532769556,0.12185674338585735,0.36087814893785036,0.07520288353719677,0.6997250323497438,0.03093445929556595,0.44173490527665854,0.027612138008627038,True
