,Model,HR,CI_lower,CI_upper,p,cindex,accuracy_mean,accuracy_std,precision_mean,precision_std,recall_mean,recall_std,f1_mean,f1_std,roc_auc_mean,roc_auc_std,pr_auc_mean,pr_auc_std,Sig
0,SVM,1.2767054205606667,0.9576120697233688,1.7021263436663348,0.09595487020178223,0.5427418242031186,0.5665847230527318,0.21247588358956787,0.36564358203216196,0.13340261933900743,0.4992952783650458,0.10722774473081949,0.3881041057018711,0.07096521512386404,0.6006036894639771,0.15154648444473628,0.36973872552046944,0.09362298511758949,False
1,RandomForest,3.5744150943444133,2.5258572292338775,5.058260268555411,6.467415028235313e-13,0.7032910169725404,0.7677784421854583,0.02291025559438946,0.5404761904761904,0.05241701500304244,0.4238900634249471,0.07534756379581199,0.4742814869397147,0.06824783446954667,0.7026157359416724,0.0214647804364319,0.4740815135053598,0.050993326225835515,True
2,XGBoost,3.288330870609955,2.3796807957802226,4.5439371254249,5.433744843272438e-13,0.7005312543121291,0.7504595486457157,0.00783721048417142,0.4974891983820555,0.020366544913589225,0.4540169133192389,0.09623031340201012,0.4708713544462337,0.05858760927612399,0.6941611557269288,0.02270266578114685,0.4505194254909138,0.05860236856269519,True
3,LogisticRegression,3.5144432147777205,2.5098056767988925,4.92122207869516,2.5365985545412055e-13,0.707758382779081,0.7466613514052223,0.02462297613070545,0.4935655096040019,0.04651871294729858,0.43093727977448903,0.07750816755354029,0.45671834625323,0.05527692885085631,0.6870378393722971,0.024994210289227256,0.49296440356752136,0.015766484023899484,True
4,ANN,2.4921116568058235,1.7756086963910684,3.4977416604292246,1.2949468019587133e-07,0.6470436042500345,0.7159657165636834,0.015892704862755205,0.42166666666666663,0.0164991582276861,0.3534178999295278,0.0692440558486951,0.3792207826680151,0.03943570481774828,0.6514725599272023,0.022725193868403833,0.41666715037495433,0.015243269275569413,True
5,Ensemble,3.7742398598115483,2.5936765471108796,5.492159974711499,3.93053662764063e-12,0.6698633917483097,0.7581556042787855,0.018781556728302253,0.5297034662392307,0.05973137915507022,0.33104298801973225,0.03152497227914151,0.40592865592865596,0.031866683763690465,0.6993124515581467,0.024022688648291785,0.4372150874959823,0.035488623803171374,True
