,Model,HR,CI_lower,CI_upper,p,cindex,accuracy_mean,accuracy_std,precision_mean,precision_std,recall_mean,recall_std,f1_mean,f1_std,roc_auc_mean,roc_auc_std,pr_auc_mean,pr_auc_std,Sig
0,SVM,1.7786370241200904,1.5270021456643466,2.0717388463094917,1.372830433652551e-13,0.75,0.7217239164618077,0.013671909037221762,0.4346801346801347,0.01151938410407812,0.3609936575052854,0.10734029066196485,0.38315406234817323,0.06901674997224125,0.6863798474441115,0.01131599110747878,0.4334293595625618,0.03318621043478339,True
1,RandomForest,1.9317351565585859,1.6507729354326768,2.260517261331493,2.203705575243832e-16,0.7682834276252243,0.7620091688259917,0.033195270998648566,0.5318446789035024,0.07622351259268716,0.42353770260747003,0.05104247769480427,0.47140016145864094,0.061418848984544874,0.7079831346829394,0.014042329265849274,0.4729009739610883,0.03767817585388205,True
2,XGBoost,1.539827343529242,1.326015015533421,1.7881156850448667,1.517684663545749e-08,0.6694149303159929,0.7562066750824973,0.012459056411811808,0.5213227513227513,0.034518203846628584,0.4075052854122621,0.059502569370221955,0.45245098039215687,0.028825863584292465,0.6935229957331858,0.016331429062839808,0.4385375580513197,0.030247893187276147,True
3,LogisticRegression,1.2102442858347238,1.1219106879045921,1.3055328264420267,8.022743704135986e-07,0.7478956809714364,0.7351228046862888,0.014095946511860812,0.4626769626769627,0.029249210237743926,0.4004580690627202,0.05083590978363236,0.4288915154288038,0.04180582689565483,0.6899932424519678,0.0031198823523036,0.445590619963861,0.01998961912785757,True
4,ANN,1.5131649725255487,1.3080459682451757,1.7504493646733041,2.5028938446359452e-08,0.6830412584517731,0.6852036409540895,0.052000085467449254,0.37696638516310643,0.08758687561237113,0.33756166314305847,0.09102101266087423,0.3461588242907738,0.05894544566280714,0.6668359674528679,0.0077980394504362175,0.41616940138123043,0.05032884030323043,True
5,Ensemble,2.0197740871722565,1.7056254502504342,2.3917838248799215,3.632449711801283e-16,0.772423071615841,0.7581002369720727,0.02981977255146756,0.5113960113960114,0.07718642270167561,0.4149048625792812,0.11336521397575404,0.45472489934995214,0.10008181968095374,0.6999877201324033,0.0197018812069652,0.4385223053943668,0.03568689446320426,True
