,Model,HR,CI_lower,CI_upper,p,cindex,accuracy_mean,accuracy_std,precision_mean,precision_std,recall_mean,recall_std,f1_mean,f1_std,roc_auc_mean,roc_auc_std,pr_auc_mean,pr_auc_std,Sig
0,SVM,2.8322223949248393,2.006998020379617,3.9967571531518287,3.137055517029991e-09,0.6686214985511246,0.7217239164618077,0.013671909037221762,0.4346801346801347,0.01151938410407812,0.3609936575052854,0.10734029066196485,0.38315406234817323,0.06901674997224125,0.6863798474441115,0.01131599110747878,0.4334293595625618,0.03318621043478339,True
1,RandomForest,3.531811658731988,2.514113532511765,4.9614679016874605,3.4341875055622954e-13,0.6965295984545329,0.7620091688259917,0.033195270998648566,0.5318446789035024,0.07622351259268716,0.42353770260747003,0.05104247769480427,0.47140016145864094,0.061418848984544874,0.7079831346829394,0.014042329265849274,0.4729009739610883,0.03767817585388205,True
2,XGBoost,3.7683132347272417,2.721989427052273,5.216840482146291,1.3070159108430945e-15,0.6698978887815648,0.7562066750824973,0.012459056411811808,0.5213227513227513,0.034518203846628584,0.4075052854122621,0.059502569370221955,0.45245098039215687,0.028825863584292465,0.6935229957331858,0.016331429062839808,0.4385375580513197,0.030247893187276147,True
3,LogisticRegression,2.980839758362571,2.128786553591359,4.1739298146378045,2.0343858968910595e-10,0.6764350765834138,0.7351228046862888,0.014095946511860812,0.4626769626769627,0.029249210237743926,0.4004580690627202,0.05083590978363236,0.4288915154288038,0.04180582689565483,0.6899932424519678,0.0031198823523036,0.445590619963861,0.01998961912785757,True
4,ANN,2.0752539647521133,1.5113495121087803,2.8495586121639547,6.396188985390975e-06,0.6363150269076859,0.6871636436117202,0.01116590430493049,0.3742959549411162,0.013985151340243366,0.39252995066948554,0.125103474026475,0.37551105923198946,0.0653014189638374,0.6190805762082169,0.036274470071453166,0.38186170918827256,0.043275573995892894,True
5,Ensemble,4.308788647914088,3.140821543474017,5.911083885351256,1.3698948738644372e-19,0.7064474955153857,0.7658184395278277,0.024236561515188642,0.5427248677248677,0.059093980112061587,0.46124031007751937,0.03334234599628924,0.4964179391145683,0.029345466673660833,0.7000619476387273,0.016765344881769305,0.4375310758584057,0.02971977893087915,True
