,Model,HR,CI_lower,CI_upper,p,cindex,accuracy_mean,accuracy_std,precision_mean,precision_std,recall_mean,recall_std,f1_mean,f1_std,roc_auc_mean,roc_auc_std,pr_auc_mean,pr_auc_std,Sig
0,SVM,1.2904625473638147,0.9532771215212013,1.7469144580867495,0.09888274278529416,0.5548330343590451,0.6002369720727305,0.1966784331097074,0.37963337831758875,0.1516355540352176,0.39235377026074697,0.057122133607632714,0.3551120254249582,0.07094878602933949,0.5653363545738834,0.15337034610765474,0.3598006862708898,0.1178223134559381,False
1,RandomForest,3.9900768576004193,2.8112352881896374,5.663244694047278,9.552972820417728e-15,0.6906995998344142,0.7581445308174429,0.03551121106382881,0.533033033033033,0.09843713755605861,0.37702607470049326,0.030014854741433204,0.4401021155967883,0.0528556826636099,0.6935072708816717,0.012367852348183302,0.4677353661716365,0.03856025029798708,True
2,XGBoost,3.993826604157693,2.8884858907544726,5.522149509240449,5.462747488757406e-17,0.7206947702497585,0.7619427280579364,0.03062657572450455,0.5205980066445183,0.06195634735881868,0.4619450317124736,0.10203264436624564,0.4883025243490359,0.08385560001911253,0.7012753475295638,0.02772316551590694,0.49045773898395845,0.05278679992113838,True
3,LogisticRegression,3.301586058574748,2.3400412269989435,4.658238656826904,1.0421340879048193e-11,0.6996860769973782,0.738976369233495,0.023934456103864143,0.47336829836829836,0.0475420435546349,0.40803382663847776,0.056912544353967476,0.43753963221306275,0.050549247397379454,0.6900023152774795,0.007459817190491951,0.44488240139451457,0.02640745817916034,True
4,ANN,2.161957727354882,1.537288725774123,3.040457616389398,9.352169959450201e-06,0.6134262453429005,0.692855402741789,0.030257628783132682,0.35324766150887316,0.07596239841812397,0.27660324171952083,0.06410449521017339,0.3089894084253472,0.0665782149230609,0.6166893021766092,0.02889617050349286,0.35166110318007204,0.0414456262492088,True
5,Ensemble,3.9802977764435243,2.7566886141020874,5.74702935547967,1.6988642211544844e-13,0.6843004001655858,0.735045290456891,0.04227838549550539,0.45818355301113917,0.12352230357086415,0.33051444679351655,0.08859895373706345,0.38286095171854173,0.10099373892137506,0.6801093146157942,0.027999562993062766,0.4315696767483961,0.06026173634178414,True
