,Model,HR,CI_lower,CI_upper,p,cindex,accuracy_mean,accuracy_std,precision_mean,precision_std,recall_mean,recall_std,f1_mean,f1_std,roc_auc_mean,roc_auc_std,pr_auc_mean,pr_auc_std,Sig
0,SVM,1.7786370241200904,1.5270021456643466,2.0717388463094917,1.372830433652551e-13,0.75,0.7217239164618077,0.013671909037221762,0.4346801346801347,0.01151938410407812,0.3609936575052854,0.10734029066196485,0.38315406234817323,0.06901674997224125,0.6863798474441115,0.01131599110747878,0.4334293595625618,0.03318621043478339,True
1,RandomForest,1.9317351565585859,1.6507729354326768,2.260517261331493,2.203705575243832e-16,0.7682834276252243,0.7620091688259917,0.033195270998648566,0.5318446789035024,0.07622351259268716,0.42353770260747003,0.05104247769480427,0.47140016145864094,0.061418848984544874,0.7079831346829394,0.014042329265849274,0.4729009739610883,0.03767817585388205,True
2,XGBoost,1.539827343529242,1.326015015533421,1.7881156850448667,1.517684663545749e-08,0.6694149303159929,0.7562066750824973,0.012459056411811808,0.5213227513227513,0.034518203846628584,0.4075052854122621,0.059502569370221955,0.45245098039215687,0.028825863584292465,0.6935229957331858,0.016331429062839808,0.4385375580513197,0.030247893187276147,True
3,LogisticRegression,1.2102442858347238,1.1219106879045921,1.3055328264420267,8.022743704135986e-07,0.7478956809714364,0.7351228046862888,0.014095946511860812,0.4626769626769627,0.029249210237743926,0.4004580690627202,0.05083590978363236,0.4288915154288038,0.04180582689565483,0.6899932424519678,0.0031198823523036,0.445590619963861,0.01998961912785757,True
4,ANN,1.4342705652034338,1.2071345266607176,1.7041448229466176,4.1310030772208325e-05,0.6548571822823237,0.6871636436117202,0.01116590430493049,0.3742959549411162,0.013985151340243366,0.39252995066948554,0.125103474026475,0.37551105923198946,0.0653014189638374,0.6190805762082169,0.036274470071453166,0.38186170918827256,0.043275573995892894,True
5,Ensemble,1.9804670631485155,1.6777633599078547,2.337784864029646,6.781725742205439e-16,0.7671450255278046,0.7658184395278277,0.024236561515188642,0.5427248677248677,0.059093980112061587,0.46124031007751937,0.03334234599628924,0.4964179391145683,0.029345466673660833,0.7000619476387273,0.016765344881769305,0.4375310758584057,0.02971977893087915,True
