,Model,HR,CI_lower,CI_upper,p,cindex,accuracy_mean,accuracy_std,precision_mean,precision_std,recall_mean,recall_std,f1_mean,f1_std,roc_auc_mean,roc_auc_std,pr_auc_mean,pr_auc_std,Sig
0,SVM,3.2762139769533225,2.2275623290065845,4.81853094883819,1.6498964008714457e-09,0.6382641092866014,0.7466945717892499,0.025654669647521878,0.48108922746603905,0.09720106849362092,0.2843551797040169,0.0706323057123386,0.3571910161009977,0.08281276405247642,0.6749146564719971,0.038166719378772834,0.43510796425656384,0.05178105515510301,True
1,RandomForest,3.3771059371581846,2.4087245595009064,4.734806421018173,1.6797625776162472e-12,0.6713812612115359,0.7255331871636436,0.0282241133440967,0.4540219265829022,0.07177631465454644,0.36980267794221283,0.07083285075819085,0.3997553044206188,0.04366707528356671,0.6745480967343207,0.015593727823592887,0.4522595567517807,0.052236074816379464,True
2,XGBoost,2.3876741726353465,1.6218882843409708,3.5150312199131486,1.029739665376298e-05,0.6401959431488892,0.7292317232520542,0.050568454654943466,0.4842911877394636,0.09031261713800405,0.3070824524312896,0.2071085945508859,0.3124607783737987,0.19016914853590305,0.6711451664496223,0.02969036552891821,0.44073855552690705,0.0627836179139905,True
3,LogisticRegression,2.848374488400216,2.084808614766246,3.8915980914050796,4.894768258961258e-11,0.6857665240789292,0.7063428786570106,0.00776582088696295,0.4135420848387528,0.010480992024272778,0.4302325581395349,0.07535744998148673,0.41900901694716125,0.04261544273843694,0.6789558243401667,0.0033825028981666707,0.4320947028710247,0.03935950891327476,True
4,ANN,2.7842920700903533,1.968448848566375,3.938269636629891,7.121181276252711e-09,0.6578756726921485,0.7178592784532589,0.04470171050992121,0.4322665638455112,0.11513622954404408,0.3382663847780127,0.05972281983858576,0.3768945096858376,0.07543908736939911,0.6560898729059567,0.011746556816389201,0.41481227596272313,0.035172403446823125,True
5,Ensemble,3.687494868229626,2.592249688016813,5.245489455000229,3.947011179844944e-13,0.670329101697254,0.7485881336788253,0.021359975001047124,0.5002178649237473,0.06320035758561872,0.3461945031712474,0.019352597925945743,0.4081759130958436,0.032149694025650453,0.6868992537730332,0.019809327174939034,0.4447251613742796,0.034613036872695645,True
