,Model,HR,CI_lower,CI_upper,p,cindex,accuracy_mean,accuracy_std,precision_mean,precision_std,recall_mean,recall_std,f1_mean,f1_std,roc_auc_mean,roc_auc_std,pr_auc_mean,pr_auc_std,Sig
0,SVM,0.7598029710206016,0.56921844770374,1.0141986035424482,0.062282390468161204,0.5734786808334483,0.4401036475981663,0.20836576968224996,0.27864646464646464,0.12438391877190644,0.4917195207892882,0.10111619740131607,0.321514012303486,0.0517806008787741,0.4396686277211752,0.16336487230481453,0.262359906979491,0.10431576740604698,False
1,RandomForest,2.98855158914459,2.143168482627516,4.16740012433775,1.0943656937267268e-10,0.6402476886987719,0.7351228046862888,0.023473601606677615,0.4873482726423903,0.07322669743328092,0.3548273431994362,0.09786373711685288,0.3925619007586221,0.04728336146457291,0.6676762848962388,0.017545939700345695,0.43287467217205694,0.02618035167624302,True
2,XGBoost,2.881780189679773,2.074699667376289,4.0028237302091245,2.7345231474811776e-10,0.6603939561197737,0.7160100104090538,0.029519064905162037,0.4384154570290642,0.06640018490972949,0.36046511627906974,0.10949183637074057,0.3793522785458269,0.057602904358345246,0.6772557609855675,0.01545401442241838,0.44396748388277957,0.03119552465890655,True
3,LogisticRegression,2.802774602435597,2.0774982828570274,3.7812524500645437,1.5232907842695787e-11,0.6669483924382503,0.7044714636901203,0.04299188332307674,0.4301118840188199,0.05097710583013208,0.44679351656095845,0.0818691232217483,0.4285481456213163,0.012979742930111138,0.6763525648267349,0.022898516141040486,0.40685947289726343,0.04259658196130828,True
4,ANN,2.633910030530309,1.9287630066000014,3.596855614292125,1.116083778154443e-09,0.652597626604112,0.7063650255796957,0.041494436162499065,0.42446633825944174,0.06341534160041877,0.39252995066948554,0.05168065431233009,0.4005692067182427,0.015216355617751878,0.653254630451506,0.03744383877849999,0.38785418339037364,0.05623066291669241,True
5,Ensemble,2.982399701755234,2.1638440048038925,4.110604997995606,2.467710871292301e-11,0.668845729267283,0.7217682103071779,0.029159365414686726,0.4448717948717949,0.0639056805535543,0.3918252290345314,0.04535473688429621,0.4129974772052664,0.03336762207153071,0.6831152751621419,0.01989304216395032,0.44668839645044783,0.022809728189534903,True
