,Model,HR,CI_lower,CI_upper,p,cindex,accuracy_mean,accuracy_std,precision_mean,precision_std,recall_mean,recall_std,f1_mean,f1_std,roc_auc_mean,roc_auc_std,pr_auc_mean,pr_auc_std,Sig
0,SVM,1.8040092176309621,1.5619396591190629,2.0835947395899996,1.007574554748651e-15,0.7318373119911687,0.7466945717892499,0.025654669647521878,0.48108922746603905,0.09720106849362092,0.2843551797040169,0.0706323057123386,0.3571910161009977,0.08281276405247642,0.6749146564719971,0.038166719378772834,0.43510796425656384,0.05178105515510301,True
1,RandomForest,1.8581293002077055,1.5839574879509941,2.17975830952175,2.8155050593678026e-14,0.7371326065958328,0.7255331871636436,0.0282241133440967,0.4540219265829022,0.07177631465454644,0.36980267794221283,0.07083285075819085,0.3997553044206188,0.04366707528356671,0.6745480967343207,0.015593727823592887,0.4522595567517807,0.052236074816379464,True
2,XGBoost,1.4198092798995015,1.209933278038352,1.6660905422462833,1.747188490093706e-05,0.6816268800883124,0.7292317232520542,0.050568454654943466,0.4842911877394636,0.09031261713800405,0.3070824524312896,0.2071085945508859,0.3124607783737987,0.19016914853590305,0.6711451664496223,0.02969036552891821,0.44073855552690705,0.0627836179139905,True
3,LogisticRegression,1.6138172221679472,1.3773949872310571,1.8908200267241004,3.1866822332570462e-09,0.7344073409686767,0.7063428786570106,0.00776582088696295,0.4135420848387528,0.010480992024272778,0.4302325581395349,0.07535744998148673,0.41900901694716125,0.04261544273843694,0.6789558243401667,0.0033825028981666707,0.4320947028710247,0.03935950891327476,True
4,ANN,1.4497967572507222,1.237813417783078,1.6980835779751269,4.120624564040553e-06,0.6912170553332413,0.6660465528314842,0.008636675167803094,0.3660459037817529,0.00842703472795684,0.46159267089499645,0.004983134469249811,0.4082766439909297,0.006804610470804379,0.6378155884591176,0.016235898842175522,0.3638651930504402,0.03148268029709332,True
5,Ensemble,1.7918567741125753,1.5244731429820157,2.106137922936831,1.507292138525305e-12,0.7535186973920243,0.7543352601156069,0.01323675640183122,0.5135005973715652,0.04469169799961127,0.3461945031712474,0.019352597925945743,0.41308991800984857,0.025380358246285144,0.6892456188701529,0.021814639741028402,0.439259669736147,0.05109482528361434,True
