,Model,HR,CI_lower,CI_upper,p,cindex,accuracy_mean,accuracy_std,precision_mean,precision_std,recall_mean,recall_std,f1_mean,f1_std,roc_auc_mean,roc_auc_std,pr_auc_mean,pr_auc_std,Sig
0,SVM,3.2762139769533225,2.2275623290065845,4.81853094883819,1.6498964008714457e-09,0.6382641092866014,0.7466945717892499,0.025654669647521878,0.48108922746603905,0.09720106849362092,0.2843551797040169,0.0706323057123386,0.3571910161009977,0.08281276405247642,0.6749146564719971,0.038166719378772834,0.43510796425656384,0.05178105515510301,True
1,RandomForest,3.3771059371581846,2.4087245595009064,4.734806421018173,1.6797625776162472e-12,0.6713812612115359,0.7255331871636436,0.0282241133440967,0.4540219265829022,0.07177631465454644,0.36980267794221283,0.07083285075819085,0.3997553044206188,0.04366707528356671,0.6745480967343207,0.015593727823592887,0.4522595567517807,0.052236074816379464,True
2,XGBoost,2.3876741726353465,1.6218882843409708,3.5150312199131486,1.029739665376298e-05,0.6401959431488892,0.7292317232520542,0.050568454654943466,0.4842911877394636,0.09031261713800405,0.3070824524312896,0.2071085945508859,0.3124607783737987,0.19016914853590305,0.6711451664496223,0.02969036552891821,0.44073855552690705,0.0627836179139905,True
3,LogisticRegression,2.848374488400216,2.084808614766246,3.8915980914050796,4.894768258961258e-11,0.6857665240789292,0.7063428786570106,0.00776582088696295,0.4135420848387528,0.010480992024272778,0.4302325581395349,0.07535744998148673,0.41900901694716125,0.04261544273843694,0.6789558243401667,0.0033825028981666707,0.4320947028710247,0.03935950891327476,True
4,ANN,2.13184881531453,1.5842451721432411,2.8687348721470767,5.807135072264337e-07,0.6417655581619981,0.6660465528314842,0.008636675167803094,0.3660459037817529,0.00842703472795684,0.46159267089499645,0.004983134469249811,0.4082766439909297,0.006804610470804379,0.6378155884591176,0.016235898842175522,0.3638651930504402,0.03148268029709332,True
5,Ensemble,3.743116978367042,2.6337957760930717,5.319670128153667,1.8388108865523486e-13,0.6699496343314475,0.7543352601156069,0.01323675640183122,0.5135005973715652,0.04469169799961127,0.3461945031712474,0.019352597925945743,0.41308991800984857,0.025380358246285144,0.6892456188701529,0.021814639741028402,0.439259669736147,0.05109482528361434,True
