,Model,HR,CI_lower,CI_upper,p,cindex,accuracy_mean,accuracy_std,precision_mean,precision_std,recall_mean,recall_std,f1_mean,f1_std,roc_auc_mean,roc_auc_std,pr_auc_mean,pr_auc_std,Sig
0,SVM,0.7598029710206016,0.56921844770374,1.0141986035424482,0.062282390468161204,0.5734786808334483,0.4401036475981663,0.20836576968224996,0.27864646464646464,0.12438391877190644,0.4917195207892882,0.10111619740131607,0.321514012303486,0.0517806008787741,0.4396686277211752,0.16336487230481453,0.262359906979491,0.10431576740604698,False
1,RandomForest,2.740310976845691,1.9420427359837453,3.8667039147401323,9.578110371437363e-09,0.6124948254450118,0.735167098531659,0.021010993433049855,0.45378904249871993,0.044348142248942506,0.30179704016913317,0.1695000206267321,0.3298799769388005,0.15009954645766865,0.6630861076316429,0.010073142073674142,0.4280989109375734,0.027916926978132053,True
2,XGBoost,1.773461010101235,1.2839673408129226,2.4495669433133584,0.000507451900237853,0.5967641782806679,0.6811396806413749,0.09002318035417964,0.5823013415892674,0.3058208328742586,0.3523608174770965,0.23387629080648345,0.30121962660662355,0.1912456170457099,0.6486285963873395,0.05175281578903855,0.42772518771732543,0.027027095395945402,True
3,LogisticRegression,2.8942412574269527,2.13785378894803,3.9182438478705426,6.153230635888134e-12,0.6718814681937353,0.7063871725023807,0.0444413281170525,0.4348653005369423,0.055033236952742065,0.44679351656095845,0.0818691232217483,0.4303241473973181,0.010479016278259956,0.6771684156425858,0.023927629182483506,0.4060544507541812,0.04259984924276662,True
4,ANN,1.744328712596727,1.3202668122836727,2.304596790043075,9.040887189557044e-05,0.5829481164619843,0.6181427590636281,0.08795098745194992,0.3443661314957967,0.03699441365905454,0.5162085976039464,0.19564562701046276,0.3935750073681108,0.03745566070617568,0.6448345000759345,0.009720379438453023,0.3779377195980718,0.024882222571053346,True
5,Ensemble,2.9998336579181664,2.1831828260764325,4.121964440033405,1.2381284112188768e-11,0.6713812612115359,0.7331517285673156,0.024264412480656035,0.47193186217576466,0.04897272220468349,0.41525722339675825,0.04889379322826495,0.436384824785819,0.010260451143084747,0.6729653387029563,0.026636366223702496,0.42326225341434126,0.015323583779662975,True
