,Model,HR,CI_lower,CI_upper,p,cindex,accuracy_mean,accuracy_std,precision_mean,precision_std,recall_mean,recall_std,f1_mean,f1_std,roc_auc_mean,roc_auc_std,pr_auc_mean,pr_auc_std,Sig
0,SVM,3.5740885971278615,2.542376420145693,5.024475997691709,2.314279402691164e-13,0.6863874706775217,0.7466724248665648,0.016462442410641244,0.5004208754208754,0.041034813947933006,0.38460183227625083,0.0664706991967776,0.4280545325321445,0.028773315288026315,0.7169469207637147,0.03641979432999866,0.4612377910173871,0.02385971045245575,True
1,RandomForest,3.8012290395807073,2.745711037429357,5.262513794925671,8.565199239210322e-16,0.6968918173037119,0.7447788629769893,0.04304541720299425,0.5136542072025944,0.0883026042372104,0.42318534178999295,0.0485056374134468,0.4545646386912541,0.01938503525872998,0.7135659845805417,0.047590568022839314,0.4667969013331487,0.05784917772500861,True
2,XGBoost,3.351068489288888,2.457645867878221,4.569275080139963,2.1095554561457485e-14,0.6942355457430661,0.7179478661439993,0.057267242286971595,0.4640456989247312,0.08732551810477457,0.43868921775898523,0.051879671185693,0.4402248042434958,0.02087341105170057,0.6901135375660495,0.05998574400310445,0.4402385990369091,0.08871914526486514,True
3,LogisticRegression,3.266577457746481,2.369448722241586,4.503380126902577,4.982304559340108e-13,0.6898889195529184,0.733240316258056,0.03527987057811031,0.47459086993970717,0.062251322146659085,0.4223044397463002,0.11855907417521117,0.4333956204556986,0.07767960379953462,0.6998413238338678,0.04816908190078385,0.46748801368436194,0.03226811999657011,True
4,ANN,2.716564078316977,1.98867701694507,3.7108692506230154,3.3854589162377444e-10,0.6622567959155513,0.6890682789626381,0.012168832185146455,0.3914204756596061,0.019705274882643824,0.43851303735024666,0.004733977745787318,0.4132682132682133,0.009571348190371124,0.6413080055632869,0.04507838025030751,0.39442879897894095,0.029437454470204565,True
5,Ensemble,3.3336113230445714,2.39322353786285,4.643512934464476,1.0737997263481206e-12,0.6624637781150821,0.733240316258056,0.026761873468099134,0.4622093023255814,0.06184873409780213,0.36046511627906974,0.10949183637074057,0.3948844090098764,0.08042216478914557,0.7044821516728138,0.052056811349185765,0.4429447390890929,0.06570774316509323,True
