,Model,HR,CI_lower,CI_upper,p,cindex,accuracy_mean,accuracy_std,precision_mean,precision_std,recall_mean,recall_std,f1_mean,f1_std,roc_auc_mean,roc_auc_std,pr_auc_mean,pr_auc_std,Sig
0,SVM,4.052890449767318,2.9037204725945913,5.65685338958881,1.9368385750218228e-16,0.7129846833172347,0.7562288220051823,0.003382611670017371,0.5117508813160987,0.008962053418446957,0.42212825933756165,0.10964254784795635,0.45551409618573796,0.07280985413000837,0.7134767563934971,0.03897886416421956,0.46093407182247437,0.02609498218782683,True
1,RandomForest,3.215590007115903,2.344381387346432,4.410553312559505,4.332801160611801e-13,0.6818166137712157,0.727526410205302,0.03469144543298087,0.464463601532567,0.07216414323774026,0.42265680056377736,0.04303492744540812,0.43731965080279683,0.03155643215686812,0.7085817239154714,0.05505074183914487,0.46913082602930656,0.07053369154687715,True
2,XGBoost,2.2039206848704387,1.5967504183875116,3.041969696244028,1.5392962470266947e-06,0.6361597902580378,0.6930215046619272,0.05603601230712057,0.5875,0.29208303613869807,0.36698379140239606,0.26213241173613633,0.3074291300097752,0.18678507781030204,0.683872706085559,0.039774188950287434,0.44476002345020654,0.07865337225749292,True
3,LogisticRegression,3.1071097503533855,2.2872330486156467,4.220877713613077,4.072493255443137e-13,0.6919069959983442,0.7198414280335749,0.04982341714965356,0.4661856661856662,0.07269838151007257,0.4455602536997885,0.134947522913415,0.4336569683537779,0.07082848290311715,0.7030771361900423,0.04896458271007133,0.47924268663700703,0.027639470609897854,True
4,ANN,3.538240790994974,2.5766416897555415,4.858707341744709,5.749847189979931e-15,0.6890092452049124,0.7370828073439196,0.03796666340711317,0.4843697478991597,0.07600740074252055,0.4307610993657505,0.009523524842663545,0.45244003308519437,0.03271783925904622,0.6869411832619714,0.04971199476376491,0.41387573435759334,0.05948761630939444,True
5,Ensemble,3.3959649807346572,2.448903742287128,4.709281933476655,2.317163734119367e-13,0.6860080033117152,0.7428631541647288,0.02349668992310977,0.5025793650793651,0.0719168715056172,0.406800563777308,0.09982233327177094,0.43482726423902895,0.049253189427186234,0.711291891728604,0.04554217809155875,0.465826862772963,0.058323346486312475,True
