,Model,HR,CI_lower,CI_upper,p,cindex,accuracy_mean,accuracy_std,precision_mean,precision_std,recall_mean,recall_std,f1_mean,f1_std,roc_auc_mean,roc_auc_std,pr_auc_mean,pr_auc_std,Sig
0,SVM,2.010669113590155,1.7503185616037964,2.3097454217939952,5.496293044611168e-23,0.7754933075755485,0.7562288220051823,0.003382611670017371,0.5117508813160987,0.008962053418446957,0.42212825933756165,0.10964254784795635,0.45551409618573796,0.07280985413000837,0.7134767563934971,0.03897886416421961,0.46118960403892273,0.025728466164678512,True
1,RandomForest,1.956106788329208,1.6601584690132165,2.3048123650641377,1.0880970465078524e-15,0.7493790534014074,0.727526410205302,0.03469144543298087,0.47042735042735045,0.07164983314780886,0.42265680056377725,0.0688218498805015,0.4349091499402837,0.02643696661747673,0.7162676795953913,0.04302604614051817,0.47899188799911635,0.05575743561700768,True
2,XGBoost,1.5039215321994794,1.2771267642620265,1.7709909762326328,9.934479242811443e-07,0.7259210707879122,0.7544017008836622,0.03277908784682572,0.5861111111111111,0.1774736982773699,0.2244538407329105,0.14295865042019312,0.2855360837288548,0.14420706081924103,0.6878561109876572,0.039286376799600224,0.4613178067767731,0.08876827135817088,True
3,LogisticRegression,1.7198092085364782,1.4320500288441125,2.0653913300460793,6.4815940862465385e-09,0.7464123085414655,0.7198414280335749,0.04982341714965356,0.4661856661856662,0.07269838151007257,0.4455602536997885,0.134947522913415,0.4336569683537779,0.07082848290311715,0.7031954863882789,0.04880135695062173,0.4792712858421379,0.02760765732129121,True
4,ANN,1.5782470632567036,1.346181564829704,1.8503178603500718,1.8723505251950172e-08,0.7430660963157169,0.7102407370495869,0.0299528061630804,0.4294092370099177,0.043938208512753076,0.4536645525017618,0.02528296290194383,0.43967918386523036,0.02591977329850738,0.6857093273612002,0.04660604147362286,0.42077123747908995,0.04648489371899096,True
5,Ensemble,1.7223355946278989,1.535208697214145,1.9322714272693124,1.953592971465584e-20,0.7705602318200635,0.7333178304874538,0.044565862968074736,0.5305692391899288,0.1464122738130455,0.4603594080338267,0.15051149134185585,0.45105551799263766,0.06145669902440719,0.7132148341628192,0.04222041459623018,0.4804960745859616,0.07108763151195802,True
