,Model,HR,CI_lower,CI_upper,p,cindex,accuracy_mean,accuracy_std,precision_mean,precision_std,recall_mean,recall_std,f1_mean,f1_std,roc_auc_mean,roc_auc_std,pr_auc_mean,pr_auc_std,Sig
0,SVM,4.052890449767318,2.9037204725945913,5.65685338958881,1.9368385750218228e-16,0.7129846833172347,0.7562288220051823,0.003382611670017371,0.5117508813160987,0.008962053418446957,0.42212825933756165,0.10964254784795635,0.45551409618573796,0.07280985413000837,0.7134767563934971,0.03897886416421961,0.46118960403892273,0.025728466164678512,True
1,RandomForest,3.389062697747171,2.4521705515175216,4.6839099189709295,1.4350217168869078e-13,0.6939940665102801,0.727526410205302,0.03469144543298087,0.47042735042735045,0.07164983314780886,0.42265680056377725,0.0688218498805015,0.4349091499402837,0.02643696661747673,0.7162676795953913,0.04302604614051817,0.47899188799911635,0.05575743561700768,True
2,XGBoost,3.561794211032503,2.362548986414407,5.369784108052935,1.3225655183078135e-09,0.6026804194839244,0.7544017008836622,0.03277908784682572,0.5861111111111111,0.1774736982773699,0.2244538407329105,0.14295865042019312,0.2855360837288548,0.14420706081924103,0.6878561109876572,0.039286376799600224,0.4613178067767731,0.08876827135817088,True
3,LogisticRegression,3.1071097503533855,2.2872330486156467,4.220877713613077,4.072493255443137e-13,0.6919069959983442,0.7198414280335749,0.04982341714965356,0.4661856661856662,0.07269838151007257,0.4455602536997885,0.134947522913415,0.4336569683537779,0.07082848290311715,0.7031954863882789,0.04880135695062173,0.4792712858421379,0.02760765732129121,True
4,ANN,3.4123831838420213,2.477459068525125,4.700121645319412,5.752888725281611e-14,0.6884055471229474,0.7217571368458353,0.026048881513743228,0.45862338555837007,0.04816772782603362,0.4223044397463002,0.1342473905716774,0.41843740539691127,0.0677955009638054,0.6781878515590569,0.03850704619325134,0.412817536678378,0.0427256652103312,True
5,Ensemble,3.5366443931308638,2.5353223209332656,4.933437243931875,1.0224579662812499e-13,0.6890437422381676,0.7543906274223197,0.030032235678326028,0.557514353259034,0.12875811450154215,0.40662438336856943,0.11854833962268942,0.44343742802160646,0.062103434821765974,0.7128705840582282,0.0411474805386149,0.4803390899468997,0.07382621254938984,True
