,Model,HR,CI_lower,CI_upper,p,cindex,accuracy_mean,accuracy_std,precision_mean,precision_std,recall_mean,recall_std,f1_mean,f1_std,roc_auc_mean,roc_auc_std,pr_auc_mean,pr_auc_std,Sig
0,SVM,1.7826055195834003,1.5277211068393723,2.0800147515297187,2.0894626022180956e-13,0.7426176348834,0.7408920780457556,0.00780598129215822,0.4781550296892547,0.010510186195252569,0.4075052854122621,0.041686682360123864,0.43862628769371953,0.024421280341056863,0.6977506996524393,0.02242892489531469,0.4524046831614516,0.02566961485435637,True
1,RandomForest,1.8708600182802906,1.6111977991284716,2.1723696556021928,2.094624086759193e-16,0.744946184628122,0.7409142249684407,0.016451459564602876,0.48226950354609927,0.40901761291620464,0.16684284707540523,0.21971229841188927,0.168997668997669,0.2076882525981607,0.7105669553832167,0.016764009301441656,0.4379341205484573,0.032612481981337295,True
2,XGBoost,1.4847525721780042,1.2556246944172265,1.7556919757876939,3.8054015423923396e-06,0.6697254036152891,0.7504816955684008,0.0070716514805075435,0.5034722222222222,0.029869184955009107,0.2225158562367865,0.14257360797830615,0.275599128540305,0.16360974024768635,0.7215032171804762,0.023144777682940692,0.45511184751237993,0.005425344544359556,True
3,LogisticRegression,1.1386351216216486,1.0132438963786983,1.2795437947605315,0.029184578439875493,0.7256795915551263,0.7370938808052622,0.020586204968542843,0.47808265582655823,0.04047526066996914,0.4304087385482734,0.0436962932471596,0.44908628529831623,0.0077733797823131955,0.6844130099145188,0.04264008033748453,0.45806923877423183,0.04071922500824244,True
4,ANN,1.6356975497004729,1.401603469925056,1.9088897334416497,4.2586309411531353e-10,0.7192631433696702,0.7274599694372467,0.014840776663672358,0.44273685083789616,0.04909313434934265,0.42212825933756165,0.10964254784795635,0.42950332821300563,0.08168716173834005,0.655594509047376,0.023525173851621943,0.39239943353580425,0.04169700876852458,True
5,Ensemble,1.7672302454893998,1.5307790957713407,2.0402047226800097,7.860264638806184e-15,0.7669035462950187,0.7581888246628131,0.013552043836157051,0.5396296296296296,0.04366288112262716,0.23819591261451725,0.08886760563472199,0.319348075675136,0.09427759953796083,0.7198198821712047,0.01740123916571386,0.4595398278926705,0.021990969205788028,True
