,Model,HR,CI_lower,CI_upper,p,cindex,accuracy_mean,accuracy_std,precision_mean,precision_std,recall_mean,recall_std,f1_mean,f1_std,roc_auc_mean,roc_auc_std,pr_auc_mean,pr_auc_std,Sig
0,SVM,1.6291834966619474,1.40813883936533,1.8849269628781464,5.355372525543133e-11,0.7188836760038637,0.7293646047881647,0.004749882473380508,0.44560846560846556,0.0051210809026721125,0.3532417195207893,0.07307941268180146,0.3901510560067418,0.04944586679260738,0.6613107201692325,0.02141909646085402,0.4361571400330501,0.019678694169817133,True
1,RandomForest,1.8578682270844717,1.5946009858888233,2.164600661704753,1.9403848856065422e-15,0.7402028425555403,0.7446902752862489,0.014900032511428315,0.48968253968253966,0.030785740542947707,0.46124031007751937,0.027407239580873932,0.47415116807638996,0.0199195268494968,0.7019276702349666,0.022393876038756748,0.46154623405071193,0.04100600673397819,True
2,XGBoost,1.0399078686651853,0.8998045421420453,1.201825868468504,0.5961055321857326,0.5796019042362357,0.7408256372777003,0.02224513139699774,0.4809400762889135,0.046117589771595364,0.45331219168428466,0.05262871833129836,0.4654837499665086,0.04475682839145784,0.6956421884524139,0.022211566541307872,0.43726704618201656,0.016499104605640424,False
3,LogisticRegression,1.6790392195433483,1.4192357308078107,1.9864020046621145,1.5212433904658452e-09,0.7372705947288534,0.7447345691316191,0.014855715961703361,0.49116161616161613,0.02402310301823289,0.4302325581395349,0.049333031245573096,0.45572924405876347,0.016107856807637693,0.6806268484459501,0.018196130257579102,0.4386296797911366,0.036074764640345744,True
4,ANN,1.4499026650424713,1.2437963164269814,1.6901623765346423,2.04661735793588e-06,0.6372636953222023,0.5453347507363852,0.19517662221592155,0.31103341103341103,0.09166231764783471,0.4631782945736434,0.15103850983254818,0.34484865818199156,0.08404611822721263,0.5488622345758862,0.14809362577490828,0.3346807519757351,0.10648969043114374,True
5,Ensemble,1.8816244146991272,1.607052395961756,2.203108278789492,4.005004761189712e-15,0.7577273354491514,0.7428299337807012,0.013845352019344252,0.487031408308004,0.0290336762039533,0.4689922480620155,0.03594425773447946,0.4760683760683761,0.017051228498512816,0.6994930804446161,0.016679684239405364,0.458023316066696,0.019660554923962244,True
