,Model,HR,CI_lower,CI_upper,p,cindex,accuracy_mean,accuracy_std,precision_mean,precision_std,recall_mean,recall_std,f1_mean,f1_std,roc_auc_mean,roc_auc_std,pr_auc_mean,pr_auc_std,Sig
0,SVM,3.8970974416546027,2.792330872896906,5.438957330294709,1.2698184999674828e-15,0.6958051607561749,0.7408920780457556,0.00780598129215822,0.4781550296892547,0.010510186195252569,0.4075052854122621,0.041686682360123864,0.43862628769371953,0.024421280341056863,0.6977506996524393,0.02242892489531469,0.4524046831614516,0.02566961485435637,True
1,RandomForest,2.2904894248591403,1.4882500168574684,3.525175035085523,0.0001649854585451714,0.5522457568649096,0.7409142249684407,0.016451459564602876,0.48226950354609927,0.40901761291620464,0.16684284707540523,0.21971229841188927,0.168997668997669,0.2076882525981607,0.7105669553832167,0.016764009301441656,0.4379341205484573,0.032612481981337295,True
2,XGBoost,3.286321145435983,2.155487151887974,5.0104249804876435,3.2189977820102364e-08,0.6073547674899958,0.7504816955684008,0.0070716514805075435,0.5034722222222222,0.029869184955009107,0.2225158562367865,0.14257360797830615,0.275599128540305,0.16360974024768635,0.7215032171804762,0.023144777682940692,0.45511184751237993,0.005425344544359556,True
3,LogisticRegression,3.056969304448926,2.210211536673757,4.228129829783958,1.4521563446258177e-11,0.6811266731061129,0.7370938808052622,0.020586204968542843,0.47808265582655823,0.04047526066996914,0.4304087385482734,0.0436962932471596,0.44908628529831623,0.0077733797823131955,0.6844130099145188,0.04264008033748453,0.45806923877423183,0.04071922500824244,True
4,ANN,2.9846448049100847,2.128048747050679,4.186043493516181,2.3639178933273295e-10,0.6830585069684008,0.7274599694372467,0.014840776663672358,0.44273685083789616,0.04909313434934265,0.42212825933756165,0.10964254784795635,0.42950332821300563,0.08168716173834005,0.655594509047376,0.023525173851621943,0.39239943353580425,0.04169700876852458,True
5,Ensemble,3.274479773218424,2.1500697251513547,4.986916312428792,3.2642384733080684e-08,0.6161687594866841,0.7581888246628131,0.013552043836157051,0.5396296296296296,0.04366288112262716,0.23819591261451725,0.08886760563472199,0.319348075675136,0.09427759953796083,0.7198198821712047,0.01740123916571386,0.4595398278926705,0.021990969205788028,True
