,Model,HR,CI_lower,CI_upper,p,cindex,accuracy_mean,accuracy_std,precision_mean,precision_std,recall_mean,recall_std,f1_mean,f1_std,roc_auc_mean,roc_auc_std,pr_auc_mean,pr_auc_std,Sig
0,SVM,3.2180213596043674,2.288250159133552,4.525581011995262,1.8408085489397772e-11,0.662187801849041,0.7293646047881647,0.004749882473380508,0.44560846560846556,0.0051210809026721125,0.3532417195207893,0.07307941268180146,0.3901510560067418,0.04944586679260738,0.6605409886876247,0.02237359765004551,0.4360815860217581,0.02182887010120575,True
1,RandomForest,3.2136843151085595,2.3114233068484804,4.468141705837606,3.838591399199767e-12,0.702463088174417,0.74852169291077,0.015033266844140558,0.497089947089947,0.03233795603065776,0.46881606765327694,0.038120978689761005,0.48164180478050983,0.0284972066588221,0.7026269709342673,0.022794145172485427,0.46286600305853165,0.04046254673554208,True
2,XGBoost,2.991797060454906,2.15566131592376,4.1522522971615015,5.644619699427187e-11,0.684610873464882,0.7351449516089739,0.008795033496244288,0.4657335907335907,0.026337381563015953,0.4603594080338267,0.1120632048593558,0.4582051282051282,0.06370027614384498,0.6957207609834984,0.022980738003251233,0.447748737848855,0.020036470427549448,True
3,LogisticRegression,3.347262023799507,2.414735568000379,4.639913042424119,4.1294891679118133e-13,0.6937525872774941,0.7466502779438796,0.012211382191639992,0.49441220717816464,0.019616817275942198,0.4302325581395349,0.049333031245573096,0.45748111537585223,0.01856195501726362,0.6806851235042252,0.018251000102971485,0.4386610682547625,0.036076660178691815,True
4,ANN,3.181881257866905,2.2635413048905906,4.47280034929782,2.7059438143721882e-11,0.6758313785014489,0.7312249462937125,0.02436787568817359,0.45969320937228514,0.05194413032834708,0.3921775898520085,0.015269872219887574,0.42244839741630497,0.029539185830745208,0.6537366385315969,0.02822419393856933,0.39998190914228754,0.022973382977963093,True
5,Ensemble,3.5539567585926948,2.473346702610247,5.106687480819805,7.064099164927816e-12,0.689906168069546,0.7696720040750337,0.0006264095685217082,0.5527956989247312,0.005136589639783335,0.4069767441860465,0.07167923259266251,0.46501122971711206,0.04591025245576807,0.6993355629517533,0.020726956903177666,0.46866598874025733,0.03226611200097776,True
