,Model,HR,CI_lower,CI_upper,p,cindex,accuracy_mean,accuracy_std,precision_mean,precision_std,recall_mean,recall_std,f1_mean,f1_std,roc_auc_mean,roc_auc_std,pr_auc_mean,pr_auc_std,Sig
0,SVM,1.896718351085821,1.6354393753187038,2.1997394447254583,2.562520424822089e-17,0.758986477162964,0.7504816955684008,0.0024431478918176363,0.5004884004884005,0.011071458448382553,0.4076814658210007,0.02849986998434277,0.4485925011148846,0.015820876689481695,0.6889441672594522,0.019791334110751898,0.4534690173757429,0.023995961741505537,True
1,RandomForest,1.7969718780629695,1.5316287488580989,2.1082837031863026,6.483463848142357e-13,0.734234855802401,0.7313024605231103,0.02197094726791265,0.4624542124542124,0.03143040714602659,0.41472868217054265,0.08294935875594069,0.43122210630035357,0.046190574889283596,0.7109937299223646,0.02102033828839185,0.4578848318035533,0.017064409126097264,True
2,XGBoost,1.0813583206926916,0.9420892017081968,1.2412156042241835,0.26617152369946523,0.5646129432868773,0.7639138041769096,0.0006420698077348059,0.5338935574229692,0.006338212044249143,0.4230091613812544,0.00622891808656225,0.4720258644309277,0.006354622834927611,0.7051351364772277,0.011275438272618737,0.4677535159393697,0.03303718889074143,False
3,LogisticRegression,1.1233383496884453,1.0097478529326176,1.2497070869879512,0.03249122952832627,0.7455498827100869,0.7217792837685204,0.03707508963977167,0.46190189301455425,0.06296964236564896,0.4846723044397463,0.05720466910105258,0.46558704453441296,0.005725560981267567,0.6924414569985314,0.03339439433123728,0.46069674393671084,0.02995673555208706,True
4,ANN,1.6938943995213367,1.4589662556904663,1.9666515421714417,4.561566801458783e-12,0.7168828480750655,0.7485438398334551,0.01974353751240881,0.5009558500607093,0.05320363523922439,0.4307610993657505,0.04747661588599052,0.46033367381681983,0.032847861461834514,0.6905398362215333,0.03776063362510932,0.4340568428319158,0.049057938045627,True
5,Ensemble,1.904824385538813,1.6471739376598895,2.2027764383511657,3.608212935323918e-18,0.7545881054229336,0.7543684804996346,0.01836946059689986,0.5203588681849551,0.0629457094221132,0.3458421423537703,0.02865302319818637,0.4127279383044946,0.020775325620178683,0.7112600489042883,0.013500146255069612,0.461882646753157,0.019378327708703912,True
