,Model,HR,CI_lower,CI_upper,p,cindex,accuracy_mean,accuracy_std,precision_mean,precision_std,recall_mean,recall_std,f1_mean,f1_std,roc_auc_mean,roc_auc_std,pr_auc_mean,pr_auc_std,Sig
0,SVM,4.095072603205625,2.90546862071495,5.771743499814081,8.19132027944633e-16,0.7077756312957085,0.7504816955684008,0.0024431478918176363,0.5004884004884005,0.011071458448382553,0.4076814658210007,0.02849986998434277,0.4485925011148846,0.015820876689481695,0.6889441672594522,0.019791334110751898,0.4534690173757429,0.023995961741505537,True
1,RandomForest,2.885085263067357,2.0393046651736135,4.081644649432414,2.1555062507901574e-09,0.6775562301642059,0.7313024605231103,0.02197094726791265,0.4624542124542124,0.03143040714602659,0.41472868217054265,0.08294935875594069,0.43122210630035357,0.046190574889283596,0.7109937299223646,0.02102033828839185,0.4578848318035533,0.017064409126097264,True
2,XGBoost,3.3940085792791024,2.442325770380889,4.716526507609866,3.3733206489285975e-13,0.6855250448461432,0.7639138041769096,0.0006420698077348059,0.5338935574229692,0.006338212044249143,0.4230091613812544,0.00622891808656225,0.4720258644309277,0.006354622834927611,0.7051351364772277,0.011275438272618737,0.4677535159393697,0.03303718889074143,True
3,LogisticRegression,3.1578442234576305,2.322824795260385,4.293040163843645,2.1574864716780292e-13,0.6954256933903684,0.7217792837685204,0.03707508963977167,0.46190189301455425,0.06296964236564896,0.4846723044397463,0.05720466910105258,0.46558704453441296,0.005725560981267567,0.6924414569985314,0.03339439433123728,0.46069674393671084,0.02995673555208706,True
4,ANN,2.825689277040752,2.0300593558334628,3.933146027203207,7.431225881785405e-10,0.6726059058920932,0.7217571368458353,0.03278563367515236,0.44126984126984126,0.0646326129254042,0.40045806906272025,0.04316455969130142,0.419144831456733,0.05006519935027036,0.6675595071831536,0.03479168174370608,0.42318736289447517,0.024132899349077704,True
5,Ensemble,4.033773740751683,2.867562115655997,5.674273105625654,1.1407323975609636e-15,0.693235131778667,0.7601156069364162,0.014496755421962585,0.529761357718347,0.045973485814696194,0.3918252290345314,0.04535473688429621,0.44815865779721203,0.03187948855504782,0.714197347714124,0.010403854663132891,0.4765586861941129,0.02384476484728336,True
