,Model,HR,CI_lower,CI_upper,p,cindex,accuracy_mean,accuracy_std,precision_mean,precision_std,recall_mean,recall_std,f1_mean,f1_std,roc_auc_mean,roc_auc_std,pr_auc_mean,pr_auc_std,Sig
0,SVM,3.2180213596043674,2.288250159133552,4.525581011995262,1.8408085489397772e-11,0.662187801849041,0.7293646047881647,0.004749882473380508,0.44560846560846556,0.0051210809026721125,0.3532417195207893,0.07307941268180146,0.3901510560067418,0.04944586679260738,0.6613107201692325,0.02141909646085402,0.4361571400330501,0.019678694169817133,True
1,RandomForest,3.1569533352181542,2.2680418058147453,4.394255139033837,9.51949089756383e-12,0.7005140057955016,0.7446902752862489,0.014900032511428315,0.48968253968253966,0.030785740542947707,0.46124031007751937,0.027407239580873932,0.47415116807638996,0.0199195268494968,0.7019276702349666,0.022393876038756748,0.46154623405071193,0.04100600673397819,True
2,XGBoost,3.1081573341818487,2.2127224186080907,4.365952969421906,6.112785144586556e-11,0.707516903546295,0.7408256372777003,0.02224513139699774,0.4809400762889135,0.046117589771595364,0.45331219168428466,0.05262871833129836,0.4654837499665086,0.04475682839145784,0.6956421884524139,0.022211566541307872,0.43726704618201656,0.016499104605640424,True
3,LogisticRegression,3.3411020854613005,2.410973710215661,4.630064234286207,4.277736116513133e-13,0.6935801021112185,0.7447345691316191,0.014855715961703361,0.49116161616161613,0.02402310301823289,0.4302325581395349,0.049333031245573096,0.45572924405876347,0.016107856807637693,0.6806268484459501,0.018196130257579102,0.4386296797911366,0.036074764640345744,True
4,ANN,1.1258166358305932,0.8442403464255412,1.5013059999788816,0.41967336987133763,0.529201738650476,0.5453347507363852,0.19517662221592155,0.31103341103341103,0.09166231764783471,0.4631782945736434,0.15103850983254818,0.34484865818199156,0.08404611822721263,0.5488622345758862,0.14809362577490828,0.3346807519757351,0.10648969043114374,False
5,Ensemble,3.319186526064849,2.370410583705292,4.647717686776985,2.8569206467999786e-12,0.7140885883813992,0.7428299337807012,0.013845352019344252,0.487031408308004,0.0290336762039533,0.4689922480620155,0.03594425773447946,0.4760683760683761,0.017051228498512816,0.6994930804446161,0.016679684239405364,0.458023316066696,0.019660554923962244,True
