,Model,HR,CI_lower,CI_upper,p,cindex,accuracy_mean,accuracy_std,precision_mean,precision_std,recall_mean,recall_std,f1_mean,f1_std,roc_auc_mean,roc_auc_std,pr_auc_mean,pr_auc_std,Sig
0,SVM,3.6923825191945965,2.714579524774852,5.022394276397048,8.623377755843779e-17,0.7044984131364702,0.7389985161561801,0.026769409713500072,0.4745725317153888,0.05274804861904384,0.4622973925299507,0.09006662315756152,0.46647688060731535,0.06662406013771209,0.6797370287562016,0.041964479769168346,0.4572565160476041,0.06595105467248188,True
1,RandomForest,3.7637082048335513,2.655485842900925,5.334428533671494,9.465495212543392e-14,0.6987546570994895,0.7639470245609372,0.024090960945504895,0.5390316424799183,0.056588567492868794,0.41560958421423533,0.035198182578066096,0.46826527382082933,0.03809750249647756,0.7108037385420664,0.022019878436541136,0.4961092262515255,0.05667281297597547,True
2,XGBoost,3.6052119977494415,2.6247646806045335,4.951892885774024,2.393455839737862e-15,0.6936835932109838,0.7505038424910858,0.018651805105598235,0.5017195767195767,0.03490610167355272,0.45401691331923894,0.024636296296741814,0.47629907324322307,0.026405887057875936,0.7055640835287559,0.01786336816636354,0.46802878314055346,0.028906190639294442,True
3,LogisticRegression,3.7857455006536593,2.729257645338985,5.251196793456027,1.5365721918901916e-15,0.7090692700427763,0.7409031515070982,0.03368276463344541,0.4800813008130082,0.06672365202811965,0.4312896405919662,0.06107948887955025,0.4540957575648836,0.06273751416811406,0.700168597306002,0.019829833462716055,0.4743526077153799,0.054942295461567286,True
4,ANN,3.1820207002024756,2.3068338317150476,4.3892436452561,1.7447503308357925e-12,0.6743135090382227,0.7351781719930015,0.036297627299546,0.4622762580209388,0.08494884719061588,0.4009866102889359,0.11829671558147256,0.4251623220237751,0.09417089584036199,0.6760187945080544,0.04154171343221023,0.4672801528864173,0.08853373371388304,True
5,Ensemble,3.9537339965730247,2.870340430963596,5.4460482620904695,3.976207650636037e-17,0.7102594176900786,0.7505038424910858,0.018651805105598235,0.5012322472848788,0.03454725831695437,0.461768851303735,0.02320905243842657,0.48057057399854947,0.02782140313433253,0.7016640513755728,0.030538707079586225,0.47954355037879876,0.04696226169215675,True
