,Model,HR,CI_lower,CI_upper,p,cindex,accuracy_mean,accuracy_std,precision_mean,precision_std,recall_mean,recall_std,f1_mean,f1_std,roc_auc_mean,roc_auc_std,pr_auc_mean,pr_auc_std,Sig
0,SVM,1.9436371854590357,1.671213965357993,2.2604678916082963,6.391539726973813e-18,0.7730440182144336,0.7371160277279473,0.038651973523786604,0.4848024316109423,0.0776812326919101,0.4076814658210007,0.02849986998434277,0.43848147447521474,0.031238477108911943,0.6944972744280395,0.04302095004405482,0.44151348907448,0.0378424996669412,True
1,RandomForest,1.8842922244930462,1.5937743361291998,2.227766570710501,1.2097920900003356e-13,0.7681799365254588,0.7620091688259917,0.02394691253978373,0.5295011252813203,0.04680539834100706,0.46159267089499645,0.0571824179706858,0.49114881395728927,0.0445960286505985,0.70386600647119,0.023901101057821852,0.4735638006489618,0.05237279439903478,True
2,XGBoost,1.622412598982667,1.4117954942037871,1.8644503769451337,9.049557618407094e-12,0.7225403615289085,0.666168360906252,0.09333742069713867,0.4034574468085106,0.07621340003537742,0.47040169133192383,0.13742884997898808,0.4116705006734583,0.03655959791840134,0.6918601651026646,0.020340316327693175,0.46231937316526067,0.05228341044703081,True
3,LogisticRegression,2.0963487952961053,1.6691812716332701,2.632834639487239,1.9303566275582908e-10,0.7645922450669242,0.7543463335769495,0.02136745384444544,0.5114056854294545,0.045462127817960114,0.42336152219873147,0.046115537495563665,0.4620962425840474,0.03987271798624921,0.6988217120473467,0.030134420739831316,0.4983086916094326,0.01838040058362807,True
4,ANN,1.7432513914526464,1.483848414314681,2.0480026022099587,1.3722505737481505e-11,0.7326824893059197,0.7215910349256971,0.037312090024103226,0.4555613607337745,0.05669446838329467,0.4311134601832276,0.05705036117565339,0.43600399513635574,0.009135425472933684,0.6602613346178053,0.04182318434717315,0.43526275990091867,0.03317977136533458,True
5,Ensemble,1.7976185025918265,1.573363020844226,2.0538376954649524,6.330975287453827e-18,0.7763902304401822,0.7542577458862092,0.026477880285280243,0.5321162357325879,0.0709426266670536,0.4083861874559549,0.10662859857328372,0.4473757970709831,0.04312568045841466,0.6970158680304251,0.029191553915235282,0.46880886772563973,0.053035162649891616,True
