,Model,HR,CI_lower,CI_upper,p,cindex,accuracy_mean,accuracy_std,precision_mean,precision_std,recall_mean,recall_std,f1_mean,f1_std,roc_auc_mean,roc_auc_std,pr_auc_mean,pr_auc_std,Sig
0,SVM,1.4285848897015463,1.2092730021941702,1.6876708430441614,2.7338644580690745e-05,0.5838967848765007,0.39125860961619385,0.2191266026955598,0.25583948425675046,0.10836639090034356,0.5239605355884426,0.08122509184877184,0.3190134091773436,0.06369735953001877,0.39656652005311693,0.1510047161774911,0.2439926175062136,0.09438750506746163,True
1,RandomForest,1.9689647610300998,1.6790662129647889,2.3089156343232413,7.597147662735657e-17,0.7660411204636401,0.7620202422873342,0.022904185332241936,0.5454373104145601,0.05984485846565642,0.3995771670190275,0.05434130415407187,0.4546708463949843,0.023046745516889955,0.7090896780005602,0.025566052197289663,0.4747107064406699,0.050138463333149294,True
2,XGBoost,1.516677303692583,1.297641334583629,1.772685550490959,1.6587069771750623e-07,0.6692424451497171,0.731335680907138,0.02621934228116743,0.4762671968554321,0.03701698042581164,0.5005285412262156,0.12385695752896943,0.4759074229587863,0.03323746602687479,0.7010061732456548,0.017405345474994494,0.44560809381271643,0.014417398390797,True
3,LogisticRegression,2.11350827469849,1.744564777727183,2.560476563695435,2.0819232288720434e-14,0.764040292534842,0.7447456425929616,0.03175220378330123,0.4919380136771441,0.057339898587545006,0.4540169133192389,0.059087977930909065,0.47025570462102967,0.0511885346077679,0.6968050826030588,0.03554885864826697,0.4993784662862306,0.026954846190526634,True
4,ANN,1.4156006270661905,1.2170630489141165,1.646525327622202,6.549378145011412e-06,0.6774872360976956,0.6698779704560053,0.03781378057467868,0.3678774928774929,0.04251235904135155,0.4156095842142354,0.05177965891322814,0.38576238576238575,0.01693435954043669,0.5997428676418558,0.014644835226974084,0.3743418561763893,0.017827154417233385,True
5,Ensemble,1.8456367045486595,1.6138916461943287,2.110658948641137,3.4978102030259706e-19,0.7761487512073961,0.7581777512014706,0.029137191269032674,0.5353535353535354,0.08689217441457198,0.3541226215644821,0.045695641961428037,0.4226966016439701,0.04528802385490813,0.7044312631566315,0.02879861698540587,0.45714659813619796,0.04395281827508373,True
