,Model,HR,CI_lower,CI_upper,p,cindex,accuracy_mean,accuracy_std,precision_mean,precision_std,recall_mean,recall_std,f1_mean,f1_std,roc_auc_mean,roc_auc_std,pr_auc_mean,pr_auc_std,Sig
0,SVM,1.285830191733748,0.9610634698545889,1.7203434880572501,0.0905347631570764,0.5572305781702773,0.5521892233074214,0.2189903959030087,0.33351913786696397,0.1096640331439992,0.46247357293868924,0.09819588580939904,0.36237569310079104,0.07070966429137772,0.5351186419356133,0.17963488100155006,0.34223961302125433,0.12381406087600043,False
1,RandomForest,3.7132408560124284,2.6624521201309754,5.178743891958374,1.0794295275414895e-14,0.7051883538015731,0.7677784421854584,0.027296084455515103,0.5436293436293437,0.060649312628871264,0.4466173361522199,0.04365080735656082,0.4903450459006014,0.05100185687136131,0.7101546125334516,0.021714332010403563,0.49806826656852166,0.05802855409540829,True
2,XGBoost,3.4854206354132122,2.416683664256272,5.026788232750686,2.3443004176015518e-11,0.6294673658065406,0.752452771687374,0.02094237764981103,0.5094524619297117,0.07030810143061285,0.2988019732205779,0.13938888012759904,0.35639924145671276,0.12193234189591354,0.6843872087436796,0.039576391160504154,0.45474768936080157,0.02883834290803546,True
3,LogisticRegression,3.6654125415390433,2.646041771373425,5.077489420243792,5.610451760348e-15,0.7072409272802539,0.738976369233495,0.03318628610546025,0.47557679630850364,0.06567479821977719,0.4312896405919662,0.06107948887955025,0.4521970233876684,0.06274654116229418,0.7005263790591325,0.020054680392956183,0.4749446830810505,0.05527472309444686,True
4,ANN,2.585673303867352,1.8122114594210552,3.6892529288321474,1.619460625661944e-07,0.6468711190837588,0.7294864128629327,0.04420069990515613,0.46994708994708995,0.12028921038523199,0.354122621564482,0.025413985793174013,0.3990196078431372,0.05174762047214372,0.6736980340211302,0.03992077508758511,0.45001545267698667,0.06616716895711247,True
5,Ensemble,3.7397504359905285,2.6603178657032944,5.257166259639433,3.178935167456219e-14,0.6716572374775769,0.7505149159524285,0.03097782552671756,0.523968253968254,0.06812501661384708,0.3761451726568006,0.07150797963373473,0.42709601895645105,0.01751667294357116,0.6907618566414945,0.0345166762597842,0.46551838396353534,0.03464741269680833,True
