,Model,HR,CI_lower,CI_upper,p,cindex,accuracy_mean,accuracy_std,precision_mean,precision_std,recall_mean,recall_std,f1_mean,f1_std,roc_auc_mean,roc_auc_std,pr_auc_mean,pr_auc_std,Sig
0,SVM,3.4842212277859423,2.461055856379015,4.932759869178926,1.961289745369429e-12,0.6877673520077273,0.727526410205302,0.03469144543298087,0.46970203285992757,0.0830353977594899,0.36134601832276253,0.07798605444375946,0.3946400017056478,0.03869141931853909,0.6962730446664406,0.033636273573935185,0.43334326216229185,0.01781713758260879,True
1,RandomForest,3.59682498468541,2.491473126746037,5.1925705445411054,8.326444134921279e-12,0.6801435076583414,0.763902730715567,0.021637719141896702,0.5376344086021505,0.05505337587604749,0.36962649753347426,0.052588007541346606,0.43791394133859884,0.055138958513521,0.7020380442091786,0.024890942175255663,0.4686281128317599,0.04450383816412506,True
2,XGBoost,3.424870751101564,2.4884168586545155,4.713735811970527,4.224520209563308e-14,0.7015489167931558,0.7580891635107302,0.031369835844858585,0.5247622084063978,0.07126586444863324,0.47692036645525016,0.009497415061270999,0.4980392156862745,0.03721692919317044,0.7079238664761477,0.016857939410647088,0.4814157795472707,0.06288572154928174,True
3,LogisticRegression,3.542583447840368,2.5890389411076713,4.847318935860931,2.65844458683846e-15,0.7065854836484062,0.7466724248665648,0.04605064492299222,0.5104166666666666,0.08296794896558281,0.46124031007751937,0.04683351152556036,0.4787464387464387,0.04238060041188641,0.7018087924265805,0.0247879638685393,0.49802495929904683,0.011364946159151923,True
4,ANN,3.344899689618156,2.3200682273141267,4.822424531264781,9.88093566745845e-11,0.6662757002897751,0.7428188603193586,0.009313972527898248,0.476976976976977,0.02365626085705001,0.33121916842847077,0.06296126805973801,0.3882799210723277,0.046426031666674965,0.6863105236085886,0.04507038251426195,0.43054819876286626,0.06029963244214335,True
5,Ensemble,3.815350831602818,2.678149611210945,5.435432698485545,1.2100674990517018e-13,0.684610873464882,0.75626204238921,0.027285903059192835,0.5292071912761568,0.06886059614057469,0.36909795630725867,0.015465790237741178,0.43175315641651574,0.015694195022740786,0.7038373499983654,0.025484364291160293,0.4600683253619937,0.05168281174938307,True
