,Model,HR,CI_lower,CI_upper,p,cindex,accuracy_mean,accuracy_std,precision_mean,precision_std,recall_mean,recall_std,f1_mean,f1_std,roc_auc_mean,roc_auc_std,pr_auc_mean,pr_auc_std,Sig
0,SVM,1.5840544301280322,1.3830848998221037,1.8142258930966486,3.028530383058009e-11,0.6997895680971437,0.7235953314286979,0.008537243718149897,0.41293103448275864,0.010224394755550098,0.2692036645525018,0.10446532617975764,0.31510074307622554,0.08333129606077712,0.659379646331537,0.039264547151319884,0.38971093793677847,0.029217655143545674,True
1,RandomForest,1.87451037341604,1.609594219178307,2.1830279322437676,6.329793320498982e-16,0.7635228370360149,0.7485106194494274,0.018510926075286635,0.5066666666666667,0.04633035784033155,0.3694503171247357,0.06945576053743586,0.41981120232984354,0.029535345098739892,0.7069062409866599,0.03360122438691268,0.4669808847649788,0.04866852164037854,True
2,XGBoost,1.27865725912773,1.1017096346364283,1.484024769248377,0.0012182834082870107,0.6444045812060163,0.7292981640201095,0.028876831422422297,0.4086134453781513,0.09950016905949916,0.33298097251585623,0.20878025163710262,0.3368701015759839,0.1827475759054349,0.6929141232753873,0.03532881068859828,0.45052950047745144,0.049644591328978596,True
3,LogisticRegression,1.5542899956392795,1.3609457785363765,1.7751018656617106,7.667439618944063e-11,0.7370636125293225,0.6987354107146811,0.030572830098898163,0.41774798631799626,0.03990157702260685,0.4765680056377731,0.04331960633568567,0.4414173789173789,0.0029041143928596924,0.6757456062488904,0.03181412627408717,0.4217699405548127,0.04525274383540831,True
4,ANN,1.6574537362854476,1.4364628303890754,1.9124427237581256,4.496025154186243e-12,0.7116392990202842,0.6717493854228955,0.014898666332538451,0.361124213836478,0.027540925116407284,0.4399224806201551,0.16446627526571417,0.3866829684831548,0.0845451741410166,0.6676789332922833,0.025010162513312797,0.3869556078802525,0.03461993744960789,True
5,Ensemble,1.3549782310832548,1.1382916610012637,1.6129135173445395,0.0006335137958606952,0.7518973368290327,0.7370274400372069,0.015364059490604246,0.47028862478777594,0.03241406297459555,0.38460183227625083,0.009575530825723174,0.42227322173121634,0.0074814463144973345,0.7017523484858831,0.0361417117812438,0.43554985012331,0.02329653446309733,True
