,Model,HR,CI_lower,CI_upper,p,cindex,accuracy_mean,accuracy_std,precision_mean,precision_std,recall_mean,recall_std,f1_mean,f1_std,roc_auc_mean,roc_auc_std,pr_auc_mean,pr_auc_std,Sig
0,SVM,1.7558048090487794,1.5043146085605585,2.0493389547208642,9.5350178760656e-13,0.6944597764592245,0.5838703962084469,0.24305240218496837,0.4131051915224577,0.17462676316463288,0.43886539816772374,0.10194164445204738,0.3785516105777544,0.07393542840308479,0.5478401192274794,0.18926991693135195,0.34173580900564354,0.11978091858655257,True
1,RandomForest,1.9144791677763182,1.6418994795428403,2.2323111308068793,1.1566752166962057e-16,0.7599006485442252,0.7639470245609372,0.03263137313572688,0.5441148889424752,0.07868920213007537,0.4156095842142354,0.022755253165218568,0.46987951807228917,0.04259679404738238,0.7034976621697729,0.0356562183950039,0.47453899772754743,0.05183284720911089,True
2,XGBoost,1.3871218298264543,1.181933918216482,1.6279310891462826,6.161770314140764e-05,0.6491306747619705,0.7677341483400881,0.01802656795246084,0.5415415415415415,0.04134800606502691,0.4843199436222692,0.0331378442205112,0.5101051570152694,0.026343894861831942,0.7007246673676639,0.005708383138109087,0.4609030179158444,0.0262439532180359,True
3,LogisticRegression,1.7598170258562413,1.5057743755738684,2.056719794632725,1.1974615732639453e-12,0.7651441975990065,0.7390206630788652,0.039012227066669014,0.48714031066972246,0.06774224814319219,0.4615926708949965,0.03830212330289272,0.4707946336429309,0.03948740798956009,0.7006138692362729,0.02485814536929009,0.49878643725414973,0.02034009847208719,True
4,ANN,1.8110184116504269,1.55689620414606,2.106619361395233,1.3748686555964722e-14,0.7326134952394094,0.7121342989391625,0.01622820198951577,0.431937462919136,0.0223442308617142,0.4696969696969697,0.0639532456988933,0.44714052686056777,0.025360836200521618,0.6818721946140728,0.06222018839321283,0.430031406148298,0.03747959479610688,True
5,Ensemble,2.072159616509424,1.7794811555832193,2.41297608733889,6.711356168236605e-21,0.7784945494687456,0.7562731158505525,0.026792060652111014,0.5159493065518891,0.05451327501666072,0.45419309372797745,0.04275924290112021,0.4823854623996368,0.04422044820580497,0.7091626847618326,0.02726686423821917,0.461061190900334,0.047906555918275216,True
