,Model,HR,CI_lower,CI_upper,p,cindex,accuracy_mean,accuracy_std,precision_mean,precision_std,recall_mean,recall_std,f1_mean,f1_std,roc_auc_mean,roc_auc_std,pr_auc_mean,pr_auc_std,Sig
0,SVM,1.8001026301756664,1.2570205061540034,2.5778175163423778,0.0013345270163333414,0.5713916103215123,0.7197639138041768,0.0031634846078024497,0.3972447599729547,0.031659693259659866,0.2692036645525018,0.10446532617975764,0.31280189250151286,0.08632592232956869,0.6589956909768734,0.03922951673692409,0.38859565738891355,0.028666652102938492,True
1,RandomForest,3.1516326635931535,2.2839740583221912,4.3489059825503915,2.805573541073003e-12,0.6690354629501862,0.7427413460899608,0.022456783031504165,0.49865209471766847,0.03999077534383175,0.4312896405919662,0.1412646114246772,0.44467204761322404,0.056546388555745036,0.6973938541486916,0.03082153194573915,0.4585444818513533,0.0512826494936979,True
2,XGBoost,2.74986431150149,1.9874902831265089,3.804674566647045,1.0193200254734004e-09,0.6416620670622326,0.7312803136004252,0.003142561706664494,0.4051146384479718,0.08444233744584802,0.37174066243833687,0.23382372866873793,0.3570560057825067,0.1976333413784349,0.6946397602042906,0.035719286924747934,0.4425558686561677,0.04154818593768799,True
3,LogisticRegression,2.8711483812806273,2.1237083558722802,3.8816502296731232,7.117349955077178e-12,0.6917862563819511,0.6987354107146811,0.030572830098898163,0.41774798631799626,0.03990157702260685,0.4765680056377731,0.04331960633568567,0.4414173789173789,0.0029041143928596924,0.6758052365410788,0.031875733678811316,0.42178306566145424,0.04527104635345528,True
4,ANN,2.11279724145382,1.5474673047047522,2.884656864751375,2.5000542171820395e-06,0.6444218297226438,0.6622594290523333,0.027903505459465818,0.3458498023715415,0.015393045382803588,0.3927061310782241,0.11967228529815808,0.35923141186299085,0.04955115330438401,0.6577384477171447,0.033055775591680756,0.4087746616166732,0.0486648601441157,True
5,Ensemble,2.860109331688921,2.0199843460084717,4.049647912063442,3.1719971802819156e-09,0.6388160618186836,0.7370385134985494,0.01191336680116426,0.4681818181818182,0.02257524912992627,0.3534178999295278,0.043706947155280305,0.4000399549598634,0.02146100910839445,0.6954937127491716,0.03544563530417148,0.4266137829495964,0.01671655695872688,True
