,Model,HR,CI_lower,CI_upper,p,cindex,accuracy_mean,accuracy_std,precision_mean,precision_std,recall_mean,recall_std,f1_mean,f1_std,roc_auc_mean,roc_auc_std,pr_auc_mean,pr_auc_std,Sig
0,SVM,1.9436285131287907,1.356735474525643,2.7843981881346718,0.0002908035996334866,0.5752380295294605,0.7235953314286979,0.008537243718149897,0.41293103448275864,0.010224394755550098,0.2692036645525018,0.10446532617975764,0.31510074307622554,0.08333129606077712,0.659379646331537,0.039264547151319884,0.38971093793677847,0.029217655143545674,True
1,RandomForest,3.0492983127647415,2.1601550882045237,4.304422516236271,2.315508556328297e-10,0.6540637505174555,0.7485106194494274,0.018510926075286635,0.5066666666666667,0.04633035784033155,0.3694503171247357,0.06945576053743586,0.41981120232984354,0.029535345098739892,0.7069062409866599,0.03360122438691268,0.4669808847649788,0.04866852164037854,True
2,XGBoost,2.516627211121986,1.788276628007049,3.5416290861095225,1.194723662247314e-07,0.6302435490547813,0.7292981640201095,0.028876831422422297,0.4086134453781513,0.09950016905949916,0.33298097251585623,0.20878025163710262,0.3368701015759839,0.1827475759054349,0.6929141232753873,0.03532881068859828,0.45052950047745144,0.049644591328978596,True
3,LogisticRegression,2.8711483812806273,2.1237083558722802,3.8816502296731232,7.117349955077178e-12,0.6917862563819511,0.6987354107146811,0.030572830098898163,0.41774798631799626,0.03990157702260685,0.4765680056377731,0.04331960633568567,0.4414173789173789,0.0029041143928596924,0.6757456062488904,0.03181412627408717,0.4217699405548127,0.04525274383540831,True
4,ANN,2.1014837392527776,1.5313591852889243,2.883865489408755,4.243516283625642e-06,0.6514419759900648,0.6717493854228955,0.014898666332538451,0.361124213836478,0.027540925116407284,0.4399224806201551,0.16446627526571417,0.3866829684831548,0.0845451741410166,0.6676789332922833,0.025010162513312797,0.3869556078802525,0.03461993744960789,True
5,Ensemble,3.0623673762876944,2.1753012333961728,4.311170243171194,1.4217172144850065e-10,0.6629294880640265,0.7370274400372069,0.015364059490604246,0.47028862478777594,0.03241406297459555,0.38460183227625083,0.009575530825723174,0.42227322173121634,0.0074814463144973345,0.7017523484858831,0.0361417117812438,0.43554985012331,0.02329653446309733,True
