,Model,HR,CI_lower,CI_upper,p,cindex,accuracy_mean,accuracy_std,precision_mean,precision_std,recall_mean,recall_std,f1_mean,f1_std,roc_auc_mean,roc_auc_std,pr_auc_mean,pr_auc_std,Sig
0,SVM,1.8670040185996013,1.6089723011066246,2.1664164156646146,1.9201001799068922e-16,0.7714744032013247,0.727526410205302,0.03469144543298087,0.46970203285992757,0.0830353977594899,0.36134601832276253,0.07798605444375946,0.3946400017056478,0.03869141931853909,0.6962730446664406,0.033636273573935185,0.43334326216229185,0.01781713758260879,True
1,RandomForest,1.8866514689789287,1.5837137095599674,2.2475361196370134,1.1738784564329343e-12,0.7718366220505036,0.763902730715567,0.021637719141896702,0.5376344086021505,0.05505337587604749,0.36962649753347426,0.052588007541346606,0.43791394133859884,0.055138958513521,0.7020380442091786,0.024890942175255663,0.4686281128317599,0.04450383816412506,True
2,XGBoost,1.4435526090149589,1.1906289839573816,1.7502044407382624,0.0001874798673655873,0.7540361528908514,0.7580891635107302,0.031369835844858585,0.5247622084063978,0.07126586444863324,0.47692036645525016,0.009497415061270999,0.4980392156862745,0.03721692919317044,0.7079238664761477,0.016857939410647088,0.4814157795472707,0.06288572154928174,True
3,LogisticRegression,1.7661688648300364,1.457615044676295,2.140038599689235,6.391196492714835e-09,0.7576928384158962,0.7466724248665648,0.04605064492299222,0.5104166666666666,0.08296794896558281,0.46124031007751937,0.04683351152556036,0.4787464387464387,0.04238060041188641,0.7018087924265805,0.0247879638685393,0.49802495929904683,0.011364946159151923,True
4,ANN,1.7754912564833958,1.5008329385198234,2.100413124566662,2.1541225119271444e-11,0.7400993514557748,0.7293978251721923,0.016429516627962076,0.4506459948320414,0.023953965933905738,0.3379140239605356,0.07601362893762394,0.37884983790156207,0.04693863221878836,0.6753839346640694,0.04433815356083891,0.40574883339897444,0.007717365916680947,True
5,Ensemble,1.9772428871109609,1.6626342775098857,2.3513826747792663,1.2598815769638353e-14,0.7771146681385401,0.7543020397315793,0.019738686345572222,0.5177822853279243,0.05834863051573772,0.3460183227625088,0.015663221121136616,0.41344058991117816,0.021464731538764298,0.7064705384561588,0.023545438735767126,0.4522046364194434,0.05231035297238453,True
