,Model,HR,CI_lower,CI_upper,p,cindex,accuracy_mean,accuracy_std,precision_mean,precision_std,recall_mean,recall_std,f1_mean,f1_std,roc_auc_mean,roc_auc_std,pr_auc_mean,pr_auc_std,Sig
0,SVM,1.893818285413758,1.636763563387594,2.1912436092751615,9.474476542596879e-18,0.7523457982613495,0.7332292427967134,0.02726563679608428,0.4607770900874349,0.07405261321545675,0.3153629316420014,0.009701127482689378,0.372667604313174,0.031129369795951083,0.6914649230289208,0.035738780274261486,0.43139373982713725,0.0379352561979185,True
1,RandomForest,1.752905637881074,1.4642525319247215,2.0984619171368615,9.72081375910651e-10,0.7232647992272665,0.731236019755055,0.024670175815123124,0.4684269215452012,0.06480749092539356,0.3851303735024665,0.10608928271546578,0.41045841897477936,0.050271861806967744,0.6808385546047537,0.014154389704397339,0.468785593518297,0.03650138669865443,True
2,XGBoost,1.2034766655033713,1.0324475472961054,1.4028374499065235,0.017871506647485155,0.6150131088726369,0.7523752574579762,0.012887568146880694,0.35486443381180227,0.25544992064149247,0.23801973220577874,0.1756540763801986,0.27946127946127947,0.19868173053106974,0.6481091590225266,0.03861642041888576,0.4460827406371462,0.07194738277442703,True
3,LogisticRegression,1.6158618643014053,1.3982187992241384,1.8673826771263868,7.967945548486446e-11,0.7146060438802263,0.7101078555134764,0.0425449273213314,0.44941798941798944,0.08654752099859643,0.4622973925299507,0.09006662315756152,0.441581569396542,0.025838242541701403,0.6822808235021975,0.007604993833864764,0.47347447349736016,0.04496352952714733,True
4,ANN,1.7351156409577095,1.4439962863004756,2.0849266137722,4.080200615673991e-09,0.6998068166137712,0.7216353287710673,0.030697148816413507,0.44958489267432356,0.061528104262106545,0.4689922480620155,0.05228968047764358,0.4570851020820699,0.04809209222036847,0.6867398637814047,0.028154166237821916,0.41541170273455896,0.018726011011350602,True
5,Ensemble,1.6117613945252447,1.3894118600715675,1.8696938377567558,2.934278396286758e-10,0.7232303021940113,0.7427634930126459,0.023595366143672317,0.5015316067947647,0.09218539743703692,0.33897110641296685,0.08923568138460333,0.39117533483730665,0.04811410774744896,0.6781071168608893,0.021116555045432386,0.43586687324744483,0.026093422606385253,True
