,Model,HR,CI_lower,CI_upper,p,cindex,accuracy_mean,accuracy_std,precision_mean,precision_std,recall_mean,recall_std,f1_mean,f1_std,roc_auc_mean,roc_auc_std,pr_auc_mean,pr_auc_std,Sig
0,SVM,3.1508706225187915,2.2102598793178343,4.491773014002359,2.2377120162731675e-10,0.6519249344556368,0.7332292427967134,0.02726563679608428,0.4607770900874349,0.07405261321545675,0.3153629316420014,0.009701127482689378,0.372667604313174,0.031129369795951083,0.6914649230289208,0.035738780274261486,0.43139373982713725,0.0379352561979185,True
1,RandomForest,3.360282998989794,2.399368113522585,4.70603146289314,1.7534086543713609e-12,0.6813681523388988,0.731236019755055,0.024670175815123124,0.4684269215452012,0.06480749092539356,0.3851303735024665,0.10608928271546578,0.41045841897477936,0.050271861806967744,0.6808385546047537,0.014154389704397339,0.468785593518297,0.03650138669865443,True
2,XGBoost,3.135866327777896,1.9619250264371353,5.012249445407806,1.784220783119107e-06,0.6245860356009383,0.7523752574579762,0.012887568146880694,0.35486443381180227,0.25544992064149247,0.23801973220577874,0.1756540763801986,0.27946127946127947,0.19868173053106974,0.6481091590225266,0.03861642041888576,0.4460827406371462,0.07194738277442703,True
3,LogisticRegression,2.8555565842635735,2.122749985674614,3.841339517587902,4.069914580254674e-12,0.675382917069132,0.7101078555134764,0.0425449273213314,0.44941798941798944,0.08654752099859643,0.4622973925299507,0.09006662315756152,0.441581569396542,0.025838242541701403,0.6822808235021975,0.007604993833864764,0.47347447349736016,0.04496352952714733,True
4,ANN,3.1258374334122285,2.317884327171523,4.2154216004576766,8.041653164912193e-14,0.6736235683731199,0.7216353287710673,0.030697148816413507,0.44958489267432356,0.061528104262106545,0.4689922480620155,0.05228968047764358,0.4570851020820699,0.04809209222036847,0.6867398637814047,0.028154166237821916,0.41541170273455896,0.018726011011350602,True
5,Ensemble,3.277330895292772,2.3118652678115326,4.645987786047807,2.6148969299478593e-11,0.6520111770387746,0.7427634930126459,0.023595366143672317,0.5015316067947647,0.09218539743703692,0.33897110641296685,0.08923568138460333,0.39117533483730665,0.04811410774744896,0.6781071168608893,0.021116555045432386,0.43586687324744483,0.026093422606385253,True
