,Model,HR,CI_lower,CI_upper,p,cindex,accuracy_mean,accuracy_std,precision_mean,precision_std,recall_mean,recall_std,f1_mean,f1_std,roc_auc_mean,roc_auc_std,pr_auc_mean,pr_auc_std,Sig
0,SVM,1.6334756976206146,1.4128765015838387,1.8885181059533835,3.376058307864675e-11,0.6999103077135367,0.7370938808052622,0.018322479879260726,0.4595036212683272,0.04984978255860027,0.339323467230444,0.08147539148496784,0.38721670486376364,0.07137102337261547,0.6675811288539854,0.025253447659316933,0.408416657537748,0.04002526975130072,True
1,RandomForest,1.5514693014768066,1.312236592115904,1.8343163175656403,2.7449297187127826e-07,0.6645853456602732,0.7236064048900405,0.009415073348912117,0.39747064137308036,0.046956427889311744,0.30197322057787174,0.1836087271005172,0.3131024531024531,0.16607662024709918,0.6692677743583123,0.015891380373628708,0.4240227607630606,0.06969025420913244,True
2,XGBoost,1.1650354670493752,1.0186599222667343,1.3324443318263257,0.0257574622036108,0.6228956809714364,0.7389652957721524,0.01174926080300517,0.4712353419249971,0.03797307695786641,0.35394644115574353,0.029937193834523666,0.403253234525537,0.025874736129616535,0.6792303730058923,0.0283819939011285,0.45653566267662987,0.045289144842630455,True
3,LogisticRegression,1.6958821115337177,1.457687170336483,1.972999553502402,7.915157615459414e-12,0.7156064578446254,0.7275042632826169,0.021533546429667864,0.4529792700524408,0.04613401148354329,0.39992952783650454,0.00647807481002477,0.4236326109391125,0.01933821459885488,0.6758092194804427,0.01094644946613892,0.4184014942150953,0.049558603926647675,True
4,ANN,1.4582437357243088,1.267587642499947,1.6775761465971193,1.3149867940823465e-07,0.6607906720022078,0.6871525701503777,0.023907005505270126,0.39237804878048776,0.019734471027348054,0.4457364341085272,0.04281147681080334,0.41514041514041516,0.0076738736813043535,0.6631519864832487,0.02010420203947016,0.393762332262209,0.02257143069066209,True
5,Ensemble,1.7192852062188486,1.4747555908923085,2.004360341861448,4.41771107479613e-12,0.7208845039326618,0.7274710428985892,0.011251214360233127,0.43668209185450557,0.04151919040792256,0.3539464411557434,0.08594317987110446,0.38858472682002093,0.06737821276714681,0.678928709316602,0.03413026712481795,0.43263421466705476,0.03742753644200777,True
