,Model,HR,CI_lower,CI_upper,p,cindex,accuracy_mean,accuracy_std,precision_mean,precision_std,recall_mean,recall_std,f1_mean,f1_std,roc_auc_mean,roc_auc_std,pr_auc_mean,pr_auc_std,Sig
0,SVM,1.632439812162772,1.412079060909441,1.8871887659163642,3.5013922501126655e-11,0.6995653373809853,0.7370938808052622,0.018322479879260726,0.4595036212683272,0.04984978255860027,0.339323467230444,0.08147539148496784,0.38721670486376364,0.07137102337261547,0.6678725041453606,0.025536485234263474,0.40838795639269926,0.040037320746921394,True
1,RandomForest,1.7380668626319589,1.47473656475659,2.048417657209107,4.2706706026705796e-11,0.7158134400441563,0.7025336079551746,0.033623277571180755,0.41192411924119243,0.05645709120867118,0.41525722339675825,0.01507552605023356,0.4124441265868049,0.03666523134552595,0.6769644581112715,0.028230767067622523,0.43040941784417514,0.06614862670728135,True
2,XGBoost,1.0904082428757012,0.9538908162783644,1.2464635531036532,0.20470801553818854,0.6129777839105837,0.7120678581711072,0.010098462484328594,0.42610494081082323,0.012538480261985143,0.4455602536997885,0.08598939636769973,0.4314654099788478,0.046495202694376035,0.6702417840754428,0.014477377039645049,0.425104513147168,0.03695249797224947,False
3,LogisticRegression,1.6963413898756652,1.4579448652853841,1.9737194317303868,7.956249492293422e-12,0.7156754519111357,0.7275042632826169,0.021533546429667864,0.4529792700524408,0.04613401148354329,0.39992952783650454,0.00647807481002477,0.4236326109391125,0.01933821459885488,0.6755725190839694,0.011141132533431375,0.41833338015141014,0.049601961998323015,True
4,ANN,1.1947885627987715,1.0304491218538696,1.3853374024197518,0.01841070295755385,0.5541948392438251,0.6524372688414944,0.05789882708966893,0.32163742690058483,0.06956360966883228,0.31553911205074,0.023711814835042238,0.3158145137006925,0.04506730394320974,0.574142436946449,0.07507627175001981,0.32773973966874065,0.06583255925553225,True
5,Ensemble,1.7236847485407856,1.4860598809789862,1.9993064548615753,6.29175679928365e-13,0.7159514281771767,0.7409142249684407,0.011769990343426212,0.4636363636363636,0.04335204794722207,0.30761099365750527,0.07632008416562047,0.3675566254513623,0.07000350746531973,0.6666382688262681,0.02968047556223961,0.41149008207953647,0.03168312544367609,True
