,Model,HR,CI_lower,CI_upper,p,cindex,accuracy_mean,accuracy_std,precision_mean,precision_std,recall_mean,recall_std,f1_mean,f1_std,roc_auc_mean,roc_auc_std,pr_auc_mean,pr_auc_std,Sig
0,SVM,3.204787632971824,2.2356009160597785,4.594140080489445,2.3224997948888537e-10,0.654926176348834,0.7275042632826169,0.02817779701541979,0.4455093817800348,0.061681493416037556,0.3160676532769556,0.06350124609660351,0.36420186420186423,0.053063483733767396,0.6837339032350572,0.03492737013618305,0.42690171107651737,0.028976364445873065,True
1,RandomForest,3.5021949046948477,2.3353782586810716,5.251983958006676,1.3406922971933096e-09,0.6306057679039603,0.7505149159524285,0.013745480026375635,0.4794372294372294,0.05262753072714137,0.2549330514446793,0.1255040281197612,0.3215852130325814,0.12065044367973052,0.683685601043137,0.025943506884468746,0.46481377383698846,0.04222130814936696,True
2,XGBoost,3.2769798829584627,2.345822115268886,4.577754248038353,3.4250443846228528e-12,0.691872498965089,0.7351892454543442,0.05682210709201858,0.5024054872845195,0.0988544253846609,0.4540169133192389,0.059087977930909065,0.4644739078701343,0.027191961540927654,0.6627163149886388,0.04208283586049711,0.45928026506750247,0.043485407149988956,True
3,LogisticRegression,2.772984043496892,2.0411820232222686,3.7671508067416744,6.831722009466256e-11,0.6819028563543535,0.6947821850153922,0.02483309564028408,0.40394680394680393,0.04271643821886797,0.4466173361522199,0.09548035444391924,0.4183625210878879,0.04412698104374794,0.6935748049808055,0.015126694246763387,0.4837464324291337,0.052569278403572506,True
4,ANN,3.026404129934057,2.2089726778669068,4.146326502565174,5.441973448404006e-12,0.676624810266317,0.7409474453524684,0.03684869927068817,0.4816003423192126,0.08254736538865615,0.43058491895701195,0.05943106030248911,0.4544887512367188,0.06996665515527647,0.6943688479104776,0.010707725640796579,0.4658966490391201,0.04020313092744441,True
5,Ensemble,3.3538347468741843,2.3717147944814716,4.742647613242983,7.643107841752681e-12,0.6639299020284255,0.7448010098996743,0.037475547953087565,0.4985011548479041,0.08687842826653058,0.3548273431994362,0.09786373711685288,0.4044704750587103,0.08481759154272929,0.6850600565184268,0.03243716878569255,0.4403556768281475,0.020068741260390335,True
