,Model,HR,CI_lower,CI_upper,p,cindex,accuracy_mean,accuracy_std,precision_mean,precision_std,recall_mean,recall_std,f1_mean,f1_std,roc_auc_mean,roc_auc_std,pr_auc_mean,pr_auc_std,Sig
0,SVM,1.72454921798987,1.4854942395238433,2.0020744114246942,8.182425110969358e-13,0.7585897612805299,0.7369942196531792,0.03561783961850399,0.4945776576982251,0.09550422679222133,0.4466173361522199,0.04365080735656083,0.45994647433716634,0.014262587179528547,0.7103813090276786,0.0004500186495942654,0.4773413321033781,0.052351959045637456,True
1,RandomForest,1.9696939942750253,1.6632004378034,2.3326679953301617,3.9853812789710886e-15,0.7707672140195944,0.7581113104334154,0.036974813068508854,0.5592953201648854,0.14327152999762652,0.4157857646229739,0.05293393081948956,0.46307260155574764,0.028179869397050642,0.7047840998577728,0.010143582357547507,0.498253466641769,0.08315501554679376,True
2,XGBoost,1.2277560545425195,1.0477387486648095,1.4387030463335984,0.011198799980210474,0.6097695598178556,0.7542909662702367,0.036638497666970526,0.5915476190476191,0.18860396845268065,0.4397463002114164,0.12148632472354032,0.46382019908160066,0.041809610745237036,0.6868850186442943,0.028173952427765495,0.4688517137789558,0.0749039417707865,True
3,LogisticRegression,1.1643626206779507,1.0693646773292174,1.2677997891402615,0.00045766094490489064,0.7644542569339037,0.7466392044825372,0.004742829550674794,0.49379820721284134,0.013754057974146994,0.500352360817477,0.05746831018428505,0.49481132550251133,0.022399812543096576,0.7095568612699804,0.0006360954189734419,0.4693773467555273,0.045109247534405914,True
4,ANN,1.4238144360536846,1.218444176540973,1.6638001045480815,8.747671991342552e-06,0.673140609907548,0.7312581666777401,0.032177394222507094,0.4546284893267652,0.09411974963782971,0.330338266384778,0.03961591903053597,0.3819178082191781,0.059530117767641076,0.6456679275514708,0.04121915207467911,0.4361695700139774,0.07963819669675135,True
5,Ensemble,1.672645860650861,1.454139128625965,1.9239865842796515,5.936208110839549e-13,0.7497930178004691,0.7562398954665249,0.021127786997651415,0.5290192898888552,0.06559263040444906,0.4157857646229739,0.05293393081948956,0.4588071301850131,0.010087979864510726,0.699382065061987,0.01959193277113313,0.47441838961555277,0.08190656487311003,True
