,Model,HR,CI_lower,CI_upper,p,cindex,accuracy_mean,accuracy_std,precision_mean,precision_std,recall_mean,recall_std,f1_mean,f1_std,roc_auc_mean,roc_auc_std,pr_auc_mean,pr_auc_std,Sig
0,SVM,1.9025858001708242,1.643599722251747,2.2023809556577745,6.958707080433317e-18,0.7737857044294191,0.742785639935331,0.033416275510787914,0.5078048780487805,0.09514154478210704,0.4312896405919662,0.051468807995800454,0.4559206571829293,0.005557843203258394,0.7157065610287695,0.007866239239661538,0.4726999054836607,0.06326205699126043,True
1,RandomForest,2.01874979528928,1.7235204985719164,2.3645501978985948,3.09013098011057e-18,0.7562784600524355,0.7638805837928819,0.024734717007356192,0.5340791340791341,0.06681674117217433,0.45348837209302334,0.03423163126483661,0.4901255531542657,0.04757677031658371,0.7135117752240067,0.006716648130323537,0.49569635747753565,0.0654364640050566,True
2,XGBoost,1.2109587754790616,1.0386836973489988,1.4118072322232946,0.014496684679692898,0.6070442941906996,0.7217682103071779,0.030632452684500672,0.44356460532931125,0.06958645553497182,0.4223044397463002,0.08052697506012206,0.42938751627776023,0.062352890255122105,0.6766564889634302,0.033856979420310705,0.45824225322164397,0.08074207730230076,True
3,LogisticRegression,1.1840349267130188,1.0803611267964774,1.2976574896149575,0.00030236878268315826,0.7520008279287981,0.746617057559852,0.010015356590301228,0.49323767111990763,0.01840816285961211,0.48502466525722343,0.03762266524283604,0.48797714333732484,0.019693541736955457,0.7110346352268951,0.011923567438337843,0.47285155734948553,0.0438909065650381,True
4,ANN,1.5984453902675964,1.363718959091861,1.8735734724764648,7.107549666355038e-09,0.7056713122671451,0.7196199588067237,0.05826172223467173,0.4589906217813195,0.1458757366341729,0.3386187455954898,0.058769305737701456,0.3807788606427291,0.072171930644928,0.6551828903684044,0.04837066359325634,0.4252865041860696,0.08274142136271066,True
5,Ensemble,1.7064556977344598,1.4873436668017361,1.9578468065770656,2.5013862422759487e-14,0.7540706499241066,0.7485549132947976,0.011907951573321938,0.49572649572649574,0.035510779679833626,0.41525722339675825,0.03079581133655934,0.45156123421019995,0.03007755502345552,0.7064227224931999,0.0007545031483221492,0.4735379929086849,0.061761630278767604,True
