,Model,HR,CI_lower,CI_upper,p,cindex,accuracy_mean,accuracy_std,precision_mean,precision_std,recall_mean,recall_std,f1_mean,f1_std,roc_auc_mean,roc_auc_std,pr_auc_mean,pr_auc_std,Sig
0,SVM,1.9801915198095499,1.7116764424313209,2.290829246651262,3.9623363583490515e-20,0.7767696978059887,0.7388877815427546,0.03363167538898447,0.49024419729206964,0.07834619966264361,0.4927766032417195,0.07921342339598847,0.4842781557067272,0.04562515055608498,0.7339193426846542,0.018723406888549413,0.4811637302076995,0.025364732126166547,True
1,RandomForest,2.0359136287299275,1.7262479660030912,2.401129145568441,3.0328900442792457e-17,0.7679729543259279,0.7619427280579364,0.02420067925255476,0.5452597688370046,0.08000984012499945,0.38460183227625083,0.047487075306355014,0.446031746031746,0.03527954090617915,0.7103459694929605,0.00558361431670453,0.47200919402773994,0.05169780111991607,True
2,XGBoost,1.368873799299124,1.1854353360931464,1.5806981801159856,1.8920146131676613e-05,0.6501310887263695,0.7313024605231103,0.03571315749941323,0.47794117647058826,0.0648727794120964,0.47727272727272724,0.05732824954217543,0.47034340998547336,0.01236530993887648,0.6784225553131997,0.025571190494256792,0.4617100837088848,0.05993399621157708,True
3,LogisticRegression,1.4334059482667019,1.091812807591279,1.8818726051210821,0.009530457673563458,0.7438250310473299,0.7465838371758244,0.049314436423425305,0.5359531772575251,0.15142938401240028,0.4619450317124736,0.04192057244528669,0.4806692872299718,0.03491827910392953,0.7081695827989988,0.01100401996338284,0.4733533307702786,0.05719982941140149,True
4,ANN,1.819204772316813,1.56912116878463,2.1091462338652027,2.1768169695860136e-15,0.7204015454670898,0.6851925674927468,0.04121356361414575,0.41159862514029183,0.05138991172011563,0.5773431994362227,0.03861929213668599,0.47969087344540545,0.04500956019861921,0.7022269855418267,0.039069754391005636,0.44538430625254954,0.030679139703199215,True
5,Ensemble,1.8902515063613377,1.632257488097126,2.189023964268495,1.8315088897039483e-17,0.7630053815371878,0.7600823865523885,0.009609978237207746,0.5219990435198469,0.015828951854074964,0.4843199436222692,0.04668814073039744,0.5008177008177007,0.024100380182396904,0.7182905782896908,0.010757356597505523,0.49905395529414825,0.04495416659841104,True
