,Model,HR,CI_lower,CI_upper,p,cindex,accuracy_mean,accuracy_std,precision_mean,precision_std,recall_mean,recall_std,f1_mean,f1_std,roc_auc_mean,roc_auc_std,pr_auc_mean,pr_auc_std,Sig
0,SVM,3.097604988890598,2.259655203151933,4.246292378507965,2.131533739254886e-12,0.6977197461018353,0.7388877815427546,0.03363167538898447,0.49024419729206964,0.07834619966264361,0.4927766032417195,0.07921342339598847,0.4842781557067272,0.04562515055608498,0.7339193426846542,0.018723406888549413,0.4811637302076995,0.025364732126166547,True
1,RandomForest,4.092076131447587,2.8610046534803746,5.852869566357701,1.192691769405876e-14,0.709845453291017,0.7619427280579364,0.02420067925255476,0.5452597688370046,0.08000984012499945,0.38460183227625083,0.047487075306355014,0.446031746031746,0.03527954090617915,0.7103459694929605,0.00558361431670453,0.47200919402773994,0.05169780111991607,True
2,XGBoost,2.431638536797163,1.7807899671384888,3.3203612344797175,2.2612750917771043e-08,0.6559955843797434,0.7313024605231103,0.03571315749941323,0.47794117647058826,0.0648727794120964,0.47727272727272724,0.05732824954217543,0.47034340998547336,0.01236530993887648,0.6784225553131997,0.025571190494256792,0.4617100837088848,0.05993399621157708,True
3,LogisticRegression,3.003768699351469,2.1695329027691295,4.158787537947637,3.456715475820173e-11,0.6894922036704844,0.7465838371758244,0.049314436423425305,0.5359531772575251,0.15142938401240028,0.4619450317124736,0.04192057244528669,0.4806692872299718,0.03491827910392953,0.7081695827989988,0.01100401996338284,0.4733533307702786,0.05719982941140149,True
4,ANN,2.6259415977975595,1.9716421922802287,3.4973735610054013,4.030436924273268e-11,0.6781426797295432,0.6851925674927468,0.04121356361414575,0.41159862514029183,0.05138991172011563,0.5773431994362227,0.03861929213668599,0.47969087344540545,0.04500956019861921,0.7022269855418267,0.039069754391005636,0.44538430625254954,0.030679139703199215,True
5,Ensemble,3.3720158168878283,2.423512819974682,4.691739435263426,5.478568402775957e-13,0.7104491513729819,0.7600823865523885,0.009609978237207746,0.5219990435198469,0.015828951854074964,0.4843199436222692,0.04668814073039744,0.5008177008177007,0.024100380182396904,0.7182905782896908,0.010757356597505523,0.49905395529414825,0.04495416659841104,True
