,Model,HR,CI_lower,CI_upper,p,cindex,accuracy_mean,accuracy_std,precision_mean,precision_std,recall_mean,recall_std,f1_mean,f1_std,roc_auc_mean,roc_auc_std,pr_auc_mean,pr_auc_std,FDR,Sig
0,SVM,4.47801097266626,2.872257800886179,6.981470209649214,3.673675906684609e-11,0.6263550135501355,0.8304093567251463,0.0172159081214968,0.5078502415458938,0.1257924309187369,0.27240143369175623,0.151133825392889,0.34145739942841385,0.16610060204513302,0.7849911756054514,0.026990751812634984,0.4822606274690647,0.0637543420289113,3.673675906684609e-11,True
1,RandomForest,5.640837445650742,3.896696252209247,8.165647263426205,4.876298816880878e-20,0.7353206865401988,0.8362573099415204,0.020813018035148765,0.5247443951712244,0.06198556281539434,0.5336917562724014,0.22217654750866295,0.513311944163008,0.15303495177015594,0.7951362333997887,0.04216743005157018,0.48192054492341113,0.09867494821602019,2.9257792901285268e-19,True
2,XGBoost,4.75669543639578,3.089640639438705,7.323230794484542,1.4020809576843154e-12,0.6224593495934959,0.8284600389863547,0.009939609188290021,0.47385620915032683,0.10008753484387946,0.31218637992831544,0.23711296092038217,0.3400738150738151,0.21534673081227357,0.7736337622061713,0.055356902831037905,0.45426092764047016,0.04866169200715567,1.6824971492211785e-12,True
3,LogisticRegression,4.1845523951112495,2.904000364522978,6.029778426115188,1.5940456489657888e-14,0.713207618187293,0.7855750487329435,0.0370882993965701,0.44325003490157755,0.06732877669471135,0.5641577060931899,0.12590393347727685,0.4838788470933073,0.03539156424430655,0.758038006631006,0.054205613174584895,0.49288888072650633,0.10967294899377135,2.3910684734486833e-14,True
4,ANN,4.862135162457323,3.2665771191743564,7.237042774602887,6.531884103123838e-15,0.6813083408611864,0.8070175438596491,0.019099335226379553,0.4496032526723064,0.0600346374339571,0.4121863799283154,0.11919920536427164,0.42736061246488255,0.09008980302754402,0.7593050153791404,0.042334520952882954,0.4282447306212334,0.051120492768166416,1.3063768206247676e-14,True
5,Ensemble (Mean),5.254236417604877,3.6229645445306287,7.620002898941409,2.1899311670334517e-18,0.709180216802168,0.8245614035087719,0.049621528504319126,0.5371811045696664,0.12115957821896678,0.521505376344086,0.042333375666730184,0.524074074074074,0.07808580978632598,0.7913368413025242,0.04809085367724722,0.4857425313934279,0.0880644994246172,6.569793501100355e-18,True
