,Model,HR,CI_lower,CI_upper,p,cindex,accuracy_mean,accuracy_std,precision_mean,precision_std,recall_mean,recall_std,f1_mean,f1_std,roc_auc_mean,roc_auc_std,pr_auc_mean,pr_auc_std,Sig
0,SVM,2.8872479946252723,2.088375245559696,3.9917160482495126,1.401766504309113e-10,0.6576859390092452,0.7236506987354107,0.0363492976320879,0.4479549186445739,0.07677932158393813,0.36169837914023956,0.024013590062123818,0.39722797540464044,0.03842597370693978,0.6765982397683977,0.03493304376274078,0.4231185393628915,0.04222076890743076,True
1,RandomForest,3.543444643195858,2.5696013698302242,4.886361007903342,1.1996770564080513e-14,0.6984269352835656,0.7332735366420836,0.026079038255620135,0.4658944658944659,0.05624897491858137,0.4307610993657505,0.028492245183813016,0.4472868217054264,0.041004747768800594,0.6888403315129749,0.024760280679016394,0.4838241038064261,0.07472887938867918,True
2,XGBoost,2.563749712268977,1.859570413085417,3.5345865587598757,9.127434008170168e-09,0.6787118807782531,0.692955063893872,0.0389447794807515,0.40376904570970334,0.05386940193482119,0.43851303735024666,0.004733977745787318,0.4182932326913525,0.029810002528866043,0.6659159705316283,0.015386139710093298,0.45598325870865725,0.04706122559453432,True
3,LogisticRegression,2.9748867529279046,2.1584688792826383,4.1001059953605585,2.7272171163592437e-11,0.6657409962743204,0.7274710428985892,0.011251214360233127,0.4412763203085784,0.038994833336993065,0.38460183227625083,0.08545639760984097,0.4089453438112442,0.06513044368247056,0.6928983673879822,0.018799078563687812,0.4582490959830669,0.049101069812676985,True
4,ANN,2.275355420233404,1.6515246618404846,3.134825902397322,4.940246474531942e-07,0.6141851800745136,0.7159435696409985,0.010481275382392064,0.41372287991885764,0.018623652073196884,0.33844256518675125,0.06648190542889704,0.3695702671312427,0.04673090345822836,0.6578519149351743,0.022915646370460535,0.422840457669926,0.05923577563969204,True
5,Ensemble,3.7301805138858093,2.621493618476997,5.307755307166122,2.567493243220065e-13,0.6664999310059335,0.7466502779438796,0.016770083605984785,0.4916666666666667,0.04461771778946945,0.3465468639887244,0.06745524295734612,0.40284895177100816,0.04920931940279113,0.6747437263015108,0.03414908129518525,0.4677281017555717,0.07577542128536714,True
