,Model,HR,CI_lower,CI_upper,p,cindex,accuracy_mean,accuracy_std,precision_mean,precision_std,recall_mean,recall_std,f1_mean,f1_std,roc_auc_mean,roc_auc_std,pr_auc_mean,pr_auc_std,Sig
0,SVM,1.7750992306173818,1.5193323793165614,2.0739222841784093,4.862984231037187e-13,0.724368704291431,0.69490399309016,0.03215023845020163,0.39351851851851843,0.05819354208322469,0.3844256518675124,0.02578260483428713,0.38753106185687364,0.036623561024992465,0.6764962299668497,0.02954317677624445,0.43685816580385534,0.04189159901640307,True
1,RandomForest,1.8557380438184397,1.5607587002400503,2.2064677177486987,2.555580147517693e-12,0.7363391748309646,0.7581556042787855,0.004738380560370176,0.5237697374794149,0.012700007620100137,0.36927413671599724,0.05710419895668189,0.4299087893864013,0.03556718896154191,0.6836655828933479,0.015286426063653897,0.47497551663765963,0.057668615548050105,True
2,XGBoost,1.5293815389053442,1.312338670605571,1.7823203292981964,5.306476607217097e-08,0.6969090658203394,0.7582109715854982,0.019878679814796615,0.5225357018460467,0.05478217471291198,0.36962649753347426,0.041034531456935135,0.43258832011535686,0.045477053294938216,0.6590334513111008,0.021353587191941446,0.46246166005722955,0.050746602234955404,True
3,LogisticRegression,1.705581511718139,1.4065899826815706,2.0681281175974973,5.656653018887084e-08,0.7331999448047468,0.740925298429783,0.016303173996634772,0.4744252873563218,0.03576864858265567,0.39992952783650454,0.07622892846373852,0.4319022120226939,0.05920734140338951,0.6892340838639436,0.018286524617201157,0.45428666675236534,0.03139018598762079,True
4,ANN,1.530696400905417,1.2854821449866087,1.822686904584898,1.759645050268713e-06,0.6723471781426797,0.7332624631807411,0.02303065400942734,0.46808821808821816,0.05205261109993363,0.38460183227625083,0.02850967030290005,0.4186938003785448,0.003646704216962727,0.6703590583627864,0.03303318232369058,0.4590885195749253,0.0592509361511136,True
5,Ensemble,1.805619437694371,1.524206789088069,2.138988998815802,8.167196340497318e-12,0.7244721953911963,0.7658405864505128,0.0020828118153347662,0.5485364396654719,0.005671098430719119,0.3461945031712474,0.03816004208281024,0.4233514574065342,0.02915454284502106,0.6719819354561055,0.017173366609189132,0.471839150579503,0.03965929454087923,True
