,Model,HR,CI_lower,CI_upper,p,cindex,accuracy_mean,accuracy_std,precision_mean,precision_std,recall_mean,recall_std,f1_mean,f1_std,roc_auc_mean,roc_auc_std,pr_auc_mean,pr_auc_std,Sig
0,SVM,1.8575100847079518,1.5883196202716816,2.172323297373586,9.03357021435079e-15,0.7554850282875673,0.73125816667774,0.02776956968892028,0.49184782608695654,0.09468071407708883,0.38583509513742076,0.11371705020146287,0.4072793623355421,0.054159148985281964,0.7009827721837308,0.020633827780659746,0.44368267640707687,0.0536668806846569,True
1,RandomForest,2.038075861800068,1.7385961024100784,2.389142143304054,1.6241026478807391e-18,0.7725610597488616,0.7542798928088942,0.023576400417654443,0.5133544918336884,0.06561850780406178,0.4228329809725159,0.03625037674309143,0.4624819624819625,0.0430125788190155,0.7089391746190965,0.012165539639082224,0.4793263640653523,0.08355687196709899,True
2,XGBoost,1.2858923128449875,1.119777653463855,1.4766494358223097,0.00036669456264685937,0.6178418655995584,0.7236617721967532,0.01978537826066907,0.4466666666666667,0.0410960933531265,0.41472868217054265,0.060295927077922654,0.4267646472414481,0.03369808443144329,0.6908920935860401,0.023077031124197345,0.47311203140380903,0.0628383035454294,True
3,LogisticRegression,1.5990399803149185,1.0667666482401335,2.396896137373391,0.023030807270214095,0.7531737270594728,0.740858857661728,0.043152706278831034,0.5091269841269841,0.11254600694164336,0.45419309372797745,0.057188931392782354,0.46847455264220916,0.03004975048183453,0.7024853334723741,0.022669461506412726,0.4494814105545135,0.08115952914895899,True
4,ANN,1.7691299456406098,1.5212680901485032,2.0573762013616026,1.2856843645770776e-13,0.7368221332965365,0.7254556729342457,0.040459848704631485,0.4728049728049728,0.11857729406018368,0.3851303735024665,0.08949826038111827,0.40962124453780424,0.05074590816891838,0.6980059439938723,0.015449129863103522,0.4521333313711334,0.06329061649792772,True
5,Ensemble,1.3405801415159069,1.212420076440142,1.4822874932123709,1.0840186937854794e-08,0.7609700565751345,0.7504374017230306,0.0301761838329039,0.5589635854341737,0.16037741679334816,0.3391472868217054,0.06917274533943701,0.40088522473233734,0.023605798209104353,0.7113417043338931,0.017119611380967657,0.47608031479939156,0.06716885071748017,True
