,Model,HR,CI_lower,CI_upper,p,cindex,accuracy_mean,accuracy_std,precision_mean,precision_std,recall_mean,recall_std,f1_mean,f1_std,roc_auc_mean,roc_auc_std,pr_auc_mean,pr_auc_std,Sig
0,SVM,1.7517504952097123,1.4948339563061734,2.0528231811446433,4.267840958129305e-12,0.7460328411756589,0.7351449516089739,0.024613492452021574,0.4591538729469764,0.08426889692752035,0.3157152924594785,0.09069304734034649,0.36827625852016094,0.07585691389715334,0.7043486042332129,0.0268966899001121,0.4803752634524215,0.0765994780259172,True
1,RandomForest,2.01811322050747,1.6972832043209625,2.399588330585315,1.882796973263259e-15,0.7787360287015317,0.7619980953646491,0.0024520654338141754,0.5239655693144065,0.008454564970483308,0.49207188160676535,0.05218569580551655,0.5063365753020926,0.03167705002662989,0.7126006131864466,0.022236110003357016,0.5141521911433258,0.048430529313099636,True
2,XGBoost,1.1821230267514065,1.017158020754692,1.373842433390122,0.029123308455423484,0.6195322202290603,0.761975948441964,0.022390785275290724,0.5291005291005292,0.08357443914778476,0.3456659619450317,0.11365807682161076,0.41047696147878304,0.1055353076273279,0.681138019918421,0.020930255589176414,0.4867029028730096,0.06650423163890924,True
3,LogisticRegression,1.784941090008958,1.5196710347503608,2.096516036660355,1.688997656937138e-12,0.7412032565199392,0.7446902752862489,0.02205100149844566,0.496870882740448,0.055786218248912334,0.4772727272727273,0.033514126350136,0.48297769646084254,0.008824913154605847,0.7129546809779367,0.016225754781775154,0.47323206944571883,0.03339163682775701,True
4,ANN,1.4405825955747276,1.2437159565421996,1.6686110713273659,1.1212594505523451e-06,0.6380916241203256,0.6239452528071224,0.09211620538699557,0.3337834835782852,0.06354617658474306,0.42265680056377736,0.0541633708839292,0.36439530025414824,0.03315698120422626,0.609033058189813,0.0909663492685478,0.3582170318268388,0.07863715249877443,True
5,Ensemble,1.6978626998994657,1.4557270611733355,1.9802735173353017,1.5489556507581933e-11,0.7477921898716711,0.7581334573561004,0.012876840597583455,0.5209790209790209,0.039086305657826684,0.39975334742776597,0.052607481849758435,0.4504291082786445,0.04150234933364704,0.6914292007182118,0.018369386460437852,0.4818176906865898,0.052202304613840324,True
