,Model,HR,CI_lower,CI_upper,p,cindex,accuracy_mean,accuracy_std,precision_mean,precision_std,recall_mean,recall_std,f1_mean,f1_std,roc_auc_mean,roc_auc_std,pr_auc_mean,pr_auc_std,Sig
0,SVM,2.788928553874903,1.9903102185776589,3.9079950482177903,2.5433008311142845e-09,0.6509245204912377,0.7408920780457556,0.012207043459186544,0.4793650793650794,0.01995207157139132,0.36874559548978153,0.06513482875856066,0.41198895207919856,0.038106040428298675,0.6829422500690031,0.03137989175605934,0.4291214977140374,0.027845310604355453,True
1,RandomForest,3.597342697113129,2.566128293207699,5.0429569381727495,1.1030240081689571e-13,0.6916655167655582,0.7562509689278675,0.019368221471693956,0.5184421329507413,0.04118840489928275,0.4230091613812544,0.00622891808656225,0.46486376368729304,0.01357993033797903,0.7120377152287324,0.018831750501112857,0.4701310983558334,0.03845815210182499,True
2,XGBoost,3.688793945804864,2.6919450296559115,5.05478404079667,4.631294104326023e-16,0.7123982337518974,0.7580891635107302,0.0532326637379082,0.5297837292098411,0.12454018951577314,0.4770965468639887,0.059154654746816936,0.5004620847317477,0.08733019110869146,0.6956864663237821,0.028187745622463595,0.4610526427995953,0.06450871024816977,True
3,LogisticRegression,2.5329101032287924,1.8192791952776133,3.526470047968364,3.7063941974833144e-08,0.6379536359873051,0.7370717338825769,0.02556927206018456,0.4779693486590038,0.043915300330833906,0.3763213530655391,0.05612168778594656,0.4152718241818058,0.016529383312880497,0.6692214170822371,0.03015715016559023,0.4419803501083794,0.04416891561194463,True
4,ANN,2.4444831639983504,1.7514072387517152,3.4118266767758234,1.485301506794224e-07,0.632261625500207,0.7351338781476313,0.012202723281498223,0.4586834733893557,0.036239072921388275,0.3608174770965468,0.06695226427914655,0.40200800764181044,0.05246534366646148,0.6530113504461098,0.0020722755656350242,0.42614112168177315,0.030569759014046884,True
5,Ensemble,3.7689738781041164,2.7372289310999243,5.189614917639717,4.287307038319873e-16,0.6956671726231544,0.7465838371758244,0.029841895605734085,0.5081585081585082,0.07805812995782191,0.4304087385482734,0.0436962932471596,0.45927415080338624,0.016833091472621634,0.7089590168988358,0.02774477176149397,0.4725816742122615,0.041427801655657945,True
