,Model,HR,CI_lower,CI_upper,p,cindex,accuracy_mean,accuracy_std,precision_mean,precision_std,recall_mean,recall_std,f1_mean,f1_std,roc_auc_mean,roc_auc_std,pr_auc_mean,pr_auc_std,Sig
0,SVM,1.7271427725691804,1.495788383837661,1.9942808682499469,9.514602250739584e-14,0.7377018076445425,0.7408920780457556,0.012207043459186544,0.4793650793650794,0.01995207157139132,0.36874559548978153,0.06513482875856066,0.41198895207919856,0.038106040428298675,0.6829422500690031,0.03137989175605934,0.4291214977140374,0.027845310604355453,True
1,RandomForest,1.8422477285398775,1.5676449943416924,2.1649523365049514,1.180284493402703e-13,0.7584517731475093,0.7619980953646491,0.030509630753937676,0.5402116402116403,0.07922297683973284,0.42318534178999295,0.013764640581130796,0.4722087801068011,0.03263483613716312,0.7066140587621149,0.02581534805503506,0.47327507347173037,0.04119682085474212,True
2,XGBoost,1.5310384387875524,1.2614452084098207,1.8582485274964693,1.6308978369061446e-05,0.7303884365944529,0.7657852191438,0.03164680950437094,0.5328947368421052,0.06600840764601937,0.4696969696969697,0.07907812065280809,0.4989513609995538,0.0731911991308427,0.7049377068283512,0.02781550466056089,0.4921649463671991,0.06330560038344286,True
3,LogisticRegression,1.9019032759665098,1.5199087859504496,2.379903389314355,1.9124375233211947e-08,0.7270249758520767,0.7351560250703164,0.028262358720738342,0.4751348815388224,0.04787632905550041,0.3763213530655391,0.05612168778594656,0.41371346357716193,0.014740007203125623,0.6699207177815379,0.029168205461990393,0.4426817262133867,0.04319402601429983,True
4,ANN,1.3454641824635796,1.165387564959805,1.553366382757676,5.1719323959696895e-05,0.6137712156754519,0.6699222643013752,0.055673088687275996,0.38371399803926765,0.049826912779388936,0.46881606765327694,0.038120978689761005,0.4173887415266726,0.0181324920802275,0.6295463028598126,0.05225467417279997,0.37120078253559236,0.07395154802131909,True
5,Ensemble,1.2589691333906234,1.1060919048445466,1.4329761133665457,0.0004893384715020879,0.755933489719884,0.7561623812371271,0.033592702444369474,0.5260112647209422,0.08388525217727927,0.4080338266384778,0.03279795991041606,0.45691467454561735,0.04501374192572322,0.7053589776694694,0.035280145833683246,0.45414094180559744,0.0725580533325338,True
