,Model,HR,CI_lower,CI_upper,p,cindex,accuracy_mean,accuracy_std,precision_mean,precision_std,recall_mean,recall_std,f1_mean,f1_std,roc_auc_mean,roc_auc_std,pr_auc_mean,pr_auc_std,Sig
0,SVM,3.24771093462327,2.2785635796380346,4.629068246823779,7.297630549708498e-11,0.6368152338898855,0.7408477842003854,0.013154125530246797,0.48062015503875966,0.027407239580873932,0.3079633544749824,0.0981563655897401,0.36329453626666064,0.06036762877556978,0.6806660778123588,0.029363018185785954,0.42941051937862434,0.025004691778978967,True
1,RandomForest,3.6438132836222183,2.62730121136413,5.05361744914202,9.30647968160517e-15,0.6958569063060577,0.740925298429783,0.036369441504316175,0.48309023309023313,0.07241007138897625,0.42353770260747003,0.04340764931482591,0.45103522716122074,0.05635620909284819,0.7082032619135404,0.019513518658764797,0.46847855196058613,0.04651683470124002,True
2,XGBoost,3.004197260684581,2.1742158538996263,4.1510143369239705,2.5967283006529024e-11,0.6786601352283703,0.7274710428985892,0.027260590366801025,0.46557971014492755,0.050144194515878815,0.40873854827343203,0.1003034538877178,0.42167329078727334,0.04502132615186345,0.7021228239184922,0.009829019868607713,0.4626395126909742,0.05772772662681729,True
3,LogisticRegression,3.4753603780605755,2.5106110223504667,4.810832761375215,5.985161776060317e-14,0.7062577618324825,0.746716718711935,0.03023598024647887,0.498026483320601,0.06681405182974226,0.45419309372797745,0.033275251213045885,0.47361459711098847,0.04168688904695213,0.6742165713450996,0.0262308032824406,0.4546928800090167,0.04728282261729667,True
4,ANN,3.094983154238942,2.232015750368726,4.29160086502096,1.2509569562822939e-11,0.6565820339450807,0.7216131818483822,0.027953526995282446,0.4431530676786844,0.04849562331339175,0.37720225510923183,0.03192416230572136,0.4037296037296037,0.008572543674834027,0.6638388521354969,0.014833100166414825,0.4117483000046092,0.003016608992308759,True
5,Ensemble,3.457565881734977,2.51977549153881,4.744375785335174,1.5312326699736893e-14,0.6878708431074928,0.727426749053219,0.022422208880474817,0.4569210595331759,0.0431280624698114,0.4233615221987315,0.06268507855916713,0.4351835706674416,0.029913734560190863,0.7062933235177153,0.015202963920552155,0.4523949116678229,0.02856590537508993,True
