,Model,HR,CI_lower,CI_upper,p,cindex,accuracy_mean,accuracy_std,precision_mean,precision_std,recall_mean,recall_std,f1_mean,f1_std,roc_auc_mean,roc_auc_std,pr_auc_mean,pr_auc_std,Sig
0,SVM,3.00384666927693,2.2244629529167796,4.056302578874045,7.136553028107474e-13,0.6650165585759624,0.7062985848116403,0.03317072673390292,0.4349684132292828,0.04823551540124934,0.4538407329105003,0.18038946778684298,0.4173280423280423,0.08181299803252753,0.6672505759226867,0.027693867138984973,0.42130104584116834,0.03026785333581117,True
1,RandomForest,3.7098573706227516,2.635164269789015,5.222840134921038,5.818396511867404e-14,0.6588070925900372,0.7524306247646889,0.02407590019523853,0.5130811217767739,0.06029957823659554,0.35394644115574353,0.048357590873173324,0.41579014663624925,0.04134528715140699,0.7029255362070913,0.023709227635087142,0.48045658337058317,0.05372236703438788,True
2,XGBoost,3.7777733122271986,2.720013184240518,5.246875743567752,2.1878716951503686e-15,0.711691044570167,0.7485327663721127,0.032162460050738605,0.49734349734349736,0.06955907554679795,0.43886539816772374,0.05310780090191965,0.4662209814869233,0.06044322292869999,0.7207104984488262,0.02738476068118143,0.49195665681803097,0.04362962835624249,True
3,LogisticRegression,3.370857943249557,2.456086850321963,4.626336105369859,5.363966776521931e-14,0.6988581481992548,0.7216464022324098,0.01721937837157951,0.44615788528237227,0.029990671350222285,0.4312896405919662,0.05146880799580045,0.4347511304463308,0.013702627669428086,0.6676128475347363,0.022084694538967938,0.450323368575281,0.04962516527006374,True
4,ANN,2.9845856820213807,2.1725392240337182,4.10015690155787,1.4918267932344352e-11,0.6428349661929074,0.725499966779616,0.010530005866641932,0.442979242979243,0.023208018306259785,0.3844256518675124,0.017440970642374338,0.4114117508181569,0.017773926421453732,0.6241384643523823,0.022905024334418277,0.4028147005290503,0.014644242679785919,True
5,Ensemble,3.828733972820402,2.7555037490011856,5.319972378895425,1.2488910036674915e-15,0.6903718780184904,0.74852169291077,0.03581817841513532,0.5106271777003485,0.09360800808479597,0.4154334038054968,0.004484821022324824,0.4547688683482896,0.03719693803242061,0.7050015373111415,0.02725541136156964,0.46359412501243275,0.028176397701364132,True
