,Model,HR,CI_lower,CI_upper,p,cindex,accuracy_mean,accuracy_std,precision_mean,precision_std,recall_mean,recall_std,f1_mean,f1_std,roc_auc_mean,roc_auc_std,pr_auc_mean,pr_auc_std,Sig
0,SVM,2.788928553874903,1.9903102185776589,3.9079950482177903,2.5433008311142845e-09,0.6509245204912377,0.7408920780457556,0.012207043459186544,0.4793650793650794,0.01995207157139132,0.36874559548978153,0.06513482875856066,0.41198895207919856,0.038106040428298675,0.6829422500690031,0.03137989175605934,0.4291214977140374,0.027845310604355453,True
1,RandomForest,3.1600436744849505,2.265671678175358,4.407468266847206,1.2193360955572451e-11,0.6719849592935008,0.7619980953646491,0.030509630753937676,0.5402116402116403,0.07922297683973284,0.42318534178999295,0.013764640581130796,0.4722087801068011,0.03263483613716312,0.7066140587621149,0.02581534805503506,0.47327507347173037,0.04119682085474212,True
2,XGBoost,3.8934723346405513,2.8284918430589445,5.3594380545277165,7.614082028247691e-17,0.7148475231130123,0.7657852191438,0.03164680950437094,0.5328947368421052,0.06600840764601937,0.4696969696969697,0.07907812065280809,0.4989513609995538,0.0731911991308427,0.7049377068283512,0.02781550466056089,0.4921649463671991,0.06330560038344286,True
3,LogisticRegression,2.5098560701474333,1.8046338942270468,3.4906678373975906,4.55981105822241e-08,0.6369014764730233,0.7351560250703164,0.028262358720738342,0.4751348815388224,0.04787632905550041,0.3763213530655391,0.05612168778594656,0.41371346357716193,0.014740007203125623,0.6699207177815379,0.029168205461990393,0.4426817262133867,0.04319402601429983,True
4,ANN,1.726128438261575,1.2915027036891882,2.307017536133933,0.00022568079661009976,0.5969884089968263,0.6699222643013752,0.055673088687275996,0.38371399803926765,0.049826912779388936,0.46881606765327694,0.038120978689761005,0.4173887415266726,0.0181324920802275,0.6295463028598126,0.05225467417279997,0.37120078253559236,0.07395154802131909,True
5,Ensemble,3.726797132385932,2.659512684335746,5.22239166136145,2.1401989677318902e-14,0.7017214019594314,0.7561623812371271,0.033592702444369474,0.5260112647209422,0.08388525217727927,0.4080338266384778,0.03279795991041606,0.45691467454561735,0.04501374192572322,0.7053589776694694,0.035280145833683246,0.45414094180559744,0.0725580533325338,True
