,Model,HR,CI_lower,CI_upper,p,cindex,accuracy_mean,accuracy_std,precision_mean,precision_std,recall_mean,recall_std,f1_mean,f1_std,roc_auc_mean,roc_auc_std,pr_auc_mean,pr_auc_std,Sig
0,SVM,2.7510488036084166,1.936228477377995,3.9087688298460064,1.6328491927296714e-08,0.6420242859114116,0.7197749872655196,0.018871835831194454,0.4256641604010025,0.04559827869647639,0.31571529245947855,0.03184530945086683,0.3593734946391951,0.017870221776718834,0.6642311044183936,0.01816426169281292,0.4226561389189138,0.02105621589232561,True
1,RandomForest,3.662545146515071,2.6448487288198774,5.071835225996645,5.467718088499927e-15,0.7077756312957085,0.7370828073439196,0.025470776107934533,0.4754936120789779,0.053388867395276714,0.4386892177589852,0.035345144814588746,0.45492903720751826,0.037117445219691916,0.6808794288733929,0.024450007272743598,0.443436117243665,0.0572850215978926,True
2,XGBoost,3.0455630694941638,2.167433575122832,4.279464209066273,1.3873733173591979e-10,0.6713640126949082,0.7408256372777003,0.02414382813372059,0.4867513790386131,0.056852947052161394,0.42318534178999295,0.030175749212130572,0.44950280060206776,0.01803717215736348,0.6726561798459544,0.037565666992411914,0.4614515650683548,0.054891717936785475,True
3,LogisticRegression,3.0610088547253804,2.214400136658135,4.2312927341341275,1.2653774222288195e-11,0.662912239547399,0.7428520807033863,0.018928999564821542,0.47645687645687645,0.047140836289088765,0.3773784355179704,0.07854248294336476,0.4196648509870589,0.0655549406606535,0.6830849737870862,0.010551679422421488,0.4701426236485616,0.04299474822664529,True
4,ANN,2.790103759000931,1.9654146735039655,3.960832841505404,9.48012314177066e-09,0.671536497861184,0.715877128872943,0.021920827842768106,0.41746794871794873,0.052937198670388264,0.3532417195207893,0.0563672691139103,0.38198713553400593,0.05367199331128936,0.6615978331982237,0.05426172805935208,0.41898739224750686,0.03505010985913459,True
5,Ensemble,3.7621144838076575,2.6780553381618284,5.284993624885318,2.1645944620137674e-14,0.6872843935421554,0.7543463335769495,0.02136745384444544,0.5126984126984127,0.06027567474935722,0.39235377026074697,0.03821206448785552,0.44375144375144376,0.04331978071510664,0.6773480410352414,0.034887322860929514,0.4503868246936536,0.056052952267464456,True
