,Model,HR,CI_lower,CI_upper,p,cindex,accuracy_mean,accuracy_std,precision_mean,precision_std,recall_mean,recall_std,f1_mean,f1_std,roc_auc_mean,roc_auc_std,pr_auc_mean,pr_auc_std,Sig
0,SVM,1.7384206267541988,1.4839465788163693,2.0365330657219243,7.499123630115549e-12,0.7190906582033945,0.7197749872655196,0.018871835831194454,0.4256641604010025,0.04559827869647639,0.31571529245947855,0.03184530945086683,0.3593734946391951,0.017870221776718834,0.6642311044183936,0.01816426169281292,0.4226561389189138,0.02105621589232561,True
1,RandomForest,1.8080214361725988,1.529221737677339,2.137650435589978,4.18016530277048e-12,0.7279908927832206,0.7370828073439196,0.025470776107934533,0.4754936120789779,0.053388867395276714,0.4386892177589852,0.035345144814588746,0.45492903720751826,0.037117445219691916,0.6808794288733929,0.024450007272743598,0.443436117243665,0.0572850215978926,True
2,XGBoost,1.1526417251559922,0.9955928546084261,1.3344641239848223,0.05732015412566322,0.611080447081551,0.7408256372777003,0.02414382813372059,0.4867513790386131,0.056852947052161394,0.42318534178999295,0.030175749212130572,0.44950280060206776,0.01803717215736348,0.6726561798459544,0.037565666992411914,0.4614515650683548,0.054891717936785475,False
3,LogisticRegression,1.338830851315586,1.2290391269892063,1.4584304185867947,2.32490813214113e-11,0.7157616944942735,0.7428520807033863,0.018928999564821542,0.47645687645687645,0.047140836289088765,0.3773784355179704,0.07854248294336476,0.4196648509870589,0.0655549406606535,0.6830849737870862,0.010551679422421488,0.4701426236485616,0.04299474822664529,True
4,ANN,1.7074128860445794,1.4470203082485176,2.01466333735131,2.348434632923621e-10,0.7205050365668553,0.715877128872943,0.021920827842768106,0.41746794871794873,0.052937198670388264,0.3532417195207893,0.0563672691139103,0.38198713553400593,0.05367199331128936,0.6615978331982237,0.05426172805935208,0.41898739224750686,0.03505010985913459,True
5,Ensemble,1.8244178617566555,1.546139346232906,2.152781728507497,1.0749877267177197e-12,0.7327169863391748,0.7543463335769495,0.02136745384444544,0.5126984126984127,0.06027567474935722,0.39235377026074697,0.03821206448785552,0.44375144375144376,0.04331978071510664,0.6773480410352414,0.034887322860929514,0.4503868246936536,0.056052952267464456,True
