,Model,HR,CI_lower,CI_upper,p,cindex,accuracy_mean,accuracy_std,precision_mean,precision_std,recall_mean,recall_std,f1_mean,f1_std,roc_auc_mean,roc_auc_std,pr_auc_mean,pr_auc_std,Sig
0,SVM,1.7384206267541988,1.4839465788163693,2.0365330657219243,7.499123630115549e-12,0.7190906582033945,0.7197749872655196,0.018871835831194454,0.4256641604010025,0.04559827869647639,0.31571529245947855,0.03184530945086683,0.3593734946391951,0.017870221776718834,0.6642311044183936,0.01816426169281292,0.4226561389189138,0.02105621589232561,True
1,RandomForest,1.8080214361725988,1.529221737677339,2.137650435589978,4.18016530277048e-12,0.7279908927832206,0.7370828073439196,0.025470776107934533,0.4754936120789779,0.053388867395276714,0.4386892177589852,0.035345144814588746,0.45492903720751826,0.037117445219691916,0.6808794288733929,0.024450007272743598,0.443436117243665,0.0572850215978926,True
2,XGBoost,1.1526417251559922,0.9955928546084261,1.3344641239848223,0.05732015412566322,0.611080447081551,0.7408256372777003,0.02414382813372059,0.4867513790386131,0.056852947052161394,0.42318534178999295,0.030175749212130572,0.44950280060206776,0.01803717215736348,0.6726561798459544,0.037565666992411914,0.4614515650683548,0.054891717936785475,False
3,LogisticRegression,1.338830851315586,1.2290391269892063,1.4584304185867947,2.32490813214113e-11,0.7157616944942735,0.7428520807033863,0.018928999564821542,0.47645687645687645,0.047140836289088765,0.3773784355179704,0.07854248294336476,0.4196648509870589,0.0655549406606535,0.6830849737870862,0.010551679422421488,0.4701426236485616,0.04299474822664529,True
4,ANN,1.709812509774589,1.4711852125756673,1.9871453258175797,2.6732212109718497e-12,0.6894577066372292,0.7390317365402077,0.02773051644414237,0.4822199730094467,0.0745522279880163,0.37649753347427767,0.03911760558361098,0.41917797714899163,0.035252066461498636,0.6701699463327371,0.021590129093192766,0.4483407182918487,0.030619774326847624,True
5,Ensemble,1.832422345800017,1.5497907405460478,2.16659679629017,1.3809419385045829e-12,0.7315785842417553,0.7524306247646889,0.028281537889822156,0.5103158642580083,0.06679234218948782,0.45401691331923894,0.041092734887074434,0.4786402228262694,0.04421742348974442,0.6848742963646212,0.030021654549137057,0.4672460500436238,0.06576144985196819,True
