,Model,HR,CI_lower,CI_upper,p,cindex,accuracy_mean,accuracy_std,precision_mean,precision_std,recall_mean,recall_std,f1_mean,f1_std,roc_auc_mean,roc_auc_std,pr_auc_mean,pr_auc_std,Sig
0,SVM,2.7510488036084166,1.936228477377995,3.9087688298460064,1.6328491927296714e-08,0.6420242859114116,0.7197749872655196,0.018871835831194454,0.4256641604010025,0.04559827869647639,0.31571529245947855,0.03184530945086683,0.3593734946391951,0.017870221776718834,0.6642311044183936,0.01816426169281292,0.4226561389189138,0.02105621589232561,True
1,RandomForest,3.662545146515071,2.6448487288198774,5.071835225996645,5.467718088499927e-15,0.7077756312957085,0.7370828073439196,0.025470776107934533,0.4754936120789779,0.053388867395276714,0.4386892177589852,0.035345144814588746,0.45492903720751826,0.037117445219691916,0.6808794288733929,0.024450007272743598,0.443436117243665,0.0572850215978926,True
2,XGBoost,3.0455630694941638,2.167433575122832,4.279464209066273,1.3873733173591979e-10,0.6713640126949082,0.7408256372777003,0.02414382813372059,0.4867513790386131,0.056852947052161394,0.42318534178999295,0.030175749212130572,0.44950280060206776,0.01803717215736348,0.6726561798459544,0.037565666992411914,0.4614515650683548,0.054891717936785475,True
3,LogisticRegression,3.0610088547253804,2.214400136658135,4.2312927341341275,1.2653774222288195e-11,0.662912239547399,0.7428520807033863,0.018928999564821542,0.47645687645687645,0.047140836289088765,0.3773784355179704,0.07854248294336476,0.4196648509870589,0.0655549406606535,0.6830849737870862,0.010551679422421488,0.4701426236485616,0.04299474822664529,True
4,ANN,3.3772786210563632,2.4323046288478345,4.6893841951233375,3.6624391683232443e-13,0.6680178004691597,0.7390317365402077,0.02773051644414237,0.4822199730094467,0.0745522279880163,0.37649753347427767,0.03911760558361098,0.41917797714899163,0.035252066461498636,0.6701699463327371,0.021590129093192766,0.4483407182918487,0.030619774326847624,True
5,Ensemble,3.6506264244627795,2.674239272399356,4.983500701875754,3.5063881303496176e-16,0.6978749827514834,0.7524306247646889,0.028281537889822156,0.5103158642580083,0.06679234218948782,0.45401691331923894,0.041092734887074434,0.4786402228262694,0.04421742348974442,0.6848742963646212,0.030021654549137057,0.4672460500436238,0.06576144985196819,True
