,Model,HR,CI_lower,CI_upper,p,cindex,accuracy_mean,accuracy_std,precision_mean,precision_std,recall_mean,recall_std,f1_mean,f1_std,roc_auc_mean,roc_auc_std,pr_auc_mean,pr_auc_std,Sig
0,SVM,2.9395587045659033,2.1345058374050185,4.048246308894754,4.009766239490715e-11,0.6710017938457292,0.7255221137023011,0.01655829452183222,0.4468864468864469,0.039649652945371226,0.39235377026074697,0.004235664298862331,0.4168438607462998,0.014738127522762982,0.7089626377528028,0.008977312514569246,0.4625085860649863,0.029039393855032333,True
1,RandomForest,3.909314689053175,2.7683797800122396,5.520464153216491,9.702631754281398e-15,0.7151752449289361,0.7543131131929218,0.021213451599207293,0.516078431372549,0.05357212976235055,0.46159267089499645,0.0571824179706858,0.48300087009764425,0.030231193192235675,0.7214603255789124,0.009555283950908496,0.4631208401202242,0.006557143776192607,True
2,XGBoost,3.5323557515447264,2.423305351845788,5.148974373356289,5.249792969475648e-11,0.6318131640678901,0.7524084778420038,0.004135993400732914,0.5151515151515151,0.021427478217774146,0.27642706131078226,0.09685148417132619,0.34619551057907216,0.08769166629531129,0.7204880952528742,0.021237536790971855,0.45414205089448584,0.029004450678228877,True
3,LogisticRegression,3.118913553581017,2.2384979566052814,4.345602249047153,1.7969797142352742e-11,0.6893369670208362,0.7351338781476314,0.007799223641098797,0.4674603174603174,0.01718151627632754,0.4156095842142354,0.035198182578066096,0.4384349827387802,0.011391823862614099,0.6745269406018563,0.014717611283907046,0.430840305764798,0.011814773710577311,True
4,ANN,2.34000916080236,1.7197869661747058,3.183907646897888,6.275165444257693e-08,0.6443700841727611,0.702400726419064,0.035509491409479184,0.4245657267135243,0.037510997535402636,0.4696969696969697,0.07907812065280809,0.43903308551802095,0.012662247934974571,0.6837999993379009,0.01736380457290259,0.461425069101431,0.04825402682843563,True
5,Ensemble,3.790774976612553,2.6929314508495006,5.33618296105488,2.203639154474321e-14,0.68412791499931,0.7504927690297434,0.004760712720765202,0.5027418723070897,0.014521836985441917,0.37649753347427767,0.0691027087922792,0.4256836659275684,0.04421454431543353,0.7329108210565694,0.020255250459272997,0.479840676609272,0.018124149820335795,True
