,Model,HR,CI_lower,CI_upper,p,cindex,accuracy_mean,accuracy_std,precision_mean,precision_std,recall_mean,recall_std,f1_mean,f1_std,roc_auc_mean,roc_auc_std,pr_auc_mean,pr_auc_std,Sig
0,SVM,2.9239829974712386,2.1099920168126003,4.0519947475518014,1.1519293600673406e-10,0.6673278598040568,0.7255774810090138,0.018291159400834634,0.4437669376693767,0.03977143664346659,0.37720225510923183,0.025663142516636508,0.40710678210678214,0.027222911588023407,0.7071217542147775,0.014070774566869095,0.4684283532584435,0.0299145564794912,True
1,RandomForest,4.14420306896692,2.937393837552026,5.84682205609436,5.685385675995551e-16,0.6891817303711881,0.7581445308174429,0.008484425091133074,0.5208333333333334,0.02946278254943948,0.37667371388301624,0.08846853219197992,0.4313578199437426,0.06577374430214032,0.7105498442618984,0.0019231757060805133,0.4578566642765134,0.013803063733333116,True
2,XGBoost,3.595152413718126,2.422020911564898,5.336502594237382,2.1604557410112028e-10,0.6281564785428453,0.760071313091046,0.003091023395155618,0.6899470899470899,0.21988694856496588,0.26092318534179,0.17102336017389114,0.3098427394202042,0.1876275587686767,0.7128621526411337,0.032490780456182485,0.4627209786535034,0.02708488497230598,True
3,LogisticRegression,2.7817547991572913,2.012769282020009,3.844533912435621,5.750675977476396e-10,0.6827652821857321,0.7236285518127256,0.01195602600607485,0.4453613053613054,0.018158971959210575,0.41596194503171247,0.060230513694759846,0.42674922769336615,0.026759267994336124,0.6720969130875042,0.013094933867643635,0.43348121032101083,0.015000539444029555,True
4,ANN,1.6877130602374264,1.259633534086924,2.26127305808883,0.0004542986779242111,0.5937974334207258,0.6370340841140124,0.07674810832867755,0.35419274092615766,0.04650478496905706,0.4626497533474278,0.1394610107622502,0.38357073548873516,0.02032885581426977,0.6186777199958454,0.010711682964213834,0.4009055019737424,0.01182405599934813,True
5,Ensemble,2.759731712469539,1.9109310998732412,3.985554018831583,6.186873115373206e-08,0.6735718228232372,0.7428299337807012,0.01737216106708492,0.48931573802541545,0.04068761339087339,0.36927413671599724,0.05710419895668189,0.4152670723461798,0.023637301574453994,0.7174471262213139,0.026457809144966565,0.4633858275339744,0.012464651909633294,True
