,Model,HR,CI_lower,CI_upper,p,cindex,accuracy_mean,accuracy_std,precision_mean,precision_std,recall_mean,recall_std,f1_mean,f1_std,roc_auc_mean,roc_auc_std,pr_auc_mean,pr_auc_std,Sig
0,SVM,2.9395587045659033,2.1345058374050185,4.048246308894754,4.009766239490715e-11,0.6710017938457292,0.7255221137023011,0.01655829452183222,0.4468864468864469,0.039649652945371226,0.39235377026074697,0.004235664298862331,0.4168438607462998,0.014738127522762982,0.7089626377528028,0.008977312514569246,0.4625085860649863,0.029039393855032333,True
1,RandomForest,3.909314689053175,2.7683797800122396,5.520464153216491,9.702631754281398e-15,0.7151752449289361,0.7543131131929218,0.021213451599207293,0.516078431372549,0.05357212976235055,0.46159267089499645,0.0571824179706858,0.48300087009764425,0.030231193192235675,0.7214603255789124,0.009555283950908496,0.4631208401202242,0.006557143776192607,True
2,XGBoost,3.5323557515447264,2.423305351845788,5.148974373356289,5.249792969475648e-11,0.6318131640678901,0.7524084778420038,0.004135993400732914,0.5151515151515151,0.021427478217774146,0.27642706131078226,0.09685148417132619,0.34619551057907216,0.08769166629531129,0.7204880952528742,0.021237536790971855,0.45414205089448584,0.029004450678228877,True
3,LogisticRegression,3.118913553581017,2.2384979566052814,4.345602249047153,1.7969797142352742e-11,0.6893369670208362,0.7351338781476314,0.007799223641098797,0.4674603174603174,0.01718151627632754,0.4156095842142354,0.035198182578066096,0.4384349827387802,0.011391823862614099,0.6745269406018563,0.014717611283907046,0.430840305764798,0.011814773710577311,True
4,ANN,2.8236020903086727,2.031702930665048,3.9241606851380335,6.362302823471018e-10,0.6754346626190147,0.7159324961796559,0.011745962395644531,0.42745388669301715,0.01045038014775195,0.39975334742776597,0.052607481849758435,0.410779054916986,0.0271370655002713,0.6789715802275716,0.003045824247712943,0.4228901785210153,0.02441793322544829,True
5,Ensemble,3.3995724496692024,2.4353784873570308,4.745501736402408,6.464520638301326e-13,0.6796605491927694,0.7485881336788253,0.011222918926991154,0.5014478764478764,0.028747930615393033,0.3918252290345314,0.06496448020573088,0.43439199352076824,0.033338030702394786,0.7250238769455883,0.017377331096571205,0.4698936836859004,0.020305191810605656,True
