,Model,HR,CI_lower,CI_upper,p,cindex,accuracy_mean,accuracy_std,precision_mean,precision_std,recall_mean,recall_std,f1_mean,f1_std,roc_auc_mean,roc_auc_std,pr_auc_mean,pr_auc_std,Sig
0,SVM,1.8535124243279777,1.6022470750641893,2.1441813566740593,1.020049096636012e-16,0.7577618324824065,0.7255774810090138,0.018291159400834634,0.4437669376693767,0.03977143664346659,0.37720225510923183,0.025663142516636508,0.40710678210678214,0.027222911588023407,0.7071217542147775,0.014070774566869095,0.4684283532584435,0.0299145564794912,True
1,RandomForest,1.9523361689986556,1.6458366161045765,2.3159142769601355,1.613269748330152e-14,0.7541396439906168,0.7581445308174429,0.008484425091133074,0.5208333333333334,0.02946278254943948,0.37667371388301624,0.08846853219197992,0.4313578199437426,0.06577374430214032,0.7105498442618984,0.0019231757060805133,0.4578566642765134,0.013803063733333116,True
2,XGBoost,1.4408908209867652,1.2245581088718627,1.6954412722125574,1.0794191595639338e-05,0.6652062922588657,0.760071313091046,0.003091023395155618,0.6899470899470899,0.21988694856496588,0.26092318534179,0.17102336017389114,0.3098427394202042,0.1876275587686767,0.7128621526411337,0.032490780456182485,0.4627209786535034,0.02708488497230598,True
3,LogisticRegression,1.809696986550517,1.484702149160558,2.205831779109157,4.274738421413073e-09,0.7248861597902581,0.7236285518127256,0.01195602600607485,0.4453613053613054,0.018158971959210575,0.41596194503171247,0.060230513694759846,0.42674922769336615,0.026759267994336124,0.6720969130875042,0.013094933867643635,0.43348121032101083,0.015000539444029555,True
4,ANN,1.2986035847264215,1.1255264560028704,1.4982955409623986,0.0003432290693307461,0.639643990616807,0.6370340841140124,0.07674810832867755,0.35419274092615766,0.04650478496905706,0.4626497533474278,0.1394610107622502,0.38357073548873516,0.02032885581426977,0.6186777199958454,0.010711682964213834,0.4009055019737424,0.01182405599934813,True
5,Ensemble,1.7392618655437333,1.5084266719162966,2.005421869855751,2.5751714599120513e-14,0.7624534290051056,0.7428299337807012,0.01737216106708492,0.48931573802541545,0.04068761339087339,0.36927413671599724,0.05710419895668189,0.4152670723461798,0.023637301574453994,0.7174471262213139,0.026457809144966565,0.4633858275339744,0.012464651909633294,True
