,Model,HR,CI_lower,CI_upper,p,cindex,accuracy_mean,accuracy_std,precision_mean,precision_std,recall_mean,recall_std,f1_mean,f1_std,roc_auc_mean,roc_auc_std,pr_auc_mean,pr_auc_std,FDR,Sig
0,SVM,6.077400061230277,4.192305898558224,8.810137522871127,1.6493450954780437e-21,0.7405901836796146,0.8382066276803118,0.0055135031671465695,0.5475262229648195,0.02190002921638175,0.5534050179211469,0.0899862886714835,0.5474322012350946,0.048089193126743486,0.7931531050611352,0.03489860216149076,0.5339404352920617,0.0560787229218571,9.896070572868263e-21,True
1,RandomForest,5.0025974644061035,3.4665809759094177,7.219211541515224,7.770135123237685e-18,0.7381624510689552,0.7914230019493177,0.005513503167146569,0.4405061169767052,0.0035213509953830433,0.6082437275985663,0.12211548961240944,0.5063326556932695,0.043198547600616456,0.7846275778671113,0.03339909012300756,0.5097061481878472,0.06343762831734429,1.554027024647537e-17,True
2,XGBoost,4.587822245080227,3.1735595200077467,6.632335968414923,5.428700765793195e-16,0.7090672990063234,0.8245614035087719,0.017215908121496752,0.5121634239281297,0.03800137884170486,0.5301075268817205,0.18088182142429712,0.5043719032352083,0.10094928391029927,0.7681583706463596,0.022567686117151924,0.4683354962052255,0.04370049428931104,6.892140182491767e-16,True
3,LogisticRegression,4.538932960746464,3.1469135706456624,6.546704241999153,5.743450152076473e-16,0.7379742547425474,0.7914230019493177,0.015348943224194571,0.4405605207988525,0.019197444141337835,0.5749103942652329,0.11981838150808936,0.4926846100759145,0.038862533115338126,0.7663207721889945,0.04001805336873583,0.46630721171447087,0.07028716474288334,6.892140182491767e-16,True
4,ANN,3.570315841225828,2.446052501083524,5.211317091706538,4.2322544630116636e-11,0.6713715748268594,0.7855750487329435,0.026297734041388004,0.405696752470946,0.08190041380538064,0.44408602150537635,0.1052336097174997,0.4237648845934263,0.09235488777696227,0.7591790044775631,0.019370215990955873,0.4474521634074577,0.04477465335167705,4.2322544630116636e-11,True
5,Ensemble (Mean),5.311712928491817,3.6843799850613626,7.657813349628542,3.6481278974834234e-19,0.7467630231857875,0.8109161793372319,0.016768665237899834,0.48187582389396894,0.03236771152812862,0.6075268817204301,0.1005821878165038,0.5327393886715921,0.040456262932015825,0.7871971834566208,0.022059411572514908,0.5196013903895793,0.05960611061732102,1.0944383692450271e-18,True
