,Model,HR,CI_lower,CI_upper,p,cindex,accuracy_mean,accuracy_std,precision_mean,precision_std,recall_mean,recall_std,f1_mean,f1_std,roc_auc_mean,roc_auc_std,pr_auc_mean,pr_auc_std,FDR,Sig
0,SVM,6.204327810733445,4.281412014624203,8.990885121907432,5.233668651252445e-22,0.7424533273110508,0.8421052631578947,0.009549667613189776,0.5577601410934744,0.028170428297995233,0.5534050179211469,0.0899862886714835,0.5534888743910539,0.05592890551854753,0.7931531050611352,0.03489860216149076,0.5339404352920617,0.0560787229218571,3.140201190751467e-21,True
1,RandomForest,4.8448274548491534,3.3595526540871643,6.9867495717634105,2.976898871853264e-17,0.7383318277627221,0.7933723196881092,0.013783757917866448,0.44727907049185434,0.027883834383932347,0.5974910394265233,0.13348451751719503,0.5034152628187425,0.04362457363200593,0.7846275778671113,0.03339909012300756,0.5097061481878472,0.06343762831734429,8.930696615559792e-17,True
2,XGBoost,3.60995188836293,2.375767276814038,5.485281644998066,1.8128465609154643e-09,0.6283310749774165,0.820662768031189,0.0027567515835733108,0.3333333333333333,0.23570226039551584,0.32508960573476703,0.30976493851571424,0.3051948051948052,0.24406141675895993,0.7681583706463596,0.022567686117151924,0.4683354962052255,0.04370049428931104,1.8128465609154643e-09,True
3,LogisticRegression,4.538932960746464,3.1469135706456624,6.546704241999153,5.743450152076473e-16,0.7379742547425474,0.7914230019493177,0.015348943224194571,0.4405605207988525,0.019197444141337835,0.5749103942652329,0.11981838150808936,0.4926846100759145,0.038862533115338126,0.7663207721889945,0.04001805336873583,0.46630721171447087,0.07028716474288334,9.249704548820667e-16,True
4,ANN,3.6052589356950584,2.4995930886984823,5.200003173387298,6.77339506158863e-12,0.6959500150557061,0.7855750487329435,0.03859452217002598,0.43211833969812696,0.06527168732206662,0.543010752688172,0.04985816395427799,0.47899484028516287,0.05424371567775549,0.7755448064988216,0.052503373006419156,0.4450457951282057,0.06323412931898724,8.128074073906355e-12,True
5,Ensemble (Mean),4.535933163762976,3.144104798616485,6.5438943622930035,6.166469699213777e-16,0.7328741342968985,0.7836257309941521,0.039083699134041756,0.44811463046757166,0.0685351784940767,0.6394265232974911,0.15303945993289844,0.5116144018583043,0.04485475381493033,0.7940687721744689,0.03533699339295224,0.5267727609808716,0.06990175574243779,9.249704548820667e-16,True
