,Model,HR,CI_lower,CI_upper,p,cindex,accuracy_mean,accuracy_std,precision_mean,precision_std,recall_mean,recall_std,f1_mean,f1_std,roc_auc_mean,roc_auc_std,pr_auc_mean,pr_auc_std,FDR,Sig
0,SVM,4.173954912651749,2.8792554641867643,6.0508349570052555,4.634486849660881e-14,0.7424533273110508,0.8421052631578947,0.009549667613189776,0.5577601410934744,0.028170428297995233,0.5534050179211469,0.0899862886714835,0.5534888743910539,0.05592890551854753,0.7931531050611352,0.03489860216149076,0.5339404352920617,0.0560787229218571,9.420313885618421e-14,True
1,RandomForest,3.2689126576062435,2.402608823757171,4.447577923379138,4.7101569428092104e-14,0.7383318277627221,0.7933723196881092,0.013783757917866448,0.44727907049185434,0.027883834383932347,0.5974910394265233,0.13348451751719503,0.5034152628187425,0.04362457363200593,0.7846275778671113,0.03339909012300756,0.5097061481878472,0.06343762831734429,9.420313885618421e-14,True
2,XGBoost,2.773748570801865,1.7612597899189169,4.3682829631735265,1.0693487488202618e-05,0.6283310749774165,0.820662768031189,0.0027567515835733108,0.3333333333333333,0.23570226039551584,0.32508960573476703,0.30976493851571424,0.3051948051948052,0.24406141675895993,0.7681583706463596,0.022567686117151924,0.4683354962052255,0.04370049428931104,1.0693487488202618e-05,True
3,LogisticRegression,3.119679021147037,2.2685405909665692,4.290157837042801,2.5736419967903416e-12,0.7379742547425474,0.7914230019493177,0.015348943224194571,0.4405605207988525,0.019197444141337835,0.5749103942652329,0.11981838150808936,0.4926846100759145,0.038862533115338126,0.7663207721889945,0.04001805336873583,0.46630721171447087,0.07028716474288334,3.08837039614841e-12,True
4,ANN,3.178210903982731,2.3009241599882624,4.389985869958554,2.276975331256033e-12,0.7146379102679916,0.7992202729044834,0.014587358233036809,0.4507936507936508,0.04084025501672573,0.5641577060931899,0.06893657508341969,0.5006806045519566,0.05094675868220297,0.7848677974964865,0.03845549176917254,0.48200997040347304,0.0337763236790718,3.08837039614841e-12,True
5,Ensemble (Mean),3.402175200183886,2.502679509223248,4.624961386421673,5.469387620833522e-15,0.7481744956338452,0.797270955165692,0.02450254403504197,0.46124161702446514,0.03904516500328576,0.6293906810035842,0.10419694515043222,0.5254381006218202,0.021124801516172742,0.7939140729120139,0.031024778443342088,0.5306632088758247,0.06939096363531616,3.2816325725001136e-14,True
