,Model,HR,CI_lower,CI_upper,p,cindex,accuracy_mean,accuracy_std,precision_mean,precision_std,recall_mean,recall_std,f1_mean,f1_std,roc_auc_mean,roc_auc_std,pr_auc_mean,pr_auc_std,Sig
0,SVM,2.886678591203336,2.002525036937671,4.161203048754211,1.3339170406930158e-08,0.6202911549606733,0.7102296635882444,0.025256251974707305,0.3972619757503479,0.04558729717040815,0.277307963354475,0.051903597613744336,0.3209699013239451,0.026294057475865665,0.6577002011539559,0.021008765820781407,0.3954937262011485,0.008266196807492965,True
1,RandomForest,3.0092564427587467,2.2341460136631284,4.053282230841006,4.1695327314029743e-13,0.6880778253070235,0.706331805195668,0.028166380172314227,0.4307347670250896,0.04448435166370413,0.4779774489076814,0.1079228322763314,0.4430322643914877,0.04482115007192136,0.6812759123827826,0.01824666361992308,0.43160533355594843,0.00962319266498915,True
2,XGBoost,2.607764596497104,1.9217514347971945,3.5386658584497765,7.545187489414916e-10,0.6480612667310611,0.7217682103071779,0.029159365414686726,0.4513963161021984,0.05794850237853119,0.42318534178999295,0.0485056374134468,0.4314185280375895,0.01616070264919629,0.650727636467917,0.015525493879489606,0.4626868849328481,0.027780352522077716,True
3,LogisticRegression,3.2943775522265164,2.364530827429557,4.589884526230521,1.841973988136795e-12,0.6706223264799227,0.7332846101034262,0.02956544916673199,0.4545186495650892,0.07189644093300013,0.37720225510923183,0.08017157205216001,0.41197589720796474,0.07727127044879614,0.6662753040793161,0.018584838586967196,0.4239347883693842,0.05279479784807224,True
4,ANN,2.816502883135775,2.0194298201606267,3.928182307460014,1.0570604666326585e-09,0.6477335449151373,0.7351560250703164,0.016440484298646117,0.46272134203168686,0.04113517338111614,0.3618745595489781,0.042021151198505545,0.404752615455754,0.036191732337751734,0.6644681358643724,0.003019798914578621,0.4321598645122631,0.02962491415194195,True
5,Ensemble,2.787655520170529,2.014816463388185,3.856938555122386,6.059820048128572e-10,0.6357975714088588,0.7044271698447501,0.06117848180272982,0.4558296436854312,0.1369892363439152,0.34689922480620156,0.1170837788139009,0.3628832622666282,0.03243089619741646,0.6683511913850988,0.02066422367719836,0.4458474426426598,0.025341717505721506,True
