,Model,HR,CI_lower,CI_upper,p,cindex,accuracy_mean,accuracy_std,precision_mean,precision_std,recall_mean,recall_std,f1_mean,f1_std,roc_auc_mean,roc_auc_std,pr_auc_mean,pr_auc_std,Sig
0,SVM,1.688477667955217,1.4527492280656535,1.9624562726352694,8.626877441976985e-12,0.7041361942872912,0.7102296635882444,0.025256251974707305,0.3972619757503479,0.04558729717040815,0.277307963354475,0.051903597613744336,0.3209699013239451,0.026294057475865665,0.6577002011539559,0.021008765820781407,0.3954937262011485,0.008266196807492965,True
1,RandomForest,1.8152040171960329,1.5261960638515952,2.158939930515384,1.6041586569586648e-11,0.7168138540085552,0.706331805195668,0.028166380172314227,0.4307347670250896,0.04448435166370413,0.4779774489076814,0.1079228322763314,0.4430322643914877,0.04482115007192136,0.6812759123827826,0.01824666361992308,0.43160533355594843,0.00962319266498915,True
2,XGBoost,1.390476473258381,1.1892441679115453,1.6257593477043404,3.581640702315528e-05,0.6308472471367462,0.7217682103071779,0.029159365414686726,0.4513963161021984,0.05794850237853119,0.42318534178999295,0.0485056374134468,0.4314185280375895,0.01616070264919629,0.650727636467917,0.015525493879489606,0.4626868849328481,0.027780352522077716,True
3,LogisticRegression,1.2411084247125455,1.1094153770724313,1.3884340831449375,0.00016050239841000781,0.6899751621360563,0.7332846101034262,0.02956544916673199,0.4545186495650892,0.07189644093300013,0.37720225510923183,0.08017157205216001,0.41197589720796474,0.07727127044879614,0.6662753040793161,0.018584838586967196,0.4239347883693842,0.05279479784807224,True
4,ANN,1.5552343713046444,1.328690198683176,1.820404750546444,3.840253142091683e-08,0.6745894853042639,0.7351560250703164,0.016440484298646117,0.46272134203168686,0.04113517338111614,0.3618745595489781,0.042021151198505545,0.404752615455754,0.036191732337751734,0.6644681358643724,0.003019798914578621,0.4321598645122631,0.02962491415194195,True
5,Ensemble,1.8512864448343531,1.5982143871373717,2.1444316409678486,2.1764212930092715e-16,0.7224713674623983,0.7044271698447501,0.06117848180272982,0.4558296436854312,0.1369892363439152,0.34689922480620156,0.1170837788139009,0.3628832622666282,0.03243089619741646,0.6683511913850988,0.02066422367719836,0.4458474426426598,0.025341717505721506,True
