,Model,HR,CI_lower,CI_upper,p,cindex,accuracy_mean,accuracy_std,precision_mean,precision_std,recall_mean,recall_std,f1_mean,f1_std,roc_auc_mean,roc_auc_std,pr_auc_mean,pr_auc_std,Sig
0,SVM,2.886678591203336,2.002525036937671,4.161203048754211,1.3339170406930158e-08,0.6202911549606733,0.7102296635882444,0.025256251974707305,0.3972619757503479,0.04558729717040815,0.277307963354475,0.051903597613744336,0.3209699013239451,0.026294057475865665,0.6577002011539559,0.021008765820781407,0.3954937262011485,0.008266196807492965,True
1,RandomForest,3.0092564427587467,2.2341460136631284,4.053282230841006,4.1695327314029743e-13,0.6880778253070235,0.706331805195668,0.028166380172314227,0.4307347670250896,0.04448435166370413,0.4779774489076814,0.1079228322763314,0.4430322643914877,0.04482115007192136,0.6812759123827826,0.01824666361992308,0.43160533355594843,0.00962319266498915,True
2,XGBoost,2.607764596497104,1.9217514347971945,3.5386658584497765,7.545187489414916e-10,0.6480612667310611,0.7217682103071779,0.029159365414686726,0.4513963161021984,0.05794850237853119,0.42318534178999295,0.0485056374134468,0.4314185280375895,0.01616070264919629,0.650727636467917,0.015525493879489606,0.4626868849328481,0.027780352522077716,True
3,LogisticRegression,3.2943775522265164,2.364530827429557,4.589884526230521,1.841973988136795e-12,0.6706223264799227,0.7332846101034262,0.02956544916673199,0.4545186495650892,0.07189644093300013,0.37720225510923183,0.08017157205216001,0.41197589720796474,0.07727127044879614,0.6662753040793161,0.018584838586967196,0.4239347883693842,0.05279479784807224,True
4,ANN,1.5459267435165922,1.1472180725397454,2.0832041906636003,0.0042044830280929,0.5910721677935697,0.5966380971364029,0.10716301693485582,0.3146592388849026,0.03684284997558466,0.4552501761804087,0.1785798551633247,0.35151268484601816,0.03930077831277261,0.6121107530258959,0.03676419145591235,0.3538046298726469,0.014262939802624136,True
5,Ensemble,3.571009171798631,2.463739577804988,5.175914946510352,1.800904187300728e-11,0.649751621360563,0.7542688193475516,0.019649906294867164,0.5400985663082437,0.09507977071811788,0.3083157152924595,0.06037001083879373,0.3815829388710745,0.03859394359481641,0.6681430440084798,0.02019426219575011,0.44091085653062123,0.014569196367972347,True
