,Model,HR,CI_lower,CI_upper,p,cindex,accuracy_mean,accuracy_std,precision_mean,precision_std,recall_mean,recall_std,f1_mean,f1_std,roc_auc_mean,roc_auc_std,pr_auc_mean,pr_auc_std,Sig
0,SVM,3.394004798057399,2.372911160218363,4.854487922833405,2.1981948490539634e-11,0.6645336001103905,0.719808207649547,0.014388589950702226,0.42407407407407405,0.028358134872432498,0.3225863284002819,0.05333874604342677,0.3625168311546547,0.03171145119677562,0.6431975844145202,0.009739047157567226,0.3976130739535442,0.013981362421100423,True
1,RandomForest,3.4444235416138516,2.533902073647036,4.682127875978972,2.8832086437846987e-15,0.6956671726231544,0.7159214227183134,0.03770215843990375,0.4571212121212121,0.07693897024481429,0.45489781536293156,0.10078135376433484,0.43994514801968226,0.03604517500237326,0.6768958481012449,0.01524408111244073,0.4466063637886076,0.03060834358748528,True
2,XGBoost,2.674661546123725,1.963724219574297,3.64298322290071,4.3556784186167096e-10,0.658617358907134,0.7102407370495869,0.027659586908008085,0.4294670846394985,0.038028924524718594,0.4223044397463003,0.08052697506012206,0.4178874614980092,0.025513545688499985,0.6596186951104402,0.023180235864001777,0.4641669606774899,0.030049116783030162,True
3,LogisticRegression,2.992639108991585,2.182158036004607,4.104143095457749,1.0301150013360438e-11,0.6790223540775493,0.7198967953402876,0.05588882679973487,0.4556878306878307,0.09994872149046038,0.4312896405919662,0.05146880799580045,0.43849465115287894,0.06619727923777226,0.667907905751861,0.016432657100408282,0.4254080969195401,0.05301249994142715,True
4,ANN,2.7797141582530176,1.9637246834074513,3.9347729683698507,8.110423232500049e-09,0.6538567683179246,0.7255774810090138,0.033574895486884845,0.4518518518518519,0.06809176411426013,0.3548273431994362,0.09786373711685288,0.38602135815991234,0.07095657491391442,0.6443671202458705,0.014316635557971769,0.42542900283799573,0.032852979688466885,True
5,Ensemble,3.0722202181332783,2.0677842685112737,4.5645656621143935,2.755597628885319e-08,0.6224299710224921,0.7331960224126858,0.009997416253407453,0.45396825396825397,0.032607362832022445,0.2549330514446793,0.1017002077082105,0.3086549844540712,0.0880755674174711,0.6632002576392777,0.021889395112152907,0.4407133376069752,0.016463991000298717,True
