,Model,HR,CI_lower,CI_upper,p,cindex,accuracy_mean,accuracy_std,precision_mean,precision_std,recall_mean,recall_std,f1_mean,f1_std,roc_auc_mean,roc_auc_std,pr_auc_mean,pr_auc_std,FDR,Sig
0,SVM,5.685167544287082,3.7131703738337403,8.704456502825263,1.2839963458368714e-15,0.6627898223426679,0.8284600389863547,0.031067012574092036,0.5064102564102564,0.22382584874874492,0.33691756272401435,0.22389243995328198,0.377426819391415,0.20054537901033964,0.7473234485588639,0.06204076702985249,0.4805895317694448,0.13435766793952533,1.9259945187553072e-15,True
1,RandomForest,4.905786105951551,3.3941645741886486,7.090621798473123,2.621336532049573e-17,0.7287526347485697,0.8128654970760234,0.020813018035148744,0.4707482993197279,0.05832911866728165,0.5444444444444444,0.207298021025777,0.4911136249371544,0.12549376256880665,0.7832254796221852,0.05679283250168089,0.4961164141879724,0.11052113062739864,7.864009596148719e-17,True
2,XGBoost,4.933445849943476,3.3554963060691003,7.25343905469443,4.82196957348409e-16,0.6804614573923518,0.8245614035087718,0.020813018035148744,0.5470522657223424,0.10275884890860895,0.42258064516129035,0.2037286831648554,0.44112218530823183,0.09849742842294702,0.7687442123955508,0.06132907275672119,0.4272391729624763,0.0787446851030012,9.64393914696818e-16,True
3,LogisticRegression,4.17906976437816,2.9028697612201797,6.016330573576517,1.447183743569476e-14,0.7113256549232159,0.7894736842105262,0.020813018035148765,0.43686768366968587,0.01854335693055172,0.5422939068100359,0.1413650242867626,0.47367550050380314,0.03918849140542785,0.7556419837819975,0.055923924651157586,0.45011055334901834,0.10883030148724562,1.7366204922833713e-14,True
4,ANN,3.3351993741138517,2.246479268013603,4.951550198335537,2.3112818689313e-09,0.6522884673291177,0.797270955165692,0.007293679116518384,0.4171195652173913,0.03650823055039239,0.3580645161290323,0.08904628220543394,0.3830488170110811,0.06591112882941406,0.7181760739070279,0.051156572778991875,0.3960605493195563,0.06461738996938965,2.3112818689313e-09,True
5,Ensemble (Mean),5.281022655049895,3.6487950000125697,7.643400158971434,1.1264976375863221e-18,0.7207919301415237,0.8226120857699805,0.026297734041387973,0.504159239453357,0.06701437555778966,0.532258064516129,0.08224225021923845,0.5176282051282052,0.07368310213187597,0.7731729327130837,0.06269900004705874,0.4827531068747188,0.11462252582451217,6.758985825517933e-18,True
