,Model,HR,CI_lower,CI_upper,p,cindex,accuracy_mean,accuracy_std,precision_mean,precision_std,recall_mean,recall_std,f1_mean,f1_std,roc_auc_mean,roc_auc_std,pr_auc_mean,pr_auc_std,FDR,Sig
0,SVM,5.1335704930775465,2.654523082770979,9.927789356379131,1.1670001537639304e-06,0.6455133995784402,0.8362573099415206,0.0334238366461642,0.5356125356125356,0.23032915021547282,0.30465949820788524,0.1854817065653851,0.3755065959472324,0.1987388922829029,0.7445584716003385,0.05954003730576461,0.4592316631294979,0.12108885260893772,1.4004001845167164e-06,True
1,RandomForest,4.5720677471498075,2.73190178139236,7.651740493347291,7.252041524152062e-09,0.6712586570310147,0.8167641325536062,0.01929726108501299,0.534549138804458,0.13222532756897765,0.3888888888888889,0.25241475840755473,0.3912464500699795,0.14147538037565321,0.7931845170005775,0.058602249920839025,0.5008469492755149,0.11328727541772421,1.4504083048304124e-08,True
2,XGBoost,4.04274488433603,2.49758680585419,6.54383109388483,1.3076377492258386e-08,0.6857874134296899,0.8265107212475633,0.011027006334293139,0.35333333333333333,0.2510422717835031,0.39211469534050175,0.29448147333575886,0.3652525252525252,0.260207039289067,0.7640187128004561,0.06840690880436949,0.44709399839104186,0.10334035539311211,1.961456623838758e-08,True
3,LogisticRegression,4.158410020005449,2.7638645780858027,6.256592320618714,8.049012852405486e-12,0.7051716350496838,0.7992202729044835,0.026297734041387973,0.4617055798476473,0.04546053310256639,0.5096774193548387,0.1204685038637498,0.4722127379520904,0.02827618218759562,0.7562684068517974,0.05593478924947658,0.452793645603861,0.10798274791346203,4.829407711443292e-11,True
4,ANN,2.8461997766211455,1.512011784868697,5.3576653631319,0.0011909899625611926,0.6077047576031316,0.8109161793372319,0.007293679116518384,0.4498312145370969,0.027573715675282568,0.2494623655913978,0.052764921059721706,0.31845060624130395,0.04706735521560844,0.7018393233904558,0.04837777724464686,0.3793569667130953,0.05149175651864002,0.0011909899625611926,True
5,Ensemble (Mean),4.887021836319216,3.0413625251581005,7.852724636113325,5.5049940943186074e-11,0.6856556760012045,0.8382066276803118,0.014587358233036809,0.5651260504201682,0.04669351002288417,0.4336917562724014,0.08837869538306775,0.4859811507371626,0.06505606299619184,0.7739509683229656,0.05849799588784471,0.4769258395778395,0.10696661866902912,1.6514982282955822e-10,True
