,Model,HR,CI_lower,CI_upper,p,cindex,accuracy_mean,accuracy_std,precision_mean,precision_std,recall_mean,recall_std,f1_mean,f1_std,roc_auc_mean,roc_auc_std,pr_auc_mean,pr_auc_std,Sig
0,SVM,2.7649476017228367,2.002046283556191,3.8185606911611125,6.653352639299792e-10,0.6697254036152891,0.717881425375944,0.05516959583815782,0.4522192028985507,0.08383701457509651,0.3912966878083157,0.12002451169471623,0.40298540965207635,0.07404624175279328,0.670675200295296,0.01664064543585054,0.4263139034687997,0.010640522835727452,True
1,RandomForest,3.6865661040400353,2.6895247683367063,5.053223453994038,5.08550491168725e-16,0.7126742100179384,0.7428299337807012,0.04344198625290671,0.49443311770579007,0.07728427976753832,0.48484848484848486,0.023436630230184496,0.4880875027073857,0.05057686439552256,0.7117964111750726,0.03061881796567427,0.5026924084399126,0.05974419952315757,True
2,XGBoost,3.487310991465168,2.5523772410797996,4.764710229922299,4.3537121614299625e-15,0.7155374637781151,0.7466059840985095,0.024759214593396982,0.48764634058751705,0.04355818670632655,0.5007047216349543,0.1072277447308195,0.49217948137983725,0.07343339102351114,0.7137589450610932,0.01911998708976783,0.49983355213973607,0.049858386270844005,True
3,LogisticRegression,3.6763757120385323,2.647133020162215,5.105802493914184,7.910629993380193e-15,0.6961328825720988,0.7505259894137709,0.030904151910052045,0.5132286132286132,0.06604314065524512,0.41525722339675825,0.04889379322826495,0.45391630027682783,0.03274196325081277,0.679770092325569,0.01549949520811581,0.4587554758742634,0.04019251928948617,True
4,ANN,2.44023764555892,1.7703408636277054,3.3636232937654205,5.0863893062492225e-08,0.6595315302883952,0.7083139547759839,0.025218426722082677,0.4192532613585245,0.03150182887991292,0.3847780126849894,0.09611121703302225,0.3911227518770735,0.03783617971462098,0.6357376217486284,0.0326976843855733,0.3980919141935016,0.033878447463607575,True
5,Ensemble,3.7712676731461725,2.745863825004436,5.179594025386299,2.423409029824774e-16,0.7156754519111357,0.7408699311230705,0.030874236076973358,0.4907517128715286,0.06641671940320501,0.461768851303735,0.051980685313361245,0.471150926207106,0.031726594290863525,0.6974503498158744,0.022437403425813598,0.4838020705275852,0.034544086453564236,True
