,Model,HR,CI_lower,CI_upper,p,cindex,accuracy_mean,accuracy_std,precision_mean,precision_std,recall_mean,recall_std,f1_mean,f1_std,roc_auc_mean,roc_auc_std,pr_auc_mean,pr_auc_std,Sig
0,SVM,1.8163391263562954,1.5656775513594425,2.1071310750213073,3.3564316988055803e-15,0.752087070511936,0.7197971341882047,0.052599624430381256,0.4526461154668567,0.08336508146294472,0.38372093023255816,0.11193433393948567,0.4006926406926407,0.07340412038478214,0.6707809085405393,0.017950509042705575,0.42602793375260295,0.011086336499959767,True
1,RandomForest,1.9645524611394298,1.672746528276248,2.3072631192641846,1.859530976227471e-16,0.7853594590865186,0.7524195513033464,0.03368970995974909,0.5083263714842663,0.06491270480271455,0.48502466525722343,0.03762266524283604,0.4959410758338569,0.04987654760965928,0.7142466740904517,0.02753300956431226,0.5015880672372195,0.05931427201333749,True
2,XGBoost,1.554731032420263,1.350000570807658,1.790509304543818,9.027245017462576e-10,0.7177970194563268,0.7446238345181938,0.045741668858260184,0.5007518796992482,0.09525656066867484,0.4619450317124736,0.04192057244528669,0.4777448270760623,0.061172551967413086,0.6795833235053012,0.04037240720566437,0.44166151248025515,0.06469251701591335,True
3,LogisticRegression,1.6107240449376707,1.383357137502735,1.8754607025224839,8.26720194057122e-10,0.7409962743204085,0.7466724248665647,0.028275137605489113,0.4986986986986987,0.05415702201084485,0.4230091613812544,0.03848402838711761,0.455107485506131,0.03208255694971205,0.6798324537761782,0.01553559886483006,0.45913850981960885,0.04114871165191217,True
4,ANN,1.5382129346602977,1.2968678576892714,1.8244719524255193,7.604635315861262e-07,0.6937353387608666,0.7005293114521738,0.05438650922293596,0.4276259866423801,0.09833865293193447,0.4224806201550388,0.05563062052095862,0.4161458024471723,0.04173958107589917,0.6508442590015463,0.025038058310837864,0.4259250901295297,0.028424817974310755,True
5,Ensemble,2.1363923604004005,1.8055871146820115,2.527805100326609,9.237930500420352e-19,0.769697805988685,0.7408699311230705,0.030874236076973358,0.49065255731922397,0.07347875329856376,0.39200140944326994,0.028154709751261414,0.4314551865113663,0.01940270350495287,0.6888253515228483,0.040772436631940856,0.47266052559831156,0.052999075893299545,True
