,Model,HR,CI_lower,CI_upper,p,cindex,accuracy_mean,accuracy_std,precision_mean,precision_std,recall_mean,recall_std,f1_mean,f1_std,roc_auc_mean,roc_auc_std,pr_auc_mean,pr_auc_std,Sig
0,SVM,2.807319161672138,2.0312060009673583,3.87998109090768,4.0535280798434785e-10,0.6670173865047606,0.7197971341882047,0.052599624430381256,0.4526461154668567,0.08336508146294472,0.38372093023255816,0.11193433393948567,0.4006926406926407,0.07340412038478214,0.6707809085405393,0.017950509042705575,0.42602793375260295,0.011086336499959767,True
1,RandomForest,3.8342909076505713,2.7882247016246042,5.272812752833588,1.3570055747010712e-16,0.7157789430109011,0.7524195513033464,0.03368970995974909,0.5083263714842663,0.06491270480271455,0.48502466525722343,0.03762266524283604,0.4959410758338569,0.04987654760965928,0.7142466740904517,0.02753300956431226,0.5015880672372195,0.05931427201333749,True
2,XGBoost,3.796557751357584,2.7607342628392333,5.221020709385357,2.265289154758511e-16,0.7139506002483786,0.7446238345181938,0.045741668858260184,0.5007518796992482,0.09525656066867484,0.4619450317124736,0.04192057244528669,0.4777448270760623,0.061172551967413086,0.6795833235053012,0.04037240720566437,0.44166151248025515,0.06469251701591335,True
3,LogisticRegression,3.7141128167434756,2.680795230748502,5.145724618305357,3.066839721504898e-15,0.6989271422657651,0.7466724248665647,0.028275137605489113,0.4986986986986987,0.05415702201084485,0.4230091613812544,0.03848402838711761,0.455107485506131,0.03208255694971205,0.6798324537761782,0.01553559886483006,0.45913850981960885,0.04114871165191217,True
4,ANN,2.4421137833969646,1.772887342445376,3.3639586612600514,4.6461725637174464e-08,0.6491996688284808,0.7005293114521738,0.05438650922293596,0.4276259866423801,0.09833865293193447,0.4224806201550388,0.05563062052095862,0.4161458024471723,0.04173958107589917,0.6508442590015463,0.025038058310837864,0.4259250901295297,0.028424817974310755,True
5,Ensemble,3.7197362559571823,2.6686383793312722,5.18483055667872,8.96151413344041e-15,0.6863874706775217,0.7408699311230705,0.030874236076973358,0.49065255731922397,0.07347875329856376,0.39200140944326994,0.028154709751261414,0.4314551865113663,0.01940270350495287,0.6888253515228483,0.040772436631940856,0.47266052559831156,0.052999075893299545,True
