,Model,HR,CI_lower,CI_upper,p,cindex,accuracy_mean,accuracy_std,precision_mean,precision_std,recall_mean,recall_std,f1_mean,f1_std,roc_auc_mean,roc_auc_std,pr_auc_mean,pr_auc_std,FDR,Sig
0,SVM,2.813082167409997,1.585652150433068,4.990647714531107,0.0004061881240647421,0.6008167720566094,0.8050682261208578,0.012016401565241645,0.4094268476621418,0.07242654359320122,0.22867383512544803,0.07111602480422026,0.2917282967345545,0.07788596518996568,0.6602296703017362,0.05487342566834889,0.32467898452862104,0.048965298106839125,0.0006001281399295607,True
1,RandomForest,2.025440402374124,1.3888297462979668,2.9538601362080135,0.0002462680812423475,0.5912752183077387,0.7076023391812866,0.03729264419046586,0.2590909090909091,0.030378693417823364,0.35842293906810035,0.17211766600061607,0.28731769908240495,0.08234323984594659,0.6394980626277813,0.037441970512665304,0.2721914693958004,0.037653455306365484,0.000492536162484695,True
2,XGBoost,2.091091866890305,1.3802973225893413,3.167915436923377,0.0005001067832746339,0.5618036735922914,0.7602339181286549,0.00827025475071988,0.2942890442890443,0.0496604715160599,0.25985663082437277,0.09315549403847331,0.27353801169590647,0.0741217977485298,0.6032397874882433,0.05391171242418999,0.2534269533619515,0.027339240085889924,0.0006001281399295607,True
3,LogisticRegression,2.592145618106257,1.654909438991799,4.060173171506557,3.179957133721075e-05,0.6020965070761819,0.787524366471735,0.007293679116518384,0.36431201648592954,0.040050629915235336,0.28279569892473116,0.11914638388618969,0.3092302744425386,0.09411051034128566,0.6233283582631558,0.03285262743969087,0.3419053110899298,0.04607384644680183,0.00014318937900746956,True
4,ANN,1.6789070162078603,1.1762656295680867,2.396336931231248,0.004313691945386249,0.5991794640168624,0.5048732943469786,0.23837533865262217,0.2618251979154235,0.07798603842517403,0.7268817204301076,0.1932853648913662,0.3663584979105979,0.06431042310555685,0.6243173804258224,0.06656614450566437,0.30082083506690044,0.08043350458132041,0.004313691945386249,True
5,Ensemble (Mean),2.3047843735056794,1.5411656448507167,3.4467618883825506,4.772979300248985e-05,0.5933265582655827,0.7504873294346979,0.03615445807210801,0.32261288644267366,0.03763579272911215,0.33512544802867383,0.14294291471404494,0.310548928195987,0.075600914057193,0.6564594204951103,0.041629082738784774,0.3151164946080181,0.05125604365050519,0.00014318937900746956,True
