,Model,HR,CI_lower,CI_upper,p,cindex,accuracy_mean,accuracy_std,precision_mean,precision_std,recall_mean,recall_std,f1_mean,f1_std,roc_auc_mean,roc_auc_std,pr_auc_mean,pr_auc_std,Sig
0,SVM,1.8204537706662272,1.568751100084914,2.1125415822519584,3.0044252955842085e-15,0.7362529322478267,0.733240316258056,0.026761873468099134,0.4682726204465335,0.05470368667954967,0.41525722339675825,0.01507552605023356,0.4383962086833497,0.026484311040158942,0.6763279326744621,0.027625376108469907,0.42410116351237986,0.03604719948013374,True
1,RandomForest,1.7225455245966053,1.4569060232678341,2.0366194091589107,1.970242353646928e-10,0.7063612529322478,0.7255553340863288,0.01381084833266125,0.4176788124156545,0.039816784053797356,0.29369274136716,0.13046608335014315,0.3300844704353476,0.11345557679385132,0.6791427017860534,0.0066227847011236145,0.4491242933284867,0.05737157080589493,True
2,XGBoost,1.0779588304011205,0.93309188899062,1.2453170515679326,0.30797238105040114,0.5303918862977783,0.7178371315305738,0.026259970546455003,0.4267436267436267,0.07041150476644457,0.36909795630725856,0.06757110128443909,0.3936896436896437,0.06093917466857673,0.6664677886762034,0.03295630823212017,0.42640382496957696,0.05010612736862866,False
3,LogisticRegression,1.363526738392868,1.1879766953733852,1.5650182142065827,1.0359320541678814e-05,0.7128811922174693,0.7120900050937923,0.009417625699265623,0.4202372919478183,0.025192469572654377,0.41613812544045103,0.1175227656379602,0.4114249037227214,0.06264082076147379,0.66496459632444,0.0038691567580588153,0.4230358232055543,0.05502278322281289,True
4,ANN,1.6083838731963576,1.3950609284519284,1.8543266683188866,5.912236486271878e-11,0.702221608941631,0.706331805195668,0.018787020562255615,0.4044243338360986,0.05990552422638731,0.4149048625792812,0.11336521397575404,0.4069274309368927,0.08578508129582298,0.634476209334189,0.021727948743322675,0.3634192977089121,0.03081407908348078,True
5,Ensemble,1.9398264574828081,1.6424497497176098,2.291045242508801,5.995114747729754e-15,0.7262660411204637,0.733240316258056,0.03527987057811031,0.4761904761904762,0.08908708063747478,0.3312191684284707,0.04243571308618633,0.38294620412267477,0.031622216260814566,0.6776829183007061,0.02141813856454035,0.42475231020746884,0.03664793231405771,True
