,Model,HR,CI_lower,CI_upper,p,cindex,accuracy_mean,accuracy_std,precision_mean,precision_std,recall_mean,recall_std,f1_mean,f1_std,roc_auc_mean,roc_auc_std,pr_auc_mean,pr_auc_std,Sig
0,SVM,1.8273990291248174,1.576316445555755,2.118475145686228,1.2981825440385622e-15,0.736201186697944,0.7177706907625185,0.03158334821280363,0.44298153953326364,0.051341610552831755,0.42336152219873147,0.13546818548162023,0.4187910854577521,0.06258718094409384,0.6781337146196013,0.017722664955457778,0.4363229224432688,0.036171946104411545,True
1,RandomForest,1.8271996912369248,1.5625465965578151,2.1366778558867643,4.330145977003558e-14,0.7286463364150683,0.7178592784532589,0.01675442878567906,0.4173366316223459,0.025567246100347964,0.3402043692741367,0.16709279138750796,0.34921229861259845,0.12583290446301135,0.682308352337644,0.026434480114292242,0.46125841241824433,0.08343479365778486,True
2,XGBoost,1.4029389274455446,1.2104090225291657,1.6260929962579065,6.940968919906986e-06,0.6287774251414379,0.7639580980222798,0.018270533372570095,0.6666666666666666,0.24944382578492943,0.17019027484143764,0.17565602016094398,0.22122407562720672,0.19230396750179438,0.6793730191342476,0.009930513093741756,0.47807566080704267,0.05578167532539796,True
3,LogisticRegression,1.4913791800257052,1.2877217813561723,1.7272456603721515,9.525938524424633e-08,0.7239202428591142,0.7178260580692313,0.016669020797307515,0.4335241286239471,0.03668620498312921,0.3928823114869626,0.08489336678977513,0.40569663631427627,0.040986579824274144,0.6723807776932222,0.001793877687055805,0.4282650999056255,0.05595353957727264,True
4,ANN,1.7350886467532491,1.4931848361002122,2.016182149260706,6.324061102456843e-13,0.734993790534014,0.6890793524239807,0.015863845511699105,0.391569908079342,0.017091188078499815,0.44591261451726566,0.07006090358327502,0.41472899728997287,0.03793819680133203,0.66856392172831,0.022419988660601017,0.4257626514349095,0.018746816665188813,True
5,Ensemble,1.7716071315552682,1.5286570547461389,2.0531693611937736,2.9773179274441886e-14,0.7416862149855112,0.7370052931145218,0.020076151821048122,0.46005698005698004,0.07121258010126343,0.28594080338266387,0.1668064721810444,0.32547524284004564,0.12153900733155465,0.6900563384186675,0.021007849036907587,0.46734366259404075,0.06927058252724966,True
