,Model,HR,CI_lower,CI_upper,p,cindex,accuracy_mean,accuracy_std,precision_mean,precision_std,recall_mean,recall_std,f1_mean,f1_std,roc_auc_mean,roc_auc_std,pr_auc_mean,pr_auc_std,Sig
0,SVM,3.269619424150206,2.3925467563479472,4.4682141113507345,1.0493837336949868e-13,0.6798502828756727,0.733240316258056,0.026761873468099134,0.4682726204465335,0.05470368667954967,0.41525722339675825,0.01507552605023356,0.4383962086833497,0.026484311040158942,0.6763279326744621,0.027625376108469907,0.42410116351237986,0.03604719948013374,True
1,RandomForest,3.006944398944208,2.0841741347835674,4.3382721565541775,3.940342659281336e-09,0.6356423347592107,0.7255553340863288,0.01381084833266125,0.4176788124156545,0.039816784053797356,0.29369274136716,0.13046608335014315,0.3300844704353476,0.11345557679385132,0.6791427017860534,0.0066227847011236145,0.4491242933284867,0.05737157080589493,True
2,XGBoost,2.6188342175646,1.859302733214595,3.688636894127358,3.613002320915472e-08,0.6488029529460466,0.7178371315305738,0.026259970546455003,0.4267436267436267,0.07041150476644457,0.36909795630725856,0.06757110128443909,0.3936896436896437,0.06093917466857673,0.6664677886762034,0.03295630823212017,0.42640382496957696,0.05010612736862866,True
3,LogisticRegression,2.890492680857979,2.1239911029415905,3.9336077851373688,1.4626355401243238e-11,0.6745204912377536,0.7120900050937923,0.009417625699265623,0.4202372919478183,0.025192469572654377,0.41613812544045103,0.1175227656379602,0.4114249037227214,0.06264082076147379,0.66496459632444,0.0038691567580588153,0.4230358232055543,0.05502278322281289,True
4,ANN,2.5207193432185613,1.8209027112115876,3.4894923095854966,2.5186422416550703e-08,0.6579274182420312,0.706331805195668,0.018787020562255615,0.4044243338360986,0.05990552422638731,0.4149048625792812,0.11336521397575404,0.4069274309368927,0.08578508129582298,0.634476209334189,0.021727948743322675,0.3634192977089121,0.03081407908348078,True
5,Ensemble,3.8475179753260207,2.6873018450758113,5.508646004014195,1.8593245557539216e-13,0.6666896646888367,0.733240316258056,0.03527987057811031,0.4761904761904762,0.08908708063747478,0.3312191684284707,0.04243571308618633,0.38294620412267477,0.031622216260814566,0.6776829183007061,0.02141813856454035,0.42475231020746884,0.03664793231405771,True
