,Model,HR,CI_lower,CI_upper,p,cindex,accuracy_mean,accuracy_std,precision_mean,precision_std,recall_mean,recall_std,f1_mean,f1_std,roc_auc_mean,roc_auc_std,pr_auc_mean,pr_auc_std,Sig
0,SVM,3.269619424150206,2.3925467563479472,4.4682141113507345,1.0493837336949868e-13,0.6798502828756727,0.733240316258056,0.026761873468099134,0.4682726204465335,0.05470368667954967,0.41525722339675825,0.01507552605023356,0.4383962086833497,0.026484311040158942,0.6763279326744621,0.027625376108469907,0.42410116351237986,0.03604719948013374,True
1,RandomForest,3.006944398944208,2.0841741347835674,4.3382721565541775,3.940342659281336e-09,0.6356423347592107,0.7255553340863288,0.01381084833266125,0.4176788124156545,0.039816784053797356,0.29369274136716,0.13046608335014315,0.3300844704353476,0.11345557679385132,0.6791427017860534,0.0066227847011236145,0.4491242933284867,0.05737157080589493,True
2,XGBoost,2.6188342175646,1.859302733214595,3.688636894127358,3.613002320915472e-08,0.6488029529460466,0.7178371315305738,0.026259970546455003,0.4267436267436267,0.07041150476644457,0.36909795630725856,0.06757110128443909,0.3936896436896437,0.06093917466857673,0.6664677886762034,0.03295630823212017,0.42640382496957696,0.05010612736862866,True
3,LogisticRegression,2.890492680857979,2.1239911029415905,3.9336077851373688,1.4626355401243238e-11,0.6745204912377536,0.7120900050937923,0.009417625699265623,0.4202372919478183,0.025192469572654377,0.41613812544045103,0.1175227656379602,0.4114249037227214,0.06264082076147379,0.66496459632444,0.0038691567580588153,0.4230358232055543,0.05502278322281289,True
4,ANN,2.9332063666133505,2.1479981755684374,4.005450138180049,1.2921248004478154e-11,0.6809024423899545,0.6947821850153922,0.017561539163643624,0.3927772964068333,0.03860567260842528,0.4149048625792812,0.06479464188912744,0.40241906510718134,0.04903762564907189,0.6442024541527471,0.03610298464509346,0.3952935566486074,0.05907590506519639,True
5,Ensemble,3.2768670017560546,2.325365031843617,4.617708273820747,1.1862309449278875e-11,0.6612563819511522,0.7313024605231103,0.017509008872220913,0.45740740740740743,0.042147432136077925,0.346723044397463,0.05317730649728959,0.3896210306602434,0.03174545512206939,0.6795046733844888,0.01762852566981573,0.4242795698879229,0.03393514610709505,True
