,Model,HR,CI_lower,CI_upper,p,cindex,accuracy_mean,accuracy_std,precision_mean,precision_std,recall_mean,recall_std,f1_mean,f1_std,roc_auc_mean,roc_auc_std,pr_auc_mean,pr_auc_std,Sig
0,SVM,2.3731734563732063,1.724033470561471,3.2667302289671767,1.1544589327940694e-07,0.6493721539947565,0.6929993577392421,0.03981203350658586,0.39491605357479714,0.06290164244143033,0.3763213530655391,0.056121687785946554,0.3795981356520543,0.030118061690963087,0.6819088066203279,0.016716589003359508,0.4364334004428249,0.03471431893677925,True
1,RandomForest,3.5494543668284058,2.5769427727534038,4.888981794786191,8.87888585592702e-15,0.7023595970746516,0.7389652957721524,0.0024346006439696227,0.4747611989459816,0.004269659695547903,0.44591261451726566,0.07006090358327502,0.45721824991487914,0.041057911036683846,0.6811612451102954,0.017894082828333036,0.464772138969662,0.05394409241096062,True
2,XGBoost,3.819312484113034,2.5843716101397374,5.644369329112443,1.7625685204799504e-11,0.6552194011315027,0.7523863309193187,0.005300453131615781,0.5097751710654936,0.026074249595990476,0.29245947850599013,0.04045863310615173,0.3691677691677692,0.027608183155412313,0.67660864196458,0.017766061812005643,0.46046361507881056,0.05890361314845678,True
3,LogisticRegression,2.643866715293468,1.94018805633013,3.6027596322071647,7.378912317063471e-10,0.660342210569891,0.7216796226164375,0.014500459794040679,0.4418116605616606,0.024102031860925435,0.4312896405919662,0.10631257836557632,0.43019755790840125,0.05325711216073494,0.6792445408902004,0.009469107687410995,0.4379984629175107,0.07370148491889718,True
4,ANN,2.8840964184684186,2.1335067734005313,3.8987512271941527,5.702458448712581e-12,0.6732441010073134,0.7142050362102186,0.07133183608999089,0.4777302943969611,0.16050662468574706,0.4610641296687808,0.04462410133211903,0.45470406786196255,0.06748756000965103,0.6544075931169843,0.017344963046518124,0.4367203009395863,0.08732186924207308,True
5,Ensemble,3.657209866475998,2.570036228451773,5.204278390856301,5.840403471535564e-13,0.6805747205740307,0.7581334573561004,0.009987697393036345,0.5366585790717929,0.036744238617106066,0.3620507399577167,0.12327820466122326,0.4161009206550004,0.06811490513157735,0.6825729126190692,0.01747122820772811,0.4543296546066404,0.041147965723912314,True
