,Model,HR,CI_lower,CI_upper,p,cindex,accuracy_mean,accuracy_std,precision_mean,precision_std,recall_mean,recall_std,f1_mean,f1_std,roc_auc_mean,roc_auc_std,pr_auc_mean,pr_auc_std,Sig
0,SVM,1.7925880119813615,1.542640033165318,2.083034091955869,2.5769824815543264e-14,0.7320960397405823,0.6910836489269815,0.04194387146739681,0.392899517982944,0.06436117861750361,0.3763213530655391,0.056121687785946554,0.3783038885802883,0.02945995835976348,0.680976405687927,0.016617336104571976,0.43632325930756216,0.03474871100887689,True
1,RandomForest,1.815519600691012,1.542104715279068,2.1374108955349174,8.000693926901016e-13,0.7328549744721954,0.7466613514052223,0.007469934104621677,0.487914998331665,0.018832341681529724,0.3620507399577167,0.06049584763868905,0.4137323943661972,0.04546755057321594,0.6776498340407447,0.020079818630404547,0.4445304349128478,0.04095642253461338,True
2,XGBoost,1.3338874102148583,1.1323756081615821,1.5712592273321155,0.0005654179401587659,0.630295294604664,0.7523863309193187,0.005300453131615781,0.5555555555555555,0.07966347946556582,0.2529950669485553,0.14613079002746965,0.3063428646037342,0.15537221090923137,0.6798052146090491,0.04122384934803137,0.47199610655309704,0.05292265343233054,True
3,LogisticRegression,1.8578418190680122,1.5514526234904777,2.2247383983357096,1.6253103104901084e-11,0.7162963985097281,0.698691116869311,0.01901245271101373,0.4015036895471678,0.040727305139391864,0.4390415785764623,0.10071850443543784,0.41671441184098557,0.06335792468009095,0.6800657919511105,0.008878113817344853,0.43868945332460374,0.07320821846367305,True
4,ANN,1.6566370915998105,1.367414897313854,2.007032729170541,2.5158084740231384e-07,0.7117427901200497,0.7160432307930812,0.04301287896145736,0.44215285519633346,0.08587122692643721,0.4457364341085271,0.053986001074357054,0.4414043363517122,0.06110607741283942,0.645331726087984,0.04837672706000781,0.42123206088460546,0.07876076390271439,True
5,Ensemble,1.718776358258412,1.4582841494372425,2.025800095851061,1.0543557773664556e-10,0.7368221332965365,0.7447456425929616,0.01128790433547553,0.484983615418398,0.02239771362265774,0.3534178999295279,0.0692440558486951,0.40481223138166705,0.050848746970459796,0.6802612146123597,0.02923033977530357,0.45594694765864974,0.04294376172880836,True
