,Model,HR,CI_lower,CI_upper,p,cindex,accuracy_mean,accuracy_std,precision_mean,precision_std,recall_mean,recall_std,f1_mean,f1_std,roc_auc_mean,roc_auc_std,pr_auc_mean,pr_auc_std,Sig
0,SVM,3.756518790646116,2.728571869623882,5.17172869132545,4.918753779410228e-16,0.7214192079481164,0.7465838371758244,0.02413014198176685,0.4975361517914709,0.05728805251982204,0.4770965468639887,0.04118855305483425,0.48474061141018804,0.033968282209070944,0.7051341640193051,0.008095259147949084,0.48533387638224895,0.06143541124850195,True
1,RandomForest,4.072639462473824,2.96779959133568,5.588784444785995,3.4061797633617194e-18,0.7098627018076445,0.7620091688259917,0.019372089368623325,0.5334521687462864,0.05035060794114298,0.45384073291050037,0.02848679764821385,0.48792581687318526,0.017664064799138242,0.7164314870288596,0.023063529384425345,0.5073557855737253,0.08323086015579262,True
2,XGBoost,3.4568363102873034,2.516259178258154,4.749000969126227,1.9345276864626384e-14,0.6940458120601628,0.7465616902531392,0.04575919486309485,0.5140730916592986,0.12440325808396971,0.4383368569415081,0.030701932220989384,0.4673799304604516,0.05786998460673125,0.7052954420276452,0.002167326087918947,0.5134472640630726,0.06682819969836183,True
3,LogisticRegression,3.7269229880727077,2.7378888309942377,5.073235553534436,6.219285967107796e-17,0.7166413688422796,0.74852169291077,0.02746762655368679,0.5053613053613054,0.0669805316435959,0.5001761804087385,0.041285652509656476,0.4988929474858395,0.029686752733305368,0.705699772444846,0.01139374704989684,0.4715873531337981,0.04123171129690649,True
4,ANN,4.039473053566184,2.989285100319667,5.458610337549393,1.0051245619542958e-19,0.7214882020146267,0.761975948441964,0.022390785275290724,0.5352564102564102,0.06394210686942307,0.5081042988019732,0.05363297418024089,0.5155830753353973,0.015178349895438767,0.7106400345615684,0.0041996447456589155,0.46772134113940234,0.05971580545897595,True
5,Ensemble,3.965908717855904,2.849843695676525,5.519050740300928,3.0558616412678674e-16,0.6944252794259693,0.7639138041769096,0.02347132914097339,0.5399626517273576,0.0723153367217109,0.4075052854122622,0.02561471688142061,0.46376746376746375,0.042238519412773685,0.7207796360690023,0.014009457656724284,0.5185473390284575,0.07216833805633598,True
