,Model,HR,CI_lower,CI_upper,p,cindex,accuracy_mean,accuracy_std,precision_mean,precision_std,recall_mean,recall_std,f1_mean,f1_std,roc_auc_mean,roc_auc_std,pr_auc_mean,pr_auc_std,Sig
0,SVM,1.6079216101148066,1.403810671091448,1.8417098242058965,7.025366508324944e-12,0.7260245618876776,0.740858857661728,0.02075763378547083,0.4889496468443837,0.0725034615590765,0.3465468639887244,0.04081381826896189,0.3994359549915106,0.014862114241092194,0.7092635876165966,0.005883075201367921,0.4376376235858566,0.055509645727646044,True
1,RandomForest,1.8528792315027132,1.5795178094919156,2.173550323967814,3.6507728271812614e-14,0.7515523664964813,0.7562288220051823,0.019072396966137096,0.5181818181818182,0.06075738683564673,0.3689217758985201,0.028403866474723902,0.4307274109004462,0.03997995086352961,0.7099743457323787,0.020021583325228316,0.4820566507977328,0.058237882576694794,True
2,XGBoost,1.0291315558015741,0.9003305203558666,1.1763588317854001,0.6738118127008649,0.6069753001241893,0.72169069607778,0.007064538554920569,0.44307568438003225,0.006287414816539344,0.44608879492600423,0.01990760661286191,0.44424161291631176,0.00849706760753528,0.6715414740889621,0.018230639709672494,0.4507422575857049,0.052836151140454514,False
3,LogisticRegression,1.7121107890348768,1.5151067243068808,1.934730608017483,6.597028108455002e-18,0.7334069270042777,0.7100635616681062,0.05664657912998097,0.4758820589705148,0.10331040489054373,0.5859760394644115,0.12507667517817012,0.5008444171724878,0.012048097911018662,0.7186059546702189,0.0038131796125564317,0.4588063368189679,0.050179849265318675,True
4,ANN,1.7252120563202924,1.4837775805609024,2.005931804245054,1.3419564860181236e-12,0.7247481716572375,0.7217128430004651,0.014642189672230922,0.4434548012753489,0.026129615255185954,0.44714587737843553,0.09878302132758282,0.4395847466337753,0.056157271528847544,0.7041742652873489,0.016632024202758514,0.4206082369217525,0.02760920113454897,True
5,Ensemble,1.3881910169156362,1.1950549357679552,1.612540345860259,1.776603163085705e-05,0.7539499103077135,0.7523974043806613,0.014093623670285075,0.5102960102960102,0.04628733721584153,0.40803382663847776,0.042388874536497714,0.4504573850959393,0.02362636460856792,0.705596609142677,0.007428442312416388,0.4685462600108902,0.05188472334116935,True
