,Model,HR,CI_lower,CI_upper,p,cindex,accuracy_mean,accuracy_std,precision_mean,precision_std,recall_mean,recall_std,f1_mean,f1_std,roc_auc_mean,roc_auc_std,pr_auc_mean,pr_auc_std,Sig
0,SVM,1.9780975534807266,1.7229287040768058,2.271057369830671,3.652497003613064e-22,0.7794604663998896,0.7523641839966336,0.02475104151707024,0.5075965961187267,0.06984247146339022,0.4150810429880198,0.06343277690297723,0.4543250589762217,0.05810789607407148,0.722859904608085,0.019132264728204496,0.4871982947074085,0.05783899728877921,True
1,RandomForest,1.9250873245222293,1.6162535622100802,2.29293304818372,2.1137532883377389e-13,0.7606250862425832,0.7388656346200696,0.04302573134364781,0.5490189932927976,0.16971534880599054,0.4011627906976744,0.10730905581323354,0.4273088746324512,0.03576365813677534,0.6952640885358798,0.004823535149185707,0.4783891715021477,0.0740272721202776,True
2,XGBoost,1.297447952547044,1.1159486446769182,1.5084665388485456,0.0007071055136634757,0.6302263005381538,0.7504706221070582,0.0376935711927667,0.5233557292380822,0.1840787428214455,0.3000352360817477,0.1139757893004186,0.36834291924255935,0.10921802487775426,0.6849927603611254,0.04720585080566571,0.4850755819894859,0.0890561928869779,True
3,LogisticRegression,1.8376019771940284,1.6143816271981644,2.0916869776621314,3.313167657794292e-20,0.745584379743342,0.7427524195513033,0.01967915159501354,0.4948148148148148,0.04736108848339492,0.4547216349541931,0.0804776216783844,0.465217830279166,0.032114495144561835,0.7043241169150987,0.016856233614880825,0.47377041034981987,0.027309980306420435,True
4,ANN,1.897547614583228,1.5862502087983754,2.2699363124674448,2.444686323142475e-12,0.7403063336553056,0.7581334573561004,0.016610575889377067,0.533894188305953,0.06443933561328698,0.446969696969697,0.10020592773812767,0.47436378806841883,0.04085389398184585,0.7097482906465687,0.02013888583648392,0.4871538600606066,0.054586091215929736,True
5,Ensemble,1.6910014545410612,1.478248072381653,1.9343748675775205,1.900538106381684e-14,0.7437560369808196,0.7658184395278277,0.038028633072577436,0.6083943833943833,0.1912155793015052,0.3773784355179704,0.04292153964846357,0.4476130915155306,0.023413425501263622,0.7006895243935897,0.024713666047353627,0.49399599968197583,0.07302377014750593,True
