,Model,HR,CI_lower,CI_upper,p,cindex,accuracy_mean,accuracy_std,precision_mean,precision_std,recall_mean,recall_std,f1_mean,f1_std,roc_auc_mean,roc_auc_std,pr_auc_mean,pr_auc_std,Sig
0,SVM,1.5986617308474025,1.3949661302420668,1.8321013494661136,1.5126822463611137e-11,0.7257313371050089,0.7370274400372069,0.024256310279071762,0.47252928559643625,0.08819791820770694,0.31553911205074,0.05870853603620236,0.3730826786382342,0.04889799548539836,0.7095002880130697,0.0056577068257527875,0.43862286423671987,0.05454285968677978,True
1,RandomForest,1.864610787872235,1.5705190289892377,2.2137734889383136,1.1239813570254925e-12,0.7555540223540775,0.7447013487475914,0.022406453333227005,0.49923661983667866,0.05809055079630096,0.47744890768146586,0.04833640435172312,0.4823832528180354,0.004654647797781548,0.7074667077995677,0.01646517197186087,0.4946657515819867,0.06562134702833154,True
2,XGBoost,1.0903884809139803,0.9508163471330912,1.250448672758751,0.2156166380220834,0.6088381399199669,0.7331185081832879,0.038340663386403136,0.4872036768263183,0.0932582949506942,0.42353770260747003,0.05104247769480427,0.4427925989672978,0.010262921998905512,0.6773038045450614,0.015862245273216002,0.4540437770157458,0.04770904858586675,False
3,LogisticRegression,1.7121107890348768,1.5151067243068808,1.934730608017483,6.597028108455002e-18,0.7334069270042777,0.7100635616681062,0.05664657912998097,0.4758820589705148,0.10331040489054373,0.5859760394644115,0.12507667517817012,0.5008444171724878,0.012048097911018662,0.7186059546702189,0.0038131796125564317,0.4588063368189679,0.050179849265318675,True
4,ANN,1.6137726301473465,1.3990657693182158,1.8614293615959008,5.0338036773023186e-11,0.7156064578446254,0.7178924988372866,0.0162431938777618,0.4326552989616899,0.026059605049610086,0.39252995066948554,0.05168065431233009,0.4083421703782255,0.019115751684898513,0.6798822663814675,0.040423288184320894,0.4075551110330229,0.01973071955832086,True
5,Ensemble,1.8079281664486022,1.5645151723961859,2.089212244603588,1.0041700787387513e-15,0.764557748033669,0.7485881336788253,0.013856869552771425,0.49869281045751634,0.03332457050692194,0.42318534178999295,0.013764640581130796,0.45676249786450823,0.008392268822896013,0.7062675533827673,0.02354318927402565,0.466038090206621,0.05376834956205447,True
