,Model,HR,CI_lower,CI_upper,p,cindex,accuracy_mean,accuracy_std,precision_mean,precision_std,recall_mean,recall_std,f1_mean,f1_std,roc_auc_mean,roc_auc_std,pr_auc_mean,pr_auc_std,Sig
0,SVM,1.7598585737747412,1.4803335100113055,2.0921651632845992,1.5042808557582066e-10,0.7597454118945771,0.7465838371758244,0.02413014198176685,0.4975361517914709,0.05728805251982204,0.4770965468639887,0.04118855305483425,0.48474061141018804,0.033968282209070944,0.7051341640193051,0.008095259147949084,0.48533387638224895,0.06143541124850195,True
1,RandomForest,1.9752539774796063,1.6695099726967388,2.3369900985058223,2.1315652062498177e-15,0.773147509314199,0.7620091688259917,0.019372089368623325,0.5334521687462864,0.05035060794114298,0.45384073291050037,0.02848679764821385,0.48792581687318526,0.017664064799138242,0.7164314870288596,0.023063529384425345,0.5073557855737253,0.08323086015579262,True
2,XGBoost,1.6145643616333447,1.3312402408817023,1.9581875590914763,1.1377340658297481e-06,0.7524147923278598,0.7465616902531392,0.04575919486309485,0.5140730916592986,0.12440325808396971,0.4383368569415081,0.030701932220989384,0.4673799304604516,0.05786998460673125,0.7052954420276452,0.002167326087918947,0.5134472640630726,0.06682819969836183,True
3,LogisticRegression,1.7490949708114132,1.5206177872377096,2.011901506476019,4.946973351324268e-15,0.761832482406513,0.74852169291077,0.02746762655368679,0.5053613053613054,0.0669805316435959,0.5001761804087385,0.041285652509656476,0.4988929474858395,0.029686752733305368,0.705699772444846,0.01139374704989684,0.4715873531337981,0.04123171129690649,True
4,ANN,1.8562924174885633,1.5932701124648554,2.1627353154166085,2.1063327976496035e-15,0.7503449703325514,0.761975948441964,0.022390785275290724,0.5352564102564102,0.06394210686942307,0.5081042988019732,0.05363297418024089,0.5155830753353973,0.015178349895438767,0.7106400345615684,0.0041996447456589155,0.46772134113940234,0.05971580545897595,True
5,Ensemble,1.913869852701109,1.6367145582833735,2.2379576173134934,4.19479007103846e-16,0.7735614737132607,0.7639138041769096,0.02347132914097339,0.5399626517273576,0.0723153367217109,0.4075052854122622,0.02561471688142061,0.46376746376746375,0.042238519412773685,0.7207796360690023,0.014009457656724284,0.5185473390284575,0.07216833805633598,True
