,Model,HR,CI_lower,CI_upper,p,cindex,accuracy_mean,accuracy_std,precision_mean,precision_std,recall_mean,recall_std,f1_mean,f1_std,roc_auc_mean,roc_auc_std,pr_auc_mean,pr_auc_std,Sig
0,SVM,3.0223127079805945,2.1679106204761847,4.213445895114724,6.830620371174201e-11,0.6551849040982476,0.7236064048900405,0.00475233433216642,0.4338877338877339,0.0014678969614522687,0.3535940803382664,0.03671745123247021,0.38860097925950376,0.023271226685869586,0.6568653563727236,0.02751760653827803,0.4250903237016212,0.028705045526732306,True
1,RandomForest,3.0326084934021846,2.108018441164139,4.36272951633964,2.244433289178411e-09,0.6810576790396026,0.7390095896175226,0.02708885980515249,0.48352490421455946,0.05942527500487753,0.37720225510923183,0.03192416230572136,0.41946865919468657,0.013377237894829391,0.6965332288872143,0.029431427930504437,0.44994456355681395,0.02432618366903726,True
2,XGBoost,3.3798101811586094,2.4009443985505463,4.757759849648974,2.950579502451448e-12,0.6843004001655858,0.7524306247646889,0.03262025572640841,0.5356043956043955,0.08369116107196196,0.4066243833685694,0.15770341302610352,0.4318222412746044,0.11209410279346334,0.6972139597783128,0.04447269726947436,0.4567885057877182,0.030225083457237064,True
3,LogisticRegression,3.037402656895381,2.183898329709003,4.224470880631348,4.091189869026141e-11,0.6750896922864633,0.7447456425929616,0.009131128147516918,0.4866997501143842,0.023694824776800214,0.40732910500352365,0.03471067048914658,0.44273768886771986,0.024847066071220794,0.6661560434949393,0.03797696104438993,0.4310661573615606,0.039778684229978434,True
4,ANN,1.9982375586979635,1.4090993541482661,2.833691839568508,0.00010265898245384689,0.6043362770801711,0.7216353287710673,0.019794542365286827,0.42963971230758885,0.044378299956493124,0.33809020436927417,0.03543022624864775,0.3772633744855967,0.0343377972473803,0.6550686782889872,0.03621078696477754,0.39894326951077713,0.048527457847348264,True
5,Ensemble,3.482157717799406,2.304677546100148,5.261222938604994,3.1212047644473283e-09,0.6758141299848213,0.7581556042787855,0.004738380560370176,0.5253831417624522,0.011514190881390109,0.3306906272022551,0.020316588181995603,0.40522842408959764,0.012361726283522662,0.6974557397156368,0.031479256433427916,0.4465341176698229,0.030349435097495683,True
