,Model,HR,CI_lower,CI_upper,p,cindex,accuracy_mean,accuracy_std,precision_mean,precision_std,recall_mean,recall_std,f1_mean,f1_std,roc_auc_mean,roc_auc_std,pr_auc_mean,pr_auc_std,Sig
0,SVM,3.2180213596043674,2.288250159133552,4.525581011995262,1.8408085489397772e-11,0.662187801849041,0.7293646047881647,0.004749882473380508,0.44560846560846556,0.0051210809026721125,0.3532417195207893,0.07307941268180146,0.3901510560067418,0.04944586679260738,0.6605409886876247,0.02237359765004551,0.4360815860217581,0.02182887010120575,True
1,RandomForest,3.2136843151085595,2.3114233068484804,4.468141705837606,3.838591399199767e-12,0.702463088174417,0.74852169291077,0.015033266844140558,0.497089947089947,0.03233795603065776,0.46881606765327694,0.038120978689761005,0.48164180478050983,0.0284972066588221,0.7026269709342673,0.022794145172485427,0.46286600305853165,0.04046254673554208,True
2,XGBoost,2.991797060454906,2.15566131592376,4.1522522971615015,5.644619699427187e-11,0.684610873464882,0.7351449516089739,0.008795033496244288,0.4657335907335907,0.026337381563015953,0.4603594080338267,0.1120632048593558,0.4582051282051282,0.06370027614384498,0.6957207609834984,0.022980738003251233,0.447748737848855,0.020036470427549448,True
3,LogisticRegression,3.347262023799507,2.414735568000379,4.639913042424119,4.1294891679118133e-13,0.6937525872774941,0.7466502779438796,0.012211382191639992,0.49441220717816464,0.019616817275942198,0.4302325581395349,0.049333031245573096,0.45748111537585223,0.01856195501726362,0.6806851235042252,0.018251000102971485,0.4386610682547625,0.036076660178691815,True
4,ANN,2.4237802185012463,1.7433425447392163,3.369797040361185,1.395717671522775e-07,0.6401614461156341,0.7121342989391625,0.015534957299339023,0.395628069541113,0.06623183711878654,0.35271317829457366,0.1409275888581228,0.36515151515151517,0.1090610930073524,0.6625303479288922,0.019937146221397545,0.40242891229887495,0.04030225665663824,True
5,Ensemble,3.5245321815591266,2.4699850949177957,5.029312575369758,3.794763793409025e-12,0.6971505450531255,0.7658405864505128,0.009613358993559019,0.5354767184035477,0.025873719237567337,0.4223044397463002,0.08052697506012206,0.4697422927658832,0.059999822949990206,0.7004662832285767,0.02183682565517186,0.47054780390786205,0.03333669424970809,True
