,Model,HR,CI_lower,CI_upper,p,cindex,accuracy_mean,accuracy_std,precision_mean,precision_std,recall_mean,recall_std,f1_mean,f1_std,roc_auc_mean,roc_auc_std,pr_auc_mean,pr_auc_std,Sig
0,SVM,1.7640055532867125,1.5203224977604026,2.046747053082652,7.267127539591995e-14,0.7412894991030772,0.7523198901512634,0.02932385124227642,0.5083584381829995,0.09758098803320953,0.30673009161381254,0.08895872059141488,0.37801982963273284,0.08639993690806722,0.686057363844511,0.025147421011921068,0.4249068031482852,0.03676622485503104,True
1,RandomForest,1.8725947095505622,1.5748718935153478,2.2266007544330977,1.2391642649301516e-12,0.7583482820477438,0.7581445308174429,0.005286415239704206,0.521324354657688,0.018662501849961703,0.29140239605355883,0.11266843893458706,0.36190476190476195,0.1053007500987759,0.7112645491085043,0.020739074847878267,0.463947769950329,0.007203328806894811,True
2,XGBoost,1.2920425269289728,1.1031421182543872,1.5132899594429625,0.0014871523540766457,0.6293638747067752,0.7543463335769496,0.017390531709894717,0.5140667761357417,0.04094553161269302,0.36927413671599724,0.003986507575399838,0.4292879666557488,0.017308821766852975,0.7096770943122799,0.021064717138240728,0.4831832900732132,0.038161890164951896,True
3,LogisticRegression,1.9979059884755899,1.605080416293617,2.4868712484848086,5.787198512229194e-10,0.7392369256243964,0.7619980953646491,0.0024520654338141754,0.5288671023965142,0.0007702688248219445,0.4230091613812544,0.00622891808656225,0.470021645021645,0.0035202285643486076,0.6827840704771292,0.024517589213552793,0.4432314105359678,0.017106933303745745,True
4,ANN,1.393042155917781,1.1985354570828657,1.6191147593474076,1.5591023309164312e-05,0.651717952256106,0.643146634775098,0.0900352083511137,0.3571964821964822,0.056043748530336605,0.42917547568710357,0.14772955769701343,0.3698717948717949,0.032344809773186836,0.6202741958910963,0.049318016558987134,0.37463097901249337,0.05607713770688683,True
5,Ensemble,1.1470790555263985,0.9914905242375182,1.3270831414543385,0.06502950357865822,0.7508969228646336,0.7408920780457556,0.012207043459186544,0.4801309022907901,0.017945860418578072,0.3528893587033122,0.09994539275358194,0.3965107965107965,0.061237075977508916,0.701850359830122,0.0365266259228382,0.4307457202854605,0.031497974022490674,False
