,Model,HR,CI_lower,CI_upper,p,cindex,accuracy_mean,accuracy_std,precision_mean,precision_std,recall_mean,recall_std,f1_mean,f1_std,roc_auc_mean,roc_auc_std,pr_auc_mean,pr_auc_std,Sig
0,SVM,1.7671523811889138,1.5235864552152625,2.049655618591355,5.280663675752142e-14,0.7432730785152477,0.7446570549022212,0.02482995498330289,0.48761041743497885,0.08709886650161387,0.30673009161381254,0.08895872059141488,0.3698962659536136,0.07563469531425598,0.6871645899517372,0.0260776578357877,0.4274273208061521,0.03973194454766912,True
1,RandomForest,1.8188832228628877,1.5471599032341625,2.138328540893791,4.277099272071179e-13,0.7607630743756036,0.761975948441964,0.007807332120478456,0.5557029177718833,0.04718951425638515,0.22973925299506695,0.09656486614776964,0.31408408942655514,0.0920971226598885,0.7131158503606576,0.02359982808093306,0.4504002732841858,0.009253385406618611,True
2,XGBoost,1.0939945714440389,0.9577434564786608,1.2496291300693345,0.18558255159616868,0.6172554160342211,0.7543241866542644,0.009606621819680179,0.5098039215686274,0.017719399573185454,0.42318534178999295,0.013764640581130796,0.4623256373256373,0.013006249893268753,0.6941733217962579,0.015597727801081259,0.45388894398755747,0.017563495399149965,False
3,LogisticRegression,1.9993846383772311,1.6070131555246578,2.4875583117885145,5.102934286941033e-10,0.7395129018904374,0.7600823865523885,0.005127646356653158,0.5238813474107591,0.00782119114434595,0.43058491895701195,0.016942657195449323,0.4723308819694361,0.006785982774647933,0.6836581963512551,0.025111724012811323,0.4440162355949588,0.01616442697097438,True
4,ANN,1.4618681849764676,1.2466043345420559,1.7143038340480719,2.9813076916828214e-06,0.6721401959431489,0.7026000487232299,0.0702320106501506,0.4408145755734574,0.08021556623884474,0.44538407329105006,0.10380719522748864,0.4272283272283272,0.05384352350716981,0.6507756283009257,0.0654239783007902,0.42280997718522095,0.04160243806082804,True
5,Ensemble,1.824803389807473,1.5732924117376266,2.116521624721446,1.8788651349641634e-15,0.7495515385676832,0.7542798928088942,0.015018389855441757,0.5414141414141415,0.0744465687785385,0.2917547568710359,0.09139128392285606,0.36214284459898494,0.07435954761291434,0.7108753176523459,0.026431187955956607,0.4504226513836341,0.0024695458798256183,True
