,Model,HR,CI_lower,CI_upper,p,cindex,accuracy_mean,accuracy_std,precision_mean,precision_std,recall_mean,recall_std,f1_mean,f1_std,roc_auc_mean,roc_auc_std,pr_auc_mean,pr_auc_std,Sig
0,SVM,1.708882091404063,1.4674610327912212,1.990020816271309,5.36705740226707e-12,0.7257313371050089,0.7466834983279074,0.015628918734617296,0.4912912912912913,0.03482447811249064,0.4238900634249471,0.07534756379581199,0.45188370188370186,0.05279776932864781,0.7126819686024373,0.04993196728929191,0.4394889489188891,0.046102234355984595,True
1,RandomForest,1.8164852333789132,1.5314232024245322,2.1546092535751873,7.213533072601175e-12,0.7562094659859252,0.7447345691316191,0.04716438990463343,0.5209643605870021,0.11139751861013261,0.39940098661028894,0.05587613811522981,0.44052017837658203,0.02772709855648003,0.7006694027908301,0.021056820795014336,0.46597610871239165,0.0498608680368763,True
2,XGBoost,1.5095065796706622,1.2952622350410987,1.7591882573467605,1.3448321862387706e-07,0.6898371740030358,0.7408920780457556,0.030687440504919367,0.5417917917917917,0.15252172793443797,0.29210711768851305,0.11541201924518145,0.3450980392156862,0.0877218174834021,0.6949729149777969,0.025557979342431352,0.441365212669618,0.04136303181279623,True
3,LogisticRegression,1.2558492529539624,1.1433011499657852,1.3794767425819734,1.979667201291029e-06,0.7161929074099628,0.7370052931145218,0.017115889236045935,0.4775373931623932,0.025554100566375755,0.4859055673009161,0.14617411509878594,0.469413110397838,0.06807490928731065,0.6891316861137561,0.049365158408328585,0.46120230625265296,0.0730053456330055,True
4,ANN,1.5551526461700769,1.335428606988529,1.8110288638668997,1.332396250730624e-08,0.7062577618324825,0.6851593471087192,0.032586135676446124,0.3952790818988002,0.039988578296484646,0.4700493305144468,0.1138556264552968,0.4223232373610349,0.047288424635345744,0.6644093538865419,0.04026105745146494,0.4241816501852671,0.03528261860250507,True
5,Ensemble,1.4086127763230523,1.2665233977988812,1.5666429511439777,2.697989262588138e-10,0.7529839933765696,0.7658627333731977,0.02560049672239743,0.5545780384490061,0.0768966316956091,0.36187455954897824,0.0566391928651798,0.4347008547008547,0.05178612659239859,0.7164681197257089,0.03205265554627407,0.46614070803265073,0.0424159580206951,True
