,Model,HR,CI_lower,CI_upper,p,cindex,accuracy_mean,accuracy_std,precision_mean,precision_std,recall_mean,recall_std,f1_mean,f1_std,roc_auc_mean,roc_auc_std,pr_auc_mean,pr_auc_std,Sig
0,SVM,1.2960818985158902,0.966041861306579,1.7388773250349354,0.0837081438051341,0.5541430936939423,0.5617788408300667,0.22192969869756468,0.34973544973544973,0.1071111717469973,0.4466173361522198,0.16692924054689842,0.3489055394547725,0.03570859395716884,0.5243991658380084,0.16978947534842803,0.32499926700544157,0.10609597702996525,False
1,RandomForest,3.920121745555295,2.7679459445382077,5.551898341909027,1.429034922043981e-14,0.6474058230992135,0.7485881336788253,0.013856869552771425,0.4970641373080397,0.026358022584401862,0.32998590556730095,0.15116915605627748,0.3722502423467596,0.13054232760529977,0.6911344218241077,0.024214710064799257,0.47388994208617435,0.052822198581890925,True
2,XGBoost,3.5218356396423314,2.5143573590709574,4.933000564898967,2.426774593643094e-13,0.6804194839243825,0.754235598963524,0.030942334285157944,0.5270348837209303,0.0781852458351709,0.3921775898520085,0.03089141479112571,0.44448844409244725,0.022607761812992035,0.679775192557014,0.021570249970150838,0.4508653948056079,0.021454519984432114,True
3,LogisticRegression,3.6394923803798798,2.6416289452990127,5.014294233266688,2.7594942617291123e-15,0.69889264523251,0.7160100104090535,0.030617545908120696,0.44018564018564016,0.053054791859916496,0.43146582100070474,0.09228793289119669,0.42791940296624337,0.0413995433262593,0.6966574759047687,0.015211950002542074,0.4706866167796276,0.05709368170380938,True
4,ANN,2.493366886740213,1.8454360040401354,3.3687857060782544,2.6691911417045054e-09,0.651838691872499,0.6872965251478308,0.10419452926604847,0.4521417969693832,0.11777824625174753,0.4540169133192389,0.09623031340201012,0.4274408718853164,0.034514575446310196,0.6547921174629856,0.057386671094544275,0.44159473285405265,0.09553645752831244,True
5,Ensemble,3.9772135216173368,2.7776890386252013,5.694743787578505,4.768954092227582e-14,0.6821098385538844,0.7601045334750737,0.013879928954681535,0.5345502645502646,0.044318857585751374,0.3618745595489781,0.032321303158473924,0.42896035787894377,0.018360708829155976,0.6917309419972298,0.02718761787627988,0.4684706278869694,0.030216262420177855,True
