,Model,HR,CI_lower,CI_upper,p,cindex,accuracy_mean,accuracy_std,precision_mean,precision_std,recall_mean,recall_std,f1_mean,f1_std,roc_auc_mean,roc_auc_std,pr_auc_mean,pr_auc_std,Sig
0,SVM,1.5384266115973066,1.314950231740073,1.799882902137553,7.4955959159785e-08,0.6595142817717676,0.5617788408300667,0.22192969869756468,0.34973544973544973,0.1071111717469973,0.4466173361522198,0.16692924054689842,0.3489055394547725,0.03570859395716884,0.5243991658380084,0.16978947534842803,0.32499926700544157,0.10609597702996525,True
1,RandomForest,1.959986536042034,1.636067400889873,2.3480372626314763,2.8487376938825176e-13,0.7338553884365945,0.7485881336788253,0.013856869552771425,0.4970641373080397,0.026358022584401862,0.32998590556730095,0.15116915605627748,0.3722502423467596,0.13054232760529977,0.6911344218241077,0.024214710064799257,0.47388994208617435,0.052822198581890925,True
2,XGBoost,1.265800352579005,1.0982088463063329,1.4589670607535823,0.0011428346714309771,0.6000586449565337,0.754235598963524,0.030942334285157944,0.5270348837209303,0.0781852458351709,0.3921775898520085,0.03089141479112571,0.44448844409244725,0.022607761812992035,0.679775192557014,0.021570249970150838,0.4508653948056079,0.021454519984432114,True
3,LogisticRegression,1.5883115338410074,1.3854047147790622,1.8209361507295627,3.252608850568043e-11,0.7415482268524907,0.7160100104090535,0.030617545908120696,0.44018564018564016,0.053054791859916496,0.43146582100070474,0.09228793289119669,0.42791940296624337,0.0413995433262593,0.6966574759047687,0.015211950002542074,0.4706866167796276,0.05709368170380938,True
4,ANN,1.6873111606041034,1.4508876502012429,1.9622601049118278,1.1057349038211936e-11,0.7239547398923692,0.6872965251478308,0.10419452926604847,0.4521417969693832,0.11777824625174753,0.4540169133192389,0.09623031340201012,0.4274408718853164,0.034514575446310196,0.6547921174629856,0.057386671094544275,0.44159473285405265,0.09553645752831244,True
5,Ensemble,1.9786347453719295,1.6660665716072562,2.3498433509870136,7.323547207287489e-15,0.7630743756036981,0.7601045334750737,0.013879928954681535,0.5345502645502646,0.044318857585751374,0.3618745595489781,0.032321303158473924,0.42896035787894377,0.018360708829155976,0.6917309419972298,0.02718761787627988,0.4684706278869694,0.030216262420177855,True
