,Model,HR,CI_lower,CI_upper,p,cindex,accuracy_mean,accuracy_std,precision_mean,precision_std,recall_mean,recall_std,f1_mean,f1_std,roc_auc_mean,roc_auc_std,pr_auc_mean,pr_auc_std,Sig
0,SVM,3.070797138969168,2.2282717814720803,4.231887307064289,7.0564540169112296e-12,0.6685352559679868,0.7102628839722721,0.035218791714015325,0.4237788930515303,0.0654555257831266,0.4001057082452431,0.013585326038517987,0.41017122412471246,0.03738904621827327,0.6687423056853201,0.03690186154854201,0.44773975892776524,0.07240377267795525,True
1,RandomForest,4.09876828560673,2.9220863017372807,5.749283123194347,3.064361699849584e-16,0.7070166965640955,0.7793059154430493,0.035325775302388694,0.5881065371739691,0.08821401995032913,0.4462649753347428,0.04855744294941142,0.5037470060487963,0.05136535407036845,0.697508945578358,0.029513731375815644,0.4914266422987,0.0572554335153029,True
2,XGBoost,3.236615275115975,2.3101626618160527,4.534606420692028,8.688997169579488e-12,0.6582206430246998,0.7485438398334551,0.007714444289795183,0.4984744469870328,0.019647973870924883,0.3689217758985201,0.0636535696292795,0.4193602693602694,0.039467972680202065,0.7020339785074384,0.01594529535615002,0.4731325858159868,0.025729828942718396,True
3,LogisticRegression,3.626972209538559,2.6493604592706923,4.9653218620112805,8.981167388260883e-16,0.6937353387608666,0.731335680907138,0.02621934228116743,0.47126436781609193,0.04247962713594325,0.4390415785764623,0.08520431382840052,0.44606678712984077,0.0243747456335674,0.6953600618566002,0.015370601720082639,0.4769781942522058,0.0488462461030806,True
4,ANN,2.9070124180544763,2.0908695154904344,4.041725768210233,2.1998469666358742e-10,0.6500620946598592,0.7332513897193985,0.018355423766321283,0.46033129904097647,0.04520693504352067,0.36909795630725867,0.015465790237741178,0.40906183961739523,0.024635315334131956,0.6480461458182033,0.03331735859225639,0.44120417053083055,0.034602726317088245,True
5,Ensemble,3.6161112906776154,2.6101610902354704,5.009752430792109,1.0896945120241545e-14,0.694080309093418,0.7523863309193187,0.017097675328631327,0.5071668306962424,0.0367678559672582,0.4383368569415081,0.01488281330651364,0.469540924192087,0.01803490795931582,0.6982690766243048,0.023962395657402602,0.4712299371223548,0.03303197947433827,True
