,Model,HR,CI_lower,CI_upper,p,cindex,accuracy_mean,accuracy_std,precision_mean,precision_std,recall_mean,recall_std,f1_mean,f1_std,roc_auc_mean,roc_auc_std,pr_auc_mean,pr_auc_std,Sig
0,SVM,2.4738656413531928,1.8040582887361722,3.3923578022277763,1.8809726415063283e-08,0.6296226024561887,0.7466834983279074,0.015628918734617296,0.4912912912912913,0.03482447811249064,0.4238900634249471,0.07534756379581199,0.45188370188370186,0.05279776932864781,0.7126828789885775,0.050075203348856304,0.43946775243318204,0.04617024616748978,True
1,RandomForest,2.905973940344665,2.089900728954858,4.040710845718216,2.2602157227980218e-10,0.6505450531254312,0.7370606604212345,0.040347666494374,0.4933657942787584,0.08346069843365142,0.3916490486257928,0.06054508380138515,0.4265238555717634,0.01530245174730055,0.6955143412714867,0.016139338889099342,0.46870532310225826,0.05265924769650418,True
2,XGBoost,3.5623069448935345,2.5449505954156613,4.986356431632053,1.3211053470524086e-13,0.6897336829032703,0.7638805837928819,0.033109490163383486,0.5462473751947435,0.09371309369192377,0.42318534178999295,0.013764640581130796,0.4747452192831787,0.042990101590789746,0.7266995874709349,0.024702149397443255,0.4875988477670236,0.0540393493179801,True
3,LogisticRegression,2.8145470494264164,2.0602101993503195,3.8450809999547717,7.994994167433523e-11,0.659979991720712,0.744712422208934,0.00998666605004492,0.48675213675213674,0.01931132226956408,0.45489781536293167,0.10769912853381583,0.46416634863361433,0.06266553787146027,0.6884152122213546,0.04862841302518261,0.46014391248459824,0.07168794459933986,True
4,ANN,2.792767863271408,2.051451598862529,3.801967515317531,6.788406640943248e-11,0.64778529046502,0.73895422231081,0.01448926767050686,0.47563874034462267,0.030410606762374788,0.4314658210007047,0.0922879328911967,0.4475407011801189,0.051448783119877536,0.6909243191863466,0.04519665031224716,0.4692697016811556,0.028801848201014953,True
5,Ensemble,3.887748249589981,2.7280236358396253,5.540489552077515,5.804062381875202e-14,0.6831792465847937,0.7696720040750339,0.01878048597005182,0.5650103519668738,0.06406922536410971,0.3847780126849895,0.040813057746498266,0.45425919110129637,0.02699693461578255,0.7284185206473507,0.03765274755339643,0.47302069890545617,0.0433778279844237,True
