,Model,HR,CI_lower,CI_upper,p,cindex,accuracy_mean,accuracy_std,precision_mean,precision_std,recall_mean,recall_std,f1_mean,f1_std,roc_auc_mean,roc_auc_std,pr_auc_mean,pr_auc_std,FDR,Sig
0,SVM,2.596186339904316,1.5698006480559972,4.293655707081436,0.00020178143279332077,0.5827499247214695,0.8031189083820663,0.030324267419306154,0.4799498746867168,0.08408138444719926,0.2268817204301075,0.15935034022063158,0.2609966946351386,0.10394320745948588,0.7456282932604141,0.02487247111784329,0.41991605647837066,0.04743360551904517,0.00020178143279332077,True
1,RandomForest,3.8257501291029543,2.3558818093830562,6.212690293730887,5.82655011305718e-08,0.6602115326708823,0.8148148148148149,0.012016401565241646,0.4903571428571429,0.055164411035539575,0.3591397849462366,0.048945405061251786,0.40844775180798654,0.01899303871130953,0.7672104745200147,0.034872890829899666,0.45392359726661774,0.07883610708367328,8.73982516958577e-08,True
2,XGBoost,4.275813548593754,2.7680884609167773,6.604767788484191,5.7782550588661666e-11,0.688572719060524,0.8167641325536062,0.03615445807210801,0.535949410949411,0.12958099591272426,0.478494623655914,0.14565824929187166,0.47529921059332825,0.08025289976553979,0.7715279820461701,0.03963469556987561,0.5036489425821727,0.09539454109020701,1.1556510117732333e-10,True
3,LogisticRegression,4.26594504936638,2.772885216337462,6.562942835495567,4.1031354851225544e-11,0.7127371273712737,0.8109161793372319,0.009939609188290037,0.4685136064446409,0.03136873607807174,0.4881720430107526,0.11128902393923105,0.47527151211361734,0.06817789940525563,0.7351367054867398,0.03474820741795853,0.3849962204424045,0.048222304773584905,1.1556510117732333e-10,True
4,ANN,3.01035885138308,1.9243540580878264,4.709247955703825,1.385056911558739e-06,0.6193164709424872,0.7894736842105262,0.020813018035148765,0.38191438191438193,0.07747841319879377,0.2838709677419355,0.08623629099253086,0.32224627001093215,0.07655671651642303,0.6887347343421468,0.05439089179912541,0.34821432880242,0.04012319349000683,1.6620682938704869e-06,True
5,Ensemble (Mean),4.711445375471405,3.1873751169597035,6.964262664892834,7.623356411125512e-15,0.686352002408913,0.8128654970760234,0.023874169032974443,0.492598659265326,0.07613846187602676,0.446236559139785,0.038016493612179965,0.4622010312782218,0.02005818892295695,0.7579130851608545,0.03589911692806698,0.4517235865234192,0.07677492307138802,4.574013846675307e-14,True
