,Model,HR,CI_lower,CI_upper,p,cindex,accuracy_mean,accuracy_std,precision_mean,precision_std,recall_mean,recall_std,f1_mean,f1_std,roc_auc_mean,roc_auc_std,pr_auc_mean,pr_auc_std,Sig
0,SVM,2.699266398759705,1.8712063809763655,3.893765629246865,1.0858154562172156e-07,0.643852628673934,0.7466724248665648,0.011785336694480267,0.48094523094523095,0.040689917387014926,0.3534178999295278,0.10277948896478661,0.4022357008907642,0.08684262943143868,0.6938914331422764,0.06857891046099301,0.44193225633530453,0.07087338108816546,True
1,RandomForest,3.7988241457687137,2.5350768267785986,5.692555246466989,9.955125513519542e-11,0.6430419483924382,0.7696609306136911,0.005258366943963867,0.5774928774928775,0.018148841377359507,0.28417899929527835,0.044381380131183666,0.37913088732760863,0.04113182537636647,0.7229630110111204,0.03170364004280338,0.47318952582456975,0.03598130028336647,True
2,XGBoost,2.8390071332230944,1.6960819109954575,4.752106281094109,7.184171866985192e-05,0.5773251000413965,0.7428077868580161,0.002020170858482585,0.4196236559139785,0.04656205757079511,0.15239605355884425,0.13363652733920076,0.20032679738562095,0.14188351753220269,0.6847884097085233,0.02746335224923464,0.418134713294851,0.015855122557949682,True
3,LogisticRegression,3.745131813506532,2.6987840738597937,5.197159875216975,2.8185889815111227e-15,0.7096384710914861,0.7466502779438796,0.012211382191639992,0.48872785829307563,0.032546510356534206,0.4531360112755462,0.0712222240627069,0.4691774756472366,0.0523660337344028,0.6927869692293623,0.06145539782415039,0.4476867646972167,0.05101495489511066,True
4,ANN,2.4205970246362285,1.7107647261526782,3.4249536865625356,5.971809300974327e-07,0.6589450807230578,0.7082696609306137,0.04033593377133223,0.40315999890467974,0.09976139113440789,0.3988724453840733,0.1284991833126594,0.4003339797457444,0.11445893565061613,0.6573468058067738,0.07457140713476013,0.391943194953815,0.07023411916860141,True
5,Ensemble,3.478272848491709,2.395755368760647,5.049923780328733,5.643037318884686e-11,0.638315854836484,0.7562509689278675,0.010530541521391712,0.5329365079365079,0.035533049850037496,0.2915785764622974,0.08213144424993679,0.36638040090464846,0.06299930905129855,0.7097791299770707,0.049271711494845785,0.46330870777514505,0.04639336412225806,True
