,Model,HR,CI_lower,CI_upper,p,cindex,accuracy_mean,accuracy_std,precision_mean,precision_std,recall_mean,recall_std,f1_mean,f1_std,roc_auc_mean,roc_auc_std,pr_auc_mean,pr_auc_std,Sig
0,SVM,3.110558018570703,2.258510225954354,4.284050200749476,3.693608346956873e-12,0.6802987443079895,0.7160210838703961,0.033305941840322276,0.4525693845613363,0.06049269513318407,0.5061663143058491,0.14313766438314343,0.4635100258090133,0.05446110361035573,0.7027218993799856,0.06632439143835848,0.46534994002152824,0.07320292213829241,True
1,RandomForest,4.336134120900333,3.09325088229414,6.0784138855531085,1.7001772468714137e-17,0.7025493307575549,0.7639470245609372,0.011831380683298193,0.5406681190994916,0.0386296620610842,0.4076814658210007,0.02849986998434277,0.46260570705015147,0.004953917247084637,0.722430900657423,0.01951954218031638,0.4794056954223538,0.021107982333403132,True
2,XGBoost,5.193719081799198,3.5670741221924778,7.5621411208761975,8.372167582620061e-18,0.7052400993514558,0.7696720040750339,0.004734134606004732,0.564769647696477,0.02734845704399536,0.3680408738548273,0.12798727621505962,0.4299591541860013,0.0944234935029322,0.7229312199132898,0.025650957835494516,0.4819424533513494,0.017164593972735464,True
3,LogisticRegression,3.810373686868768,2.7403194022501793,5.298268377642342,1.8129761003127585e-15,0.7228853318614599,0.754357407038292,0.02549707697526419,0.5143232477328588,0.05625639136214776,0.469168428470754,0.0057306046396372904,0.48932081270748706,0.028302761648403268,0.6822891721569159,0.04846067882637561,0.4579633772361773,0.05029403249350213,True
4,ANN,3.1723292891691064,2.2995518866939735,4.37636270664392,2.029005735335783e-12,0.6700703739478405,0.746617057559852,0.010015356590301228,0.49442586399108146,0.024890873535971116,0.39922480620155043,0.09122947516232419,0.43422025129342207,0.05577377008277967,0.6806129029855286,0.036698978335706615,0.42822540122095826,0.03104093044582809,True
5,Ensemble,4.48150531233544,3.168417442560273,6.33877644868088,2.2731009598600964e-17,0.6994618462812198,0.7619980953646491,0.0070747373048176045,0.5343680709534367,0.015678642598371317,0.39164904862579286,0.08313064698624893,0.4456775422719695,0.05469590577877893,0.7296065849057151,0.02809787159712725,0.49047123971958845,0.03386375565099328,True
