,Model,HR,CI_lower,CI_upper,p,cindex,accuracy_mean,accuracy_std,precision_mean,precision_std,recall_mean,recall_std,f1_mean,f1_std,roc_auc_mean,roc_auc_std,pr_auc_mean,pr_auc_std,Sig
0,SVM,1.8209353080287913,1.5782273863724843,2.100968101717715,2.1759678880738991e-16,0.7414619842693528,0.7428410072420437,0.025479536455131017,0.4916221033868093,0.06511681848956682,0.3534178999295279,0.05469883906366746,0.4054371331479765,0.04022465846830471,0.6798319882378111,0.04268617814332206,0.450938811978779,0.04292127974718484,True
1,RandomForest,1.9133592142317577,1.6425856133924304,2.2287687489997103,7.786387076715688e-17,0.750241479232786,0.7677673687241158,0.01937596915050836,0.5612169312169312,0.06887454234994397,0.37702607470049326,0.013408243545060206,0.4482840293765282,0.013737753560161183,0.6895232556070475,0.04959047182134493,0.44094384078355353,0.054686908832833274,True
2,XGBoost,1.6227813206763388,1.3802690496750067,1.9079028218129632,4.563303494956699e-09,0.7108113702221609,0.7582331185081833,0.02877294834887856,0.3608058608058608,0.27119836203511555,0.15503875968992248,0.17229543233250286,0.20425120772946861,0.2098018633444913,0.6768757885702676,0.05297191039726599,0.4343944626116669,0.06993164850421822,True
3,LogisticRegression,1.624792395822015,1.3919673278279463,1.8965605562312118,7.699059089222637e-10,0.7279218987167103,0.7255774810090138,0.026208410416324702,0.45844385499557916,0.03526178002229756,0.4298801973220578,0.09011623601491629,0.4346596075737062,0.03127020167580146,0.6627213531483015,0.06756221210858093,0.44743480294887544,0.06255484216709128,True
4,ANN,1.8119572884202533,1.561633842396176,2.102406547505106,4.6512486007384096e-15,0.7278184076169449,0.6643301663233894,0.14123463414321327,0.45464852607709755,0.15607596256163497,0.4307610993657505,0.10443828406391079,0.4033633886870784,0.05025156190327686,0.6357641263996671,0.10553746105839094,0.4002000180251207,0.11121039659465135,True
5,Ensemble,1.700642320218818,1.4976108471475442,1.9311988203263242,2.69593424768816e-16,0.7391679315578861,0.7639248776382521,0.012224509519605029,0.558115719406042,0.055982769886724466,0.30778717406624384,0.029787517321789973,0.39346846846846845,0.013244315700891143,0.6851054930630646,0.041081278976531785,0.4405624697493349,0.05776010562745797,True
