,Model,HR,CI_lower,CI_upper,p,cindex,accuracy_mean,accuracy_std,precision_mean,precision_std,recall_mean,recall_std,f1_mean,f1_std,roc_auc_mean,roc_auc_std,pr_auc_mean,pr_auc_std,Sig
0,SVM,3.157353236381431,2.1438302662428317,4.650032055363808,5.8591257294263805e-09,0.6758831240513316,0.7447677895156467,0.02709867178603259,0.49852572607990564,0.07536777533897494,0.34566596194503174,0.05312825316333643,0.40230294396961064,0.041928457113390355,0.6805452861240187,0.04307944799303242,0.45015922625588,0.04173858154381191,True
1,RandomForest,3.6829093178150085,2.661455052842451,5.09639305340226,3.652795288570706e-15,0.6941320546433006,0.7371160277279473,0.03245893138842959,0.4882426516572858,0.07222920702541999,0.4228329809725158,0.052500579371921555,0.44515945695716336,0.01808187256663799,0.6887107773580347,0.04290760571870983,0.4398697109213357,0.0415755477839341,True
2,XGBoost,4.21391592033996,3.0456017332294394,5.8304036243326,3.867154509343784e-18,0.7210224920656824,0.7562952627732377,0.02823624511185869,0.5260135135135134,0.06713090885567283,0.45384073291050037,0.02848679764821385,0.4828387689879318,0.015064123558487637,0.6848165902976838,0.030249780177821498,0.4667267430703152,0.06863569924906755,True
3,LogisticRegression,2.7565454375683536,1.9836409099731471,3.830603972309569,1.5430706332246725e-09,0.6875948668414517,0.7044936106128054,0.034638781835865266,0.4252464494569758,0.051036830486898214,0.4374559548978154,0.11963908118653951,0.41734369515382913,0.05877316520133245,0.6627144735257641,0.06355400788933942,0.4489315607068694,0.05670520061268795,True
4,ANN,2.7809318080884564,2.0512633180673667,3.770155519830803,4.487941959734926e-11,0.6754001655857597,0.7005736052975439,0.01410106063398988,0.407109743122055,0.032114318499117375,0.44556025369978863,0.05538513542970948,0.4250545863764958,0.041829696389840215,0.6341643089734692,0.05157121925297767,0.4000885729870028,0.024990696483184888,True
5,Ensemble,4.92596284630332,3.440297471840614,7.053201114663636,3.1417087645057137e-18,0.7030150407064992,0.769694150997719,0.0159661034926767,0.564043799337917,0.057394966211957346,0.3763213530655391,0.06221538676347637,0.44670771479982,0.047137784009639916,0.7046964958823648,0.03145128309859465,0.4621556822430311,0.06134132520467386,True
