,Model,HR,CI_lower,CI_upper,p,cindex,accuracy_mean,accuracy_std,precision_mean,precision_std,recall_mean,recall_std,f1_mean,f1_std,roc_auc_mean,roc_auc_std,pr_auc_mean,pr_auc_std,Sig
0,SVM,3.3795812198441335,2.40525461351936,4.748590505689193,2.252764359660613e-12,0.6385573340692701,0.7409585188138109,0.032333570413191196,0.47684729064039405,0.10436221503807468,0.3225863284002819,0.0654770406314805,0.38311133173381867,0.07461237834169415,0.7024444592037349,0.05575819194013566,0.46643478659331467,0.03375635439865995,True
1,RandomForest,3.623702632996933,2.586513406603584,5.0768036766651985,7.217557847110986e-14,0.6869911687594867,0.7638916572542245,0.008801054437730372,0.5331143951833607,0.023475310688568524,0.39904862579281186,0.09197528568984395,0.4520465865258585,0.06475617723530364,0.7245514899917528,0.038367330087571136,0.484148933894405,0.029525377469385147,True
2,XGBoost,3.598915175628515,2.497610001941467,5.185833829661597,6.371709698286776e-12,0.6836277080171105,0.773547715544925,0.016019353108482834,0.5596097300187116,0.04928231137511207,0.3988724453840733,0.1284991833126594,0.456394818463784,0.10048530004595649,0.6991429438660045,0.06339458320866796,0.4759451282743064,0.07806110000746204,True
3,LogisticRegression,3.208096273288847,2.3490360678378703,4.381321274544232,2.294602593424849e-13,0.6928556644128605,0.7102628839722721,0.06336275026657963,0.45067548938516677,0.09023592103723295,0.4383368569415081,0.04883471779864809,0.43441634405489826,0.03800883692567548,0.6858006452982487,0.07157196648827926,0.43325105896649313,0.04905219186308513,True
4,ANN,2.2349500280490857,1.630375729409477,3.0637119639199986,5.809105482185025e-07,0.6201531668276529,0.6718490465749785,0.052518418806230406,0.3539405799679772,0.052787283005416026,0.3689217758985201,0.15453904347010788,0.34351366356177904,0.09104714030903768,0.6435168092455507,0.04042142425907392,0.3989531082241295,0.01774816286717063,True
5,Ensemble,3.397213729012144,2.3989787101226177,4.810822652110449,5.5982257914389865e-12,0.6533565613357252,0.7485770602174827,0.01322951019287226,0.49945533769063183,0.04121478085488588,0.32998590556730095,0.09181450614719576,0.3882034632034632,0.07145037709924223,0.7037503150142951,0.05231089122504193,0.46383623508931127,0.03674409573954678,True
