,Model,HR,CI_lower,CI_upper,p,cindex,accuracy_mean,accuracy_std,precision_mean,precision_std,recall_mean,recall_std,f1_mean,f1_std,roc_auc_mean,roc_auc_std,pr_auc_mean,pr_auc_std,Sig
0,SVM,1.9088794184098197,1.6559624728586686,2.20042464352367,4.870625657382603e-19,0.7419276942182972,0.7409585188138109,0.032333570413191196,0.47684729064039405,0.10436221503807468,0.3225863284002819,0.0654770406314805,0.38311133173381867,0.07461237834169415,0.7024444592037349,0.05575819194013566,0.46643478659331467,0.03375635439865995,True
1,RandomForest,2.0087145239255335,1.7531282582735,2.301562375477896,9.658466320263345e-24,0.7721815923830551,0.7638916572542245,0.008801054437730372,0.5331143951833607,0.023475310688568524,0.39904862579281186,0.09197528568984395,0.4520465865258585,0.06475617723530364,0.7245514899917528,0.038367330087571136,0.484148933894405,0.029525377469385147,True
2,XGBoost,1.6237939042786946,1.4220443521092792,1.8541662499215952,7.976495464552914e-13,0.7323720160066234,0.773547715544925,0.016019353108482834,0.5596097300187116,0.04928231137511207,0.3988724453840733,0.1284991833126594,0.456394818463784,0.10048530004595649,0.6991429438660045,0.06339458320866796,0.4759451282743064,0.07806110000746204,True
3,LogisticRegression,1.8352892783632748,1.498081599208672,2.248400045133998,4.571888354931712e-09,0.7402373395887953,0.7102628839722721,0.06336275026657963,0.45067548938516677,0.09023592103723295,0.4383368569415081,0.04883471779864809,0.43441634405489826,0.03800883692567548,0.6858006452982487,0.07157196648827926,0.43325105896649313,0.04905219186308513,True
4,ANN,1.3185993439673194,1.1370982318474612,1.5290712633385641,0.0002518414388858349,0.6632054643300677,0.6718490465749785,0.052518418806230406,0.3539405799679772,0.052787283005416026,0.3689217758985201,0.15453904347010788,0.34351366356177904,0.09104714030903768,0.6435168092455507,0.04042142425907392,0.3989531082241295,0.01774816286717063,True
5,Ensemble,1.7434693289958538,1.5712953802717442,1.9345091567847426,1.0867378447398862e-25,0.7583137850144888,0.7485770602174827,0.01322951019287226,0.49945533769063183,0.04121478085488588,0.32998590556730095,0.09181450614719576,0.3882034632034632,0.07145037709924223,0.7037503150142951,0.05231089122504193,0.46383623508931127,0.03674409573954678,True
