,Model,HR,CI_lower,CI_upper,p,cindex,accuracy_mean,accuracy_std,precision_mean,precision_std,recall_mean,recall_std,f1_mean,f1_std,roc_auc_mean,roc_auc_std,pr_auc_mean,pr_auc_std,Sig
0,SVM,1.4563334477781116,1.0855326467776523,1.9537939438423018,0.012163343938200736,0.5850006899406651,0.5809027085686443,0.24861060933774065,0.39660671003954584,0.175943368983231,0.4765680056377731,0.05760910790361323,0.4058128614776039,0.12492845438623523,0.5426403763701829,0.18074058976812904,0.3712339389680797,0.15022870224375878,True
1,RandomForest,3.8786650861061127,2.7855154695189723,5.400811093961175,1.0159498362200127e-15,0.699134124465296,0.7505259894137709,0.02363711187762424,0.5090377458798511,0.06695425751687344,0.406800563777308,0.08414306970320111,0.44523314962784283,0.05558489201440899,0.6934020592106869,0.05654844895200251,0.454066466154418,0.07041286060722873,True
2,XGBoost,2.5118366660109035,1.6520644663798183,3.8190540170278227,1.6446722671556364e-05,0.584483234441838,0.7370717338825769,0.01383384262462096,0.26077097505668934,0.19034116799485998,0.1821705426356589,0.22554010117792492,0.18491697754370565,0.20649611034051882,0.6740617953559548,0.03519015515035625,0.4239762754387999,0.05678435743236895,True
3,LogisticRegression,3.189343288860259,2.3337302272302947,4.358648868455608,3.393395738905815e-13,0.7153477300952118,0.7197860607268619,0.0265054672328409,0.4476543209876543,0.050171478546721056,0.5229034531360113,0.05915465474681694,0.48193506616606335,0.051917447036541,0.6628169747289222,0.060335500915011546,0.4410652924616943,0.04849595311537973,True
4,ANN,2.696273850595757,1.9651385827909422,3.699430025480226,7.945806723456763e-10,0.6878190975576101,0.7044714636901203,0.02295917116210604,0.42074291369194877,0.031719880957214036,0.4689922480620155,0.023893077530887503,0.44244616709732987,0.01759664415565564,0.6309830266780382,0.04135753341564579,0.45062365626338546,0.040668779110007255,True
5,Ensemble,3.9503321015482946,2.746188467820436,5.6824664058502385,1.3048446383444891e-13,0.6579101697254036,0.7620313157486768,0.013774923024545457,0.5641025641025641,0.09271572896981503,0.313953488372093,0.13189689555948492,0.38185215946843853,0.09183767682871556,0.6883698791296874,0.0444683938186997,0.4569714249527228,0.06857916728035054,True
