,Model,HR,CI_lower,CI_upper,p,cindex,accuracy_mean,accuracy_std,precision_mean,precision_std,recall_mean,recall_std,f1_mean,f1_std,roc_auc_mean,roc_auc_std,pr_auc_mean,pr_auc_std,Sig
0,SVM,3.590419379714242,2.5610422526735763,5.033541054924043,1.2116778825797528e-13,0.7177970194563268,0.7639248776382522,0.026036705426773533,0.5319345661450925,0.0636773593795724,0.46881606765327694,0.04258831144055908,0.49823684983837796,0.051960745113945356,0.6745911642059342,0.05894285163864894,0.47808938667805884,0.07512338342168538,True
1,RandomForest,3.633964191842198,2.6006939120128383,5.077758549975076,4.047175825996557e-14,0.722040154546709,0.756284189311895,0.027118312227598047,0.519233048838312,0.05811476802167759,0.4846723044397463,0.005232291192712278,0.49957786116322705,0.027401194235780926,0.7022630026935014,0.04536113936487577,0.4659959239353038,0.04936936635277921,True
2,XGBoost,3.4391661697413958,2.4250995758811547,4.8772693957509246,4.211459485140642e-12,0.7158306885607838,0.746716718711935,0.04489094092884736,0.5073529411764706,0.09435478703392236,0.43851303735024666,0.01956951201206745,0.4674214674214674,0.0524665482328942,0.6764462414915103,0.03952008430614784,0.44769819481979906,0.07123163988152813,True
3,LogisticRegression,3.3112064652248145,2.4217700637232444,4.527303570055017,6.291326864726479e-14,0.7214709534979992,0.7274488959759041,0.035199253913228,0.464344297677631,0.06566957681736049,0.5306553911205074,0.04861047036217206,0.4939903648530886,0.05300813863466531,0.662510298743212,0.062259814801124025,0.44043757890652735,0.0518228489667523,True
4,ANN,0.9559829952317022,0.7141432388954471,1.2797201421184008,0.7622657913326958,0.5232510004139644,0.5512590525546476,0.187011633315599,0.3249640945293119,0.15150645789077724,0.38460183227625083,0.08545639760984097,0.31822420609174823,0.06998830650661958,0.5398584121955328,0.17782574595827189,0.33023373739428474,0.12030050282786459,False
5,Ensemble,3.403762766824451,2.4725865713273776,4.685619952469795,5.856181307916431e-14,0.6958224092728026,0.7390317365402077,0.02773051644414237,0.48115434261478884,0.05513530153837511,0.4298801973220578,0.09961783107938213,0.4464886964886965,0.060474453791997715,0.7092468023721352,0.044561598139266564,0.4769332176685886,0.0711291901902102,True
