,Model,HR,CI_lower,CI_upper,p,cindex,accuracy_mean,accuracy_std,precision_mean,precision_std,recall_mean,recall_std,f1_mean,f1_std,roc_auc_mean,roc_auc_std,pr_auc_mean,pr_auc_std,Sig
0,SVM,1.8762235334428532,1.6275418747813089,2.1629027197335815,4.1794014567272226e-18,0.742738374499793,0.7562398954665249,0.025818206727433422,0.512612049197415,0.06280812120822209,0.46881606765327694,0.053809200297315195,0.48961700460378094,0.05745542593728188,0.6750196250285013,0.058945655516756214,0.4818158528421626,0.07675699122265334,True
1,RandomForest,1.827841839283554,1.546284767898307,2.1606665594827943,1.5865203408099109e-12,0.7476886987719056,0.7639359510995947,0.012024249437119487,0.5375529488432714,0.04098794102346603,0.4066243833685694,0.09862578651743363,0.4562567995403817,0.06327860316729403,0.7022079657132028,0.048237138964459914,0.4598229474182212,0.0549809002811523,True
2,XGBoost,1.209929994755497,1.0455562493542714,1.4001452271105936,0.01052901830460452,0.6094245894853043,0.7524638451487166,0.030313757678076862,0.5261003757380569,0.0778407665593933,0.3763213530655391,0.056121687785946554,0.43073521282476507,0.02177521813883502,0.6851636646683691,0.03728409799554841,0.45657954137005025,0.04897735523030201,True
3,LogisticRegression,1.2559054921054387,1.1129800131229712,1.417185022644545,0.00021862143024740203,0.7292672830136608,0.7255331871636436,0.0375918945602244,0.4610436767299513,0.07148492345333692,0.5153276955602537,0.0572046691010526,0.4848676525349806,0.05755022972166167,0.661527723120125,0.06043482085232505,0.4391826392523348,0.0487011200921509,True
4,ANN,1.664560933715689,1.4179553804133544,1.954055212403601,4.707255458551233e-10,0.7316820753415206,0.7333178304874538,0.044565862968074736,0.4681818181818181,0.10251654438810467,0.4228329809725158,0.07014016228199427,0.44345213019911817,0.08247755122955903,0.6534043993168793,0.08689546140741816,0.4525138944418819,0.08296706287605997,True
5,Ensemble,1.7697623278006447,1.5349777276320116,2.0404587249185298,3.8140325894178014e-15,0.7506554436318477,0.7505592097977986,0.02961183530890507,0.5186946386946386,0.08582334005684486,0.42212825933756165,0.08772015297226335,0.4551083591331269,0.04434563508744147,0.696818490108034,0.03699141503395235,0.46575780549009593,0.060783123922048835,True
