,Model,HR,CI_lower,CI_upper,p,cindex,accuracy_mean,accuracy_std,precision_mean,precision_std,recall_mean,recall_std,f1_mean,f1_std,roc_auc_mean,roc_auc_std,pr_auc_mean,pr_auc_std,Sig
0,SVM,1.9187164879088212,1.6593771352455464,2.218587253480744,1.4248132471518499e-18,0.7654201738650476,0.7619095076739087,0.038275332231052846,0.5697457325746799,0.16142417183800686,0.36169837914023956,0.05883106788436257,0.4326190476190476,0.060779454598449266,0.7185848813001307,0.006273516730392966,0.469078948370579,0.04713876876098007,True
1,RandomForest,2.0106065067373793,1.7017184343060907,2.375562515771366,2.2677923340377486e-16,0.7711466813854009,0.7292981640201094,0.025212985132999827,0.45900621118012425,0.04822639066161331,0.4228329809725158,0.024351166375152916,0.4388607647034613,0.029344715230586224,0.7173332038102144,0.008474517014224093,0.48939544079865743,0.07291552917120016,True
2,XGBoost,1.5775977194268909,1.349696071670974,1.843981483371795,1.022008339320739e-08,0.6880433282737685,0.7543352601156069,0.009334514125570485,0.5845295055821372,0.11870599220955028,0.33756166314305847,0.18986200090581562,0.36607435773550695,0.16859729701010912,0.715889548642966,0.008998632748675295,0.4921037668993571,0.06118219922742155,True
3,LogisticRegression,1.1741145639815531,1.0976694497457116,1.255883553717332,2.969974575772318e-06,0.7685594038912653,0.7504706221070582,0.0376935711927667,0.5285714285714286,0.09996219996084943,0.4696969696969697,0.09559179466210901,0.4825980194502005,0.033034376921325985,0.7144348033172817,0.011622192559611855,0.4710331717872327,0.061969011945413474,True
4,ANN,1.8785341917076552,1.6610098882985436,2.124545274700053,1.0035501988707256e-23,0.7496895267007038,0.7292427967133966,0.060590691931511585,0.5051313062054998,0.13134981390522021,0.5391120507399577,0.08258784348678484,0.5024194606792898,0.033549409065654213,0.7047262593019737,0.009323015697398756,0.48299814854818407,0.048966098690613684,True
5,Ensemble,1.9373263182309755,1.6971057388590565,2.211549449967472,1.2339994315355757e-22,0.7820822409272803,0.7524306247646889,0.011800683870283329,0.5305250305250305,0.06078697893965389,0.36856941508104296,0.1291353122284349,0.4108309990662932,0.08850043406963799,0.7285091868306851,0.006944722793899904,0.4942904073637111,0.06034320642572177,True
