,Model,HR,CI_lower,CI_upper,p,cindex,accuracy_mean,accuracy_std,precision_mean,precision_std,recall_mean,recall_std,f1_mean,f1_std,roc_auc_mean,roc_auc_std,pr_auc_mean,pr_auc_std,Sig
0,SVM,1.514612024840491,1.3094792522657541,1.751879292338603,2.2540548236014608e-08,0.5987650062094659,0.46067813877261754,0.19262294631135216,0.2566426218908488,0.10698773093676402,0.4689922480620155,0.08821555563365148,0.3192610137838822,0.09187678371694581,0.43877354227522875,0.1501970374750501,0.2765319528137929,0.11639726390317298,True
1,RandomForest,1.8009714316185896,1.5227250617520327,2.1300615449084255,6.382037878678553e-12,0.7621774527390645,0.7524084778420038,0.021389232613995928,0.5026143790849673,0.047080000076702364,0.44696969696969696,0.0802226614051817,0.4712239237555693,0.06160629941833114,0.7089634239953786,0.025520306106468126,0.4850174769801994,0.04648451872837538,True
2,XGBoost,1.632065922050544,1.4139067091776394,1.883886084300375,2.217584124648239e-11,0.7366496481302608,0.7600380927070184,0.02356692744043366,0.5288624787775891,0.060389102575341976,0.33227625088090207,0.13885609485099523,0.39074789074789074,0.12792395883712374,0.6921646168495094,0.028863959439464366,0.4558317449732941,0.05424114056840285,True
3,LogisticRegression,1.4082565508181628,1.217233110423481,1.6292577781032502,4.163185434610427e-06,0.7509314198978888,0.7447456425929616,0.01128790433547553,0.4873583260680035,0.023143468459243862,0.39235377026074697,0.019454976410818402,0.4340618396173952,0.012401886176802246,0.6626921690653272,0.014574829821721686,0.4286908641412761,0.024778941599641568,True
4,ANN,1.5902812797000108,1.3608098957465935,1.8584480877667333,5.384124983724469e-09,0.6997033255140058,0.7504484751843732,0.012473564856676632,0.5042328042328043,0.04028814776889203,0.40821000704721633,0.07422738007198615,0.4461795826535992,0.04241785349621198,0.6452948347587083,0.03063587677772087,0.442124951582289,0.02386610252687672,True
5,Ensemble,1.774235926638988,1.5247731199921026,2.0645124721196635,1.2022741512236687e-13,0.7648682213329654,0.7696277102296635,0.028941371976636782,0.5579487179487179,0.07803414122689825,0.4008104298801973,0.07510039950179272,0.4627238112762307,0.06986671193215946,0.7015113961723228,0.027210930293287864,0.4731034129100197,0.051239477599795545,True
