,Model,HR,CI_lower,CI_upper,p,cindex,accuracy_mean,accuracy_std,precision_mean,precision_std,recall_mean,recall_std,f1_mean,f1_std,roc_auc_mean,roc_auc_std,pr_auc_mean,pr_auc_std,Sig
0,SVM,3.968527991042329,2.8266736569343536,5.571642264769662,1.6871129438928148e-15,0.712932937767352,0.7371160277279473,0.038651973523786604,0.4848024316109423,0.0776812326919101,0.4076814658210007,0.02849986998434277,0.43848147447521474,0.031238477108911943,0.6944972744280395,0.04302095004405482,0.44151348907448,0.0378424996669412,True
1,RandomForest,3.5443993518553514,2.582692016126802,4.864214039842311,4.6867645799596486e-15,0.6957361666896646,0.7620091688259917,0.02394691253978373,0.5295011252813203,0.04680539834100706,0.46159267089499645,0.0571824179706858,0.49114881395728927,0.0445960286505985,0.70386600647119,0.023901101057821852,0.4735638006489618,0.05237279439903478,True
2,XGBoost,2.4754036217761013,1.8388479217257505,3.3323164021913745,2.2836612131536246e-09,0.675745135918311,0.666168360906252,0.09333742069713867,0.4034574468085106,0.07621340003537742,0.47040169133192383,0.13742884997898808,0.4116705006734583,0.03655959791840134,0.6918601651026646,0.020340316327693175,0.46231937316526067,0.05228341044703081,True
3,LogisticRegression,3.4280651945702845,2.4498884974437156,4.796802381204775,6.598552931950449e-13,0.6956326755898993,0.7543463335769495,0.02136745384444544,0.5114056854294545,0.045462127817960114,0.42336152219873147,0.046115537495563665,0.4620962425840474,0.03987271798624921,0.6988217120473467,0.030134420739831316,0.4983086916094326,0.01838040058362807,True
4,ANN,2.9465691165906724,2.1028922453735595,4.128727745298053,3.4116730273005495e-10,0.6834552228508348,0.7236617721967532,0.04030584471327919,0.4533333333333333,0.06599663291074444,0.3921775898520085,0.06752652855527086,0.41390600948350914,0.04816445620693395,0.6549330824805705,0.05572694447859298,0.44964807218238373,0.064789478089914,True
5,Ensemble,3.3949151533545776,2.4463833940886768,4.7112193968966904,2.649110072009516e-13,0.6434041672416172,0.7524195513033464,0.02462773153756457,0.5389044506691566,0.08127928410917556,0.3608174770965469,0.10813746249085718,0.4109200478212897,0.06767185634019127,0.70197434821525,0.02822804808467714,0.4594892060925275,0.060979757536573,True
