,Model,HR,CI_lower,CI_upper,p,cindex,accuracy_mean,accuracy_std,precision_mean,precision_std,recall_mean,recall_std,f1_mean,f1_std,roc_auc_mean,roc_auc_std,pr_auc_mean,pr_auc_std,Sig
0,SVM,4.152860488588735,2.8926380805517735,5.962118231670285,1.1934583626972443e-14,0.714416310197323,0.7543463335769496,0.011237146479020627,0.5152380952380953,0.0321842766642206,0.38460183227625083,0.047487075306355014,0.43709341839564386,0.02389791790451181,0.6917935827708596,0.048757437392650205,0.4407806067538164,0.040078876065874,True
1,RandomForest,3.476395408568474,2.496932804839087,4.840068188176492,1.5892764189197906e-13,0.6888540085552642,0.7639470245609372,0.020105155237300568,0.5441217732884399,0.048839787381082994,0.42265680056377736,0.04303492744540812,0.47147186147186143,0.010193127682502566,0.7019109522349359,0.022495825194309267,0.4638560208601534,0.047865501955692995,True
2,XGBoost,3.8088485598492117,2.7844787910889335,5.210069259027106,5.908106375373195e-17,0.7158134400441563,0.7638695103315394,0.02529737515044926,0.525845665961945,0.048375874440082366,0.5155038759689923,0.06735715967822777,0.5204265337210913,0.05803737688644811,0.7078336141046951,0.019768803253081887,0.4739057858277607,0.038215183870493816,True
3,LogisticRegression,3.48614456855931,2.494937187842857,4.871146260561108,2.545996474253513e-13,0.7024803366910446,0.7543463335769495,0.02136745384444544,0.5122828784119107,0.04422666529300404,0.4309372797744891,0.040998206989983875,0.4667420033273692,0.03452542162436587,0.6985886118142465,0.03045536963169876,0.4974172917954105,0.01931610343752496,True
4,ANN,2.69247196318491,1.8781731342726915,3.8598173620154994,7.04553254420311e-08,0.6541499931005933,0.7370385134985494,0.0031321652922006466,0.46038985169419955,0.02045543883939668,0.3382663847780127,0.07804294968235168,0.3858797029528737,0.05935978101743573,0.6376122516456265,0.037480161665157614,0.4046589821713989,0.024894842802236684,True
5,Ensemble,3.712149266153726,2.6177355438691,5.264111650422209,1.8449397448425913e-13,0.6980647164343866,0.7523531105352911,0.028968902934569607,0.5080291454442558,0.07561416896197616,0.3921775898520085,0.04895406549173165,0.4419570790302498,0.057265878301568714,0.7087137505964064,0.03433400825094555,0.45988596146310146,0.05586366018281934,True
