,Model,HR,CI_lower,CI_upper,p,cindex,accuracy_mean,accuracy_std,precision_mean,precision_std,recall_mean,recall_std,f1_mean,f1_std,roc_auc_mean,roc_auc_std,pr_auc_mean,pr_auc_std,Sig
0,SVM,1.217684188650267,0.9148947450774533,1.6206834625149493,0.17695374109557865,0.5215433972678349,0.5452240161229597,0.21792286024640817,0.3616305547251839,0.1521691617342531,0.5458069062720226,0.07371502834840009,0.4041847041847042,0.08729884436319209,0.569511830260987,0.1533210314382023,0.3802398432232657,0.12718508136323123,False
1,RandomForest,3.296634955073225,2.3876618735608868,4.551650360275986,4.236470204925257e-13,0.6756588933351731,0.7485659867561402,0.023550703731826075,0.5037037037037037,0.04996569467863719,0.4228329809725158,0.024351166375152916,0.4569626098121236,0.006720588323689985,0.702842287601741,0.023614780324060693,0.46137124134035207,0.0399142805601732,True
2,XGBoost,3.756686154876437,2.752439597780822,5.127338989607178,7.442844545420393e-17,0.7112770801711052,0.7485659867561404,0.037595234612294304,0.5032478632478633,0.0693355754117497,0.47692036645525016,0.047471385311607585,0.4878267743086803,0.05185114503578339,0.6871268089269155,0.03405394702360816,0.4498082307702256,0.05769974077287405,True
3,LogisticRegression,3.060205935895198,2.219892044473622,4.218610717310259,8.566768950459727e-12,0.7054470815509866,0.7217571368458353,0.03278563367515236,0.4598953044655567,0.046645959172137035,0.454369274136716,0.12366233285768145,0.44244294799850353,0.034293894045395,0.6662400059257861,0.017195460441709262,0.4339562444006695,0.024662793578089984,True
4,ANN,1.915949928927692,1.4335371302478472,2.560703906932194,1.115781178476201e-05,0.6370049675727888,0.6024073704958696,0.11858985477486642,0.36028602860286024,0.10481976114547054,0.5165609584214236,0.10855000994408336,0.39934230663895737,0.03702519358509392,0.5952231625407552,0.04079177997592407,0.39775659840340555,0.027700675292752733,True
5,Ensemble,3.5815034858169716,2.611332391236097,4.912115846289207,2.47475075764828e-15,0.701980129708845,0.7446459814408787,0.03124225180250024,0.500561167227834,0.06116980194132685,0.44679351656095845,0.06999840756498386,0.4650931452342196,0.032870853742939195,0.7027112023428373,0.03913152893410048,0.4666815050967725,0.04768718328621529,True
