,Model,HR,CI_lower,CI_upper,p,cindex,accuracy_mean,accuracy_std,precision_mean,precision_std,recall_mean,recall_std,f1_mean,f1_std,roc_auc_mean,roc_auc_std,pr_auc_mean,pr_auc_std,Sig
0,SVM,1.9102349838866042,1.6570346835265197,2.202125115388905,4.6196870545643095e-19,0.7419621912515524,0.7390317365402077,0.030018317597431492,0.46732348111658456,0.0934190126836129,0.330338266384778,0.06938600965950965,0.3862872499884445,0.07717512671978251,0.7022655683271696,0.055602818689023156,0.4659649142201112,0.03329583424191709,True
1,RandomForest,1.8656586194539464,1.6183904617847138,2.150706004844103,8.22169796134892e-18,0.7520008279287981,0.7696720040750339,0.004734134606004732,0.5637362637362637,0.01493319934845385,0.3532417195207893,0.06243700455295458,0.4302650889745001,0.04339721123495442,0.7195368348439537,0.04050639650914793,0.4779422006397411,0.0578250791729603,True
2,XGBoost,1.6373169153717924,1.4355643944521919,1.8674234967952035,1.9994205095070151e-13,0.7131571684835104,0.775452350895843,0.007548235300686956,0.5743345543345544,0.029463566537054498,0.406800563777308,0.08414306970320111,0.4701388475848715,0.05046459242438429,0.706543896957531,0.052985111526746266,0.4752662021395049,0.07071591644798728,True
3,LogisticRegression,1.7335774884989512,1.4124396209022687,2.1277305338620756,1.4126190714340677e-07,0.7364081688974748,0.7370828073439196,0.025470776107934533,0.4730644825058672,0.058578567964591544,0.3995771670190275,0.03886844886014849,0.43177084140939564,0.04122566020219297,0.6829019758275927,0.07584135824712522,0.43048391364808497,0.053969150183785,True
4,ANN,1.850786138967877,1.5934385104066926,2.149696589999796,7.687341538760296e-16,0.7356147371326066,0.7121121520164774,0.02459463378106703,0.4192703982177666,0.048672214219408816,0.37667371388301624,0.024810805838314236,0.3957587128318836,0.03176968116249842,0.6700579481468883,0.05296789941837891,0.4251614418384513,0.022207557863485067,True
5,Ensemble,1.804962417612396,1.609300351394953,2.0244134826474274,6.2778356478455386e-24,0.7656961501310887,0.76582951298917,0.007316483201529679,0.5439033189033188,0.025145568173135742,0.3842494714587738,0.058179562106971006,0.44770155217916413,0.044146359094657646,0.7098603302136056,0.046032741599323086,0.4664536579192639,0.04916163494222919,True
