,Model,HR,CI_lower,CI_upper,p,cindex,accuracy_mean,accuracy_std,precision_mean,precision_std,recall_mean,recall_std,f1_mean,f1_std,roc_auc_mean,roc_auc_std,pr_auc_mean,pr_auc_std,Sig
0,SVM,1.4270417435721612,1.0603823499432952,1.9204847553397837,0.018930017208836702,0.5946598592521043,0.5560649347773127,0.2077931211749067,0.3414186507936508,0.12936220737025247,0.46987315010570824,0.05905014346061022,0.3716247181251095,0.0808432787043349,0.5453232015632158,0.20589338298038098,0.364513284580372,0.1396953487766864,True
1,RandomForest,3.8102851277918055,2.7262999416107285,5.325266135792035,4.7992041225908594e-15,0.690389126535118,0.7619870219033066,0.0033669514308043258,0.5298367622911234,0.010461908772047328,0.3997533474277661,0.03640502885867957,0.4550705974756608,0.027707704241269074,0.7170956344087891,0.03971753037571763,0.47023234703555233,0.049385829805940036,True
2,XGBoost,3.9083414300317867,2.5797813088985437,5.921095978567554,1.264448273003905e-10,0.6352628673934042,0.7504927690297434,0.019364365466842223,0.5070175438596491,0.09989221645955622,0.23661028893587036,0.17436004597811997,0.2876671911880409,0.16401235510633988,0.6953052214369452,0.055254773009114896,0.47212458517495787,0.06785495381561965,True
3,LogisticRegression,2.878384817160328,2.09595668095885,3.952896179070295,6.48213875847189e-11,0.6840761694494274,0.7217792837685204,0.05943473008923514,0.4775923050379572,0.09613870131576362,0.43798449612403106,0.09604272630514626,0.4389274180623888,0.05188854757294681,0.6970862574315442,0.06988896603733903,0.44658022539222436,0.05402730046154363,True
4,ANN,2.2615694017389796,1.703879463372921,3.0017945921815326,1.61634337713295e-08,0.6230164205878295,0.6719487077270614,0.09447898632358087,0.42311407321549305,0.0791766743353596,0.5058139534883721,0.17499903422433036,0.4307502909839735,0.015322874420836742,0.6565066228522647,0.04165243761439366,0.42085320633045287,0.04589817748120101,True
5,Ensemble,3.8910463776130197,2.7607441250172866,5.4841163205013075,8.512477900750423e-15,0.6731061128742928,0.7620091688259917,0.006706953384539607,0.5468468468468468,0.041067644396545866,0.3608174770965469,0.10813746249085718,0.41995606353722653,0.07905466367778265,0.7168231185939334,0.05185106313819905,0.4795754893202573,0.05550126044626724,True
