,Model,HR,CI_lower,CI_upper,p,cindex,accuracy_mean,accuracy_std,precision_mean,precision_std,recall_mean,recall_std,f1_mean,f1_std,roc_auc_mean,roc_auc_std,pr_auc_mean,pr_auc_std,Sig
0,SVM,1.8239485317750916,1.5772607377395922,2.109218955980739,5.222487997621325e-16,0.7066717262315441,0.5560649347773127,0.2077931211749067,0.3414186507936508,0.12936220737025247,0.46987315010570824,0.05905014346061022,0.3716247181251095,0.0808432787043349,0.5453232015632158,0.20589338298038098,0.364513284580372,0.1396953487766864,True
1,RandomForest,1.9314184741795744,1.6728436164820892,2.2299617762519612,2.8012908829518e-19,0.7580378087484476,0.7619870219033066,0.0033669514308043258,0.5298367622911234,0.010461908772047328,0.3997533474277661,0.03640502885867957,0.4550705974756608,0.027707704241269074,0.7170956344087891,0.03971753037571763,0.47023234703555233,0.049385829805940036,True
2,XGBoost,1.61926454642162,1.4079034916905175,1.8623561108934172,1.4408251401559514e-11,0.7182972264385263,0.7504927690297434,0.019364365466842223,0.5070175438596491,0.09989221645955622,0.23661028893587036,0.17436004597811997,0.2876671911880409,0.16401235510633988,0.6953052214369452,0.055254773009114896,0.47212458517495787,0.06785495381561965,True
3,LogisticRegression,2.1399180131937547,1.754787568580996,2.609574620416364,5.701449011292294e-14,0.7490685801021112,0.7217792837685204,0.05943473008923514,0.4775923050379572,0.09613870131576362,0.43798449612403106,0.09604272630514626,0.4389274180623888,0.05188854757294681,0.6970862574315442,0.06988896603733903,0.44658022539222436,0.05402730046154363,True
4,ANN,1.7302877216328711,1.495235843202778,2.0022898817223256,1.8356615963058278e-13,0.6955981785566441,0.6719487077270614,0.09447898632358087,0.42311407321549305,0.0791766743353596,0.5058139534883721,0.17499903422433036,0.4307502909839735,0.015322874420836742,0.6565066228522647,0.04165243761439366,0.42085320633045287,0.04589817748120101,True
5,Ensemble,1.7353842840546938,1.5440432508170152,1.950436693888261,2.2879535119490183e-20,0.7554505312543122,0.7620091688259917,0.006706953384539607,0.5468468468468468,0.041067644396545866,0.3608174770965469,0.10813746249085718,0.41995606353722653,0.07905466367778265,0.7168231185939334,0.05185106313819905,0.4795754893202573,0.05550126044626724,True
