,Model,HR,CI_lower,CI_upper,p,cindex,accuracy_mean,accuracy_std,precision_mean,precision_std,recall_mean,recall_std,f1_mean,f1_std,roc_auc_mean,roc_auc_std,pr_auc_mean,pr_auc_std,FDR,Sig
0,SVM,3.1887915582920354,1.8132388000891428,5.607861249017309,5.670407277956056e-05,0.5486487503763926,0.8187134502923977,0.004774833806594889,0.30952380952380953,0.2208004403689453,0.132258064516129,0.1250182088714587,0.17763157894736845,0.1537279137572095,0.5521686948248375,0.271880102826578,0.31761459976849665,0.14695891396094085,5.670407277956056e-05,True
1,RandomForest,5.22732416462979,3.5678718222611856,7.658604143689502,2.113643248182458e-17,0.6916591388136104,0.8304093567251463,0.014324501419784667,0.5348325837081459,0.04875082320408786,0.4451612903225806,0.034542749256363456,0.48507038035339917,0.03625342184701024,0.7899579842613473,0.06317958892930159,0.43218847901182156,0.060290911342433556,6.340929744547374e-17,True
2,XGBoost,4.297180099507441,2.742891255249154,6.7322234420574665,1.9528120777567823e-10,0.6089280337247817,0.8284600389863548,0.009939609188290021,0.5256410256410257,0.03626188621469472,0.26953405017921145,0.1705159227509698,0.3281294600707024,0.16706471378860013,0.7730298540525032,0.06913107294432697,0.467058142620389,0.036291745800553714,2.9292181166351734e-10,True
3,LogisticRegression,4.396242875620862,3.0508263478114728,6.334989022010867,1.9587699290872813e-15,0.7320272508280639,0.7933723196881092,0.02153091816215838,0.44946374946374945,0.02625111079213501,0.6301075268817203,0.18559526030444232,0.5126703420463085,0.06297687598791343,0.7650292512337811,0.06317495343870654,0.4111795515328087,0.03120168955650663,3.917539858174563e-15,True
4,ANN,2.596193692965354,1.7503898371054036,3.850697455224773,2.1013191609986376e-06,0.6120897320084312,0.7875243664717347,0.029174716466073617,0.41223404255319146,0.06229690103106689,0.35017921146953407,0.15809580392393519,0.3547415097567073,0.07655255780473989,0.7146139962886703,0.036184996732041196,0.3641793579274781,0.04593038583244178,2.521582993198365e-06,True
5,Ensemble (Mean),5.141870612868637,3.531973343560462,7.485569914531121,1.2819222748074353e-17,0.6958935561577838,0.8304093567251462,0.019099335226379553,0.5318495514147688,0.057793053111771964,0.4666666666666666,0.061506880198172416,0.4960392561875155,0.05678872691215436,0.7835423225951709,0.06702983289998554,0.44299009789670785,0.042183145572831475,6.340929744547374e-17,True
