,Model,HR,CI_lower,CI_upper,p,cindex,accuracy_mean,accuracy_std,precision_mean,precision_std,recall_mean,recall_std,f1_mean,f1_std,roc_auc_mean,roc_auc_std,pr_auc_mean,pr_auc_std,Sig
0,SVM,1.8550149266874414,1.5934821901394538,2.1594721293571952,1.6004771647395014e-15,0.7407547950876224,0.742785639935331,0.01974839990594411,0.48442967884828353,0.06152219553548447,0.35377026074700496,0.0762728921347368,0.4032781071084765,0.0564007094758405,0.6777614080694144,0.0331546512401644,0.43101967331469176,0.03922566269667478,True
1,RandomForest,1.9598015841606313,1.678291294601224,2.288531354261199,1.825744887766883e-17,0.7564854422519663,0.7504927690297434,0.010523447709310841,0.5036041263700838,0.025140406914838764,0.4455602536997885,0.10138352099046533,0.4646563675975441,0.059814432793907094,0.7145479601763998,0.04434735975527712,0.4691622474206784,0.054575190450337006,True
2,XGBoost,1.649735609754474,1.4235178955116736,1.9119026116027127,2.8747664366107767e-11,0.6972195391196357,0.7543684804996346,0.046054620243360773,0.5324733402132783,0.09924199579668876,0.4455602536997885,0.07232457920461284,0.4758946650793166,0.06049938507147876,0.6991107803374801,0.06028075721396092,0.46662674728971254,0.08435724317526341,True
3,LogisticRegression,1.5692340557639195,1.2160411215328346,2.025010074219591,0.0005332903644935715,0.7296467503794674,0.7140167873673953,0.005078434729919545,0.4279841093865484,0.009720661823890439,0.43886539816772374,0.04169859411730097,0.432773356911288,0.025282340700048703,0.6683552674321359,0.04506322135099193,0.45031032315680114,0.007970797193193584,True
4,ANN,1.6022962036083193,1.362414519170847,1.884414095689541,1.2164355153054621e-08,0.6971160480198703,0.6987907780213939,0.04954976651238438,0.4263157894736842,0.10878136159824701,0.3618745595489781,0.10890970705427165,0.36920152368189135,0.04270451819981911,0.635535329810139,0.03530507239711902,0.39764085039001645,0.05570339091317775,True
5,Ensemble,1.7663309686221584,1.565304440056381,1.9931746252513762,2.7430917348897074e-20,0.7552435490547813,0.7524416982260315,0.018243667869958517,0.5099693678641047,0.050653778477403266,0.43005637773079636,0.06621243239375206,0.46243708145204515,0.040500111239868415,0.6955471151725368,0.04679075561797101,0.4620655450422581,0.06383530505785741,True
