,Model,HR,CI_lower,CI_upper,p,cindex,accuracy_mean,accuracy_std,precision_mean,precision_std,recall_mean,recall_std,f1_mean,f1_std,roc_auc_mean,roc_auc_std,pr_auc_mean,pr_auc_std,Sig
0,SVM,1.8492167358745724,1.583616349596126,2.159362990354778,7.783092515503373e-15,0.7419276942182972,0.7179478661439993,0.06484105168027911,0.48012608882174107,0.09261336343654031,0.46899224806201545,0.1253562916960948,0.45000391512019416,0.04820668909934618,0.6853448625461761,0.040614970278414785,0.4428987460490694,0.0514380572947268,True
1,RandomForest,1.9437058697988936,1.671097846780249,2.260784738350203,6.7075661606221746e-18,0.7604526010763074,0.7600934600137311,0.009344807357285025,0.5304907391863914,0.0332258416503333,0.38407329105003524,0.06265288448454649,0.44122133011021897,0.040952406229670356,0.7078185410068953,0.030915588995220112,0.46661603214313807,0.05387562533248199,True
2,XGBoost,1.4174544224646823,1.1660717579272244,1.7230303590716762,0.0004609743132860732,0.7092245066924244,0.7428188603193586,0.02197961855025452,0.3247432306255836,0.234095177287125,0.3144820295983087,0.22474668445856244,0.31636592153694226,0.2237667351382007,0.6904801438575626,0.037814321513600854,0.4581849919455327,0.06077378546598407,True
3,LogisticRegression,1.1153551193365536,0.9719666488993238,1.2798968397105084,0.11995207100959444,0.7373740858286187,0.7293535313268222,0.008528391440259332,0.45990964861396755,0.02069650158036688,0.4844961240310077,0.030519410364386868,0.47150111905113556,0.0219681461366935,0.6676995514693012,0.03760792010427862,0.42721621269604276,0.03370540734928819,False
4,ANN,1.4742565881648102,1.2506675137998229,1.7378179762133155,3.7389509195203942e-06,0.669207948116462,0.6987686310987088,0.04296768127923392,0.3932551319648094,0.09068587991586664,0.33897110641296685,0.046841464010948186,0.36198760336691366,0.060039054531249116,0.628472802420965,0.06037348531467895,0.3980322335129663,0.06974681319222788,True
5,Ensemble,1.6304356449874775,1.4398080870727954,1.8463018900319104,1.2999542205669323e-14,0.7486891127363047,0.7601045334750737,0.013879928954681535,0.541389811738649,0.06577242239403373,0.3525369978858351,0.12366735280283529,0.41130528870998573,0.08377575792892229,0.7011881263301465,0.036963814753813086,0.4718545048176199,0.06159284136209934,True
