,Model,HR,CI_lower,CI_upper,p,cindex,accuracy_mean,accuracy_std,precision_mean,precision_std,recall_mean,recall_std,f1_mean,f1_std,roc_auc_mean,roc_auc_std,pr_auc_mean,pr_auc_std,Sig
0,SVM,3.4724230279722983,2.44842293481252,4.924689077916836,2.8925655829034308e-12,0.6655512625914172,0.742785639935331,0.01974839990594411,0.48442967884828353,0.06152219553548447,0.35377026074700496,0.0762728921347368,0.4032781071084765,0.0564007094758405,0.6777614080694144,0.0331546512401644,0.43101967331469176,0.03922566269667478,True
1,RandomForest,3.8517193110355827,2.796350819478139,5.305393567811746,1.528460365374247e-16,0.7038429695046226,0.7504927690297434,0.010523447709310841,0.5036041263700838,0.025140406914838764,0.4455602536997885,0.10138352099046533,0.4646563675975441,0.059814432793907094,0.7145479601763998,0.04434735975527712,0.4691622474206784,0.054575190450337006,True
2,XGBoost,4.524990453531719,3.2828536696157733,6.237115834331311,2.964809161828837e-20,0.7153994756450945,0.7543684804996346,0.046054620243360773,0.5324733402132783,0.09924199579668876,0.4455602536997885,0.07232457920461284,0.4758946650793166,0.06049938507147876,0.6991107803374801,0.06028075721396092,0.46662674728971254,0.08435724317526341,True
3,LogisticRegression,3.08196319586876,2.2772064989707412,4.1711180540643715,3.100303364301491e-13,0.6794880640264938,0.7140167873673953,0.005078434729919545,0.4279841093865484,0.009720661823890439,0.43886539816772374,0.04169859411730097,0.432773356911288,0.025282340700048703,0.6683552674321359,0.04506322135099193,0.45031032315680114,0.007970797193193584,True
4,ANN,2.5841154859382303,1.875492857252662,3.560478952955127,6.414337535637917e-09,0.6345384296950463,0.6987907780213939,0.04954976651238438,0.4263157894736842,0.10878136159824701,0.3618745595489781,0.10890970705427165,0.36920152368189135,0.04270451819981911,0.635535329810139,0.03530507239711902,0.39764085039001645,0.05570339091317775,True
5,Ensemble,3.8467186949238794,2.8001653797631225,5.284418136449009,9.140749454108783e-17,0.6923037118807782,0.7524416982260315,0.018243667869958517,0.5099693678641047,0.050653778477403266,0.43005637773079636,0.06621243239375206,0.46243708145204515,0.040500111239868415,0.6955471151725368,0.04679075561797101,0.4620655450422581,0.06383530505785741,True
