,Model,HR,CI_lower,CI_upper,p,cindex,accuracy_mean,accuracy_std,precision_mean,precision_std,recall_mean,recall_std,f1_mean,f1_std,roc_auc_mean,roc_auc_std,pr_auc_mean,pr_auc_std,Sig
0,SVM,1.9359136500222398,1.6707972724618392,2.2430977845805824,1.483526700734338e-18,0.7796674485994205,0.7582109715854982,0.025678738470221535,0.5360720522010844,0.07032723868882274,0.40785764622973925,0.04090497830867822,0.4572156346069389,0.004659654364381271,0.7010501200675175,0.03897305011524376,0.4491475159016276,0.022521602921505283,True
1,RandomForest,1.956887459027422,1.6564734027642098,2.311783890347134,2.90072656614279e-15,0.7707672140195944,0.7639138041769096,0.02816237469331201,0.5501262626262626,0.07351239547547056,0.3306906272022551,0.09521601691724473,0.405081026859527,0.08864010770600876,0.7094768610879031,0.022705117916782154,0.4635370016293512,0.04364602667322422,True
2,XGBoost,1.5540218497263663,1.3254537961229793,1.8220053512924477,5.600484984358781e-08,0.7090865185594039,0.7447013487475914,0.007852153880901647,0.4883720930232558,0.016444343748524364,0.37667371388301624,0.08846853219197992,0.4178592725104353,0.05648082625873011,0.7037706228324015,0.01570618251872121,0.447880480837387,0.03164854024982955,True
3,LogisticRegression,2.1470825275751033,1.7266009623127414,2.6699645609158913,6.3635533932616185e-12,0.7709741962191251,0.75626204238921,0.03176092259362909,0.514069264069264,0.0611639443763844,0.4696969696969697,0.07907812065280809,0.4890005017890891,0.06464450435692787,0.7021958720609528,0.028531754983183513,0.49947239948884165,0.024826166389283207,True
4,ANN,1.8190004413951333,1.5951585035455857,2.074253184521317,4.263927470332482e-19,0.7501379881330206,0.715954643102341,0.018607455111914445,0.43226650563607083,0.026229719718464176,0.4307610993657505,0.04747661588599052,0.4300056272532202,0.02980950911643296,0.6722681484442535,0.02828279334808402,0.4358531292681864,0.060721646094261006,True
5,Ensemble,2.0601018149591335,1.7896108514752849,2.371476170084302,7.97276594739779e-24,0.7866358493169587,0.7543352601156069,0.0219883310263586,0.5204425204425204,0.05477495274838579,0.3382663847780127,0.04200046349753725,0.40664499819429395,0.03359164592415547,0.7134187192770541,0.03569880598812691,0.46688833214623765,0.04473259904386082,True
