,Model,HR,CI_lower,CI_upper,p,cindex,accuracy_mean,accuracy_std,precision_mean,precision_std,recall_mean,recall_std,f1_mean,f1_std,roc_auc_mean,roc_auc_std,pr_auc_mean,pr_auc_std,Sig
0,SVM,1.9359136500222398,1.6707972724618392,2.2430977845805824,1.483526700734338e-18,0.7796674485994205,0.7582109715854982,0.025678738470221535,0.5360720522010844,0.07032723868882274,0.40785764622973925,0.04090497830867822,0.4572156346069389,0.004659654364381271,0.7010501200675175,0.03897305011524376,0.4491475159016276,0.022521602921505283,True
1,RandomForest,1.956887459027422,1.6564734027642098,2.311783890347134,2.90072656614279e-15,0.7707672140195944,0.7639138041769096,0.02816237469331201,0.5501262626262626,0.07351239547547056,0.3306906272022551,0.09521601691724473,0.405081026859527,0.08864010770600876,0.7094768610879031,0.022705117916782154,0.4635370016293512,0.04364602667322422,True
2,XGBoost,1.5540218497263663,1.3254537961229793,1.8220053512924477,5.600484984358781e-08,0.7090865185594039,0.7447013487475914,0.007852153880901647,0.4883720930232558,0.016444343748524364,0.37667371388301624,0.08846853219197992,0.4178592725104353,0.05648082625873011,0.7037706228324015,0.01570618251872121,0.447880480837387,0.03164854024982955,True
3,LogisticRegression,2.1470825275751033,1.7266009623127414,2.6699645609158913,6.3635533932616185e-12,0.7709741962191251,0.75626204238921,0.03176092259362909,0.514069264069264,0.0611639443763844,0.4696969696969697,0.07907812065280809,0.4890005017890891,0.06464450435692787,0.7021958720609528,0.028531754983183513,0.49947239948884165,0.024826166389283207,True
4,ANN,1.6738542310541353,1.453037622833519,1.9282281083363555,9.566464231775387e-13,0.6995998344142403,0.6796115429761035,0.09111628218042739,0.4157707271631322,0.10009520115066135,0.4237138830162086,0.069789238556692,0.4039348629512564,0.04241245017200063,0.6471405598957526,0.05637133167017736,0.40811831853513664,0.022774238497568603,True
5,Ensemble,2.0194503206120054,1.7518794474302053,2.3278882593217967,3.27688112350282e-22,0.7836346074237616,0.7351338781476313,0.021381801532334058,0.46342814588782333,0.04535910040440389,0.3539464411557434,0.013233482704872394,0.40093426760093426,0.02534534183121136,0.7165917770613315,0.033630233750380226,0.4714078649072893,0.04612435682908305,True
