,Model,HR,CI_lower,CI_upper,p,cindex,accuracy_mean,accuracy_std,precision_mean,precision_std,recall_mean,recall_std,f1_mean,f1_std,roc_auc_mean,roc_auc_std,pr_auc_mean,pr_auc_std,Sig
0,SVM,3.965021230748476,2.8171501168390742,5.5806019233103665,2.8043003141884654e-15,0.7136401269490824,0.7582109715854982,0.025678738470221535,0.5360720522010844,0.07032723868882274,0.40785764622973925,0.04090497830867822,0.4572156346069389,0.004659654364381271,0.7010501200675175,0.03897305011524376,0.4491475159016276,0.022521602921505283,True
1,RandomForest,3.7027080582477176,2.491352736151944,5.503053327482098,9.469463143280526e-11,0.6750724437698358,0.7639138041769096,0.02816237469331201,0.5501262626262626,0.07351239547547056,0.3306906272022551,0.09521601691724473,0.405081026859527,0.08864010770600876,0.7094768610879031,0.022705117916782154,0.4635370016293512,0.04364602667322422,True
2,XGBoost,3.53819268301816,2.5293045113389945,4.949505844804699,1.604828955090506e-13,0.6651200496757279,0.7447013487475914,0.007852153880901647,0.4883720930232558,0.016444343748524364,0.37667371388301624,0.08846853219197992,0.4178592725104353,0.05648082625873011,0.7037706228324015,0.01570618251872121,0.447880480837387,0.03164854024982955,True
3,LogisticRegression,3.837139757399785,2.762834544189797,5.329179609680826,1.0242463929887274e-15,0.725610597488616,0.75626204238921,0.03176092259362909,0.514069264069264,0.0611639443763844,0.4696969696969697,0.07907812065280809,0.4890005017890891,0.06464450435692787,0.7021958720609528,0.028531754983183513,0.49947239948884165,0.024826166389283207,True
4,ANN,2.713574176420621,1.9824964224380863,3.7142487257965358,4.5789327267523884e-10,0.6506830412584518,0.7140278608287378,0.02650190476268081,0.4199301342158485,0.06931591904859755,0.39992952783650465,0.09516221324961581,0.40756843800322057,0.077305085183433,0.6395723130056522,0.06062175613763725,0.39123197895767764,0.07169066283668546,True
5,Ensemble,3.274661446076232,2.3133810913491084,4.6353830877749775,2.2258540066539316e-11,0.661704843383469,0.7504816955684008,0.01643790345099168,0.5033670033670034,0.04130587254675186,0.36169837914023956,0.024013590062123818,0.41991341991341985,0.022073677548020695,0.7130479231402362,0.033239389281403055,0.4566228251895443,0.05076890210059896,True
