,Model,HR,CI_lower,CI_upper,p,cindex,accuracy_mean,accuracy_std,precision_mean,precision_std,recall_mean,recall_std,f1_mean,f1_std,roc_auc_mean,roc_auc_std,pr_auc_mean,pr_auc_std,Sig
0,SVM,1.493797514639458,1.2851894580719285,1.7362661985188295,1.7010090470932804e-07,0.5748240651303987,0.44021438221159165,0.2488616245993286,0.3476579520697167,0.22573225669640942,0.4991190979563072,0.12478374672504182,0.33572097378277155,0.0730265349882041,0.4556220585734166,0.19136388472142707,0.2831749242154795,0.11945290142760935,True
1,RandomForest,1.9311847383418796,1.6356270238996617,2.2801497157419064,8.128133783823758e-15,0.7731130122809439,0.771620933271322,0.02560676581767379,0.5575909961685824,0.06464475047264495,0.41596194503171247,0.060230513694759846,0.47546080390850537,0.05852423444497762,0.7005191787323867,0.014062700747353905,0.4625350172067934,0.04188223236905273,True
2,XGBoost,1.576192845209318,1.3549119560283658,1.8336127851225728,3.741336047130521e-09,0.7022561059748862,0.738976369233495,0.019356689161777466,0.48363046027117224,0.027774458776420582,0.4605355884425652,0.09412321885585638,0.46407878466701996,0.033118433598861734,0.714682614562785,0.0116623788350495,0.4646564556669162,0.03860318377463289,True
3,LogisticRegression,2.111900544405265,1.6782473056564011,2.65760826454287,1.8282298054956831e-10,0.7722505864495653,0.7408920780457556,0.02138426737809302,0.479147465437788,0.03950823502724247,0.4154334038054968,0.05714114905598129,0.4433447176512461,0.04464738447754773,0.6991096630453989,0.026323399202452562,0.4990301237775328,0.024347457471163812,True
4,ANN,1.7625323547980505,1.5224414080463695,2.0404859492729615,3.308653693459514e-14,0.7525872774941355,0.7409142249684407,0.011769990343426212,0.47795878585352264,0.027618377397819274,0.4001057082452431,0.013585326038517987,0.4354305159860716,0.018584960608954156,0.6960923640534861,0.01784547246114541,0.4379215308005388,0.021936928605205675,True
5,Ensemble,1.9314756909296278,1.663238139497637,2.2429730632432885,6.180626716864845e-18,0.776355733406927,0.7543352601156069,0.017530817698066296,0.5117003367003368,0.04229594865887285,0.3927061310782241,0.06772343745688773,0.44140197152245336,0.04838391540995394,0.7111380261255994,0.02036959413017441,0.4567915753077445,0.042856584180203564,True
