,Model,HR,CI_lower,CI_upper,p,cindex,accuracy_mean,accuracy_std,precision_mean,precision_std,recall_mean,recall_std,f1_mean,f1_std,roc_auc_mean,roc_auc_std,pr_auc_mean,pr_auc_std,Sig
0,SVM,1.9359136500222398,1.6707972724618392,2.2430977845805824,1.483526700734338e-18,0.7796674485994205,0.7582109715854982,0.025678738470221535,0.5360720522010844,0.07032723868882274,0.40785764622973925,0.04090497830867822,0.4572156346069389,0.004659654364381271,0.7010501200675175,0.03897305011524376,0.4491475159016276,0.022521602921505283,True
1,RandomForest,1.956887459027422,1.6564734027642098,2.311783890347134,2.90072656614279e-15,0.7707672140195944,0.7639138041769096,0.02816237469331201,0.5501262626262626,0.07351239547547056,0.3306906272022551,0.09521601691724473,0.405081026859527,0.08864010770600876,0.7094768610879031,0.022705117916782154,0.4635370016293512,0.04364602667322422,True
2,XGBoost,1.5540218497263663,1.3254537961229793,1.8220053512924477,5.600484984358781e-08,0.7090865185594039,0.7447013487475914,0.007852153880901647,0.4883720930232558,0.016444343748524364,0.37667371388301624,0.08846853219197992,0.4178592725104353,0.05648082625873011,0.7037706228324015,0.01570618251872121,0.447880480837387,0.03164854024982955,True
3,LogisticRegression,2.1470825275751033,1.7266009623127414,2.6699645609158913,6.3635533932616185e-12,0.7709741962191251,0.75626204238921,0.03176092259362909,0.514069264069264,0.0611639443763844,0.4696969696969697,0.07907812065280809,0.4890005017890891,0.06464450435692787,0.7021958720609528,0.028531754983183513,0.49947239948884165,0.024826166389283207,True
4,ANN,1.6029836287055266,1.340017655299581,1.9175542230624376,2.450949950252052e-07,0.7083965778943011,0.7140278608287378,0.02650190476268081,0.4199301342158485,0.06931591904859755,0.39992952783650465,0.09516221324961581,0.40756843800322057,0.077305085183433,0.6395723130056522,0.06062175613763725,0.39123197895767764,0.07169066283668546,True
5,Ensemble,1.401361098431939,1.2699675575192468,1.5463488941674073,1.8457849524298498e-11,0.7706119773699461,0.7504816955684008,0.01643790345099168,0.5033670033670034,0.04130587254675186,0.36169837914023956,0.024013590062123818,0.41991341991341985,0.022073677548020695,0.7130479231402362,0.033239389281403055,0.4566228251895443,0.05076890210059896,True
