,Model,HR,CI_lower,CI_upper,p,cindex,accuracy_mean,accuracy_std,precision_mean,precision_std,recall_mean,recall_std,f1_mean,f1_std,roc_auc_mean,roc_auc_std,pr_auc_mean,pr_auc_std,Sig
0,SVM,0.7456891922282414,0.558017755008706,0.9964779192327525,0.04727627664384485,0.5713398647716297,0.44021438221159165,0.2488616245993286,0.3476579520697167,0.22573225669640942,0.4991190979563072,0.12478374672504182,0.33572097378277155,0.0730265349882041,0.4556220585734166,0.19136388472142707,0.2831749242154795,0.11945290142760935,True
1,RandomForest,3.7748999933777556,2.6685615483384,5.339906800679253,6.065799934762837e-14,0.6926659307299572,0.771620933271322,0.02560676581767379,0.5575909961685824,0.06464475047264495,0.41596194503171247,0.060230513694759846,0.47546080390850537,0.05852423444497762,0.7005191787323867,0.014062700747353905,0.4625350172067934,0.04188223236905273,True
2,XGBoost,3.2852569915379313,2.4073523952545113,4.483312672346753,6.478141719139677e-14,0.6794535669932386,0.738976369233495,0.019356689161777466,0.48363046027117224,0.027774458776420582,0.4605355884425652,0.09412321885585638,0.46407878466701996,0.033118433598861734,0.714682614562785,0.0116623788350495,0.4646564556669162,0.03860318377463289,True
3,LogisticRegression,3.4842394679950686,2.476993590822504,4.9010722980124495,7.485288519171817e-13,0.7008934731613081,0.7408920780457556,0.02138426737809302,0.479147465437788,0.03950823502724247,0.4154334038054968,0.05714114905598129,0.4433447176512461,0.04464738447754773,0.6991096630453989,0.026323399202452562,0.4990301237775328,0.024347457471163812,True
4,ANN,3.5463130732026267,2.514812942231045,5.000903328424347,5.249231386846351e-13,0.6841624120325652,0.7409142249684407,0.011769990343426212,0.47795878585352264,0.027618377397819274,0.4001057082452431,0.013585326038517987,0.4354305159860716,0.018584960608954156,0.6960923640534861,0.01784547246114541,0.4379215308005388,0.021936928605205675,True
5,Ensemble,3.9695274774907165,2.7917833077789314,5.644115841888095,1.6267044706264775e-14,0.6957189181730371,0.7543352601156069,0.017530817698066296,0.5117003367003368,0.04229594865887285,0.3927061310782241,0.06772343745688773,0.44140197152245336,0.04838391540995394,0.7111380261255994,0.02036959413017441,0.4567915753077445,0.042856584180203564,True
