,Model,HR,CI_lower,CI_upper,p,cindex,accuracy_mean,accuracy_std,precision_mean,precision_std,recall_mean,recall_std,f1_mean,f1_std,roc_auc_mean,roc_auc_std,pr_auc_mean,pr_auc_std,Sig
0,SVM,2.740646025163677,1.948686436279955,3.854463445429547,6.867153127961013e-09,0.6724851662757003,0.7255553340863288,0.057214415530535793,0.5129805211558308,0.14416422679799074,0.408738548273432,0.10725205770602678,0.42259786981711295,0.02145318882807121,0.6823819591261452,0.023161329325736744,0.47786123540584385,0.04578287297594825,True
1,RandomForest,3.3720376788560764,2.4477207054722494,4.645398505721791,1.0335569654347072e-13,0.6862322340278736,0.7484995459880849,0.024324525858886427,0.5069965017491255,0.0620163527666898,0.42336152219873147,0.032326104516724706,0.4569626098121236,0.006720588323689986,0.698813466845599,0.008520458392384604,0.46699864478994285,0.052803444005283,True
2,XGBoost,2.3985372195360397,1.623069112824595,3.544507592463439,1.1305629259405929e-05,0.6005071063888505,0.7159657165636834,0.03526275565331311,0.26164874551971323,0.19121116370393032,0.22480620155038764,0.1592452603424352,0.2397624897624898,0.17022636987003517,0.6622190682859953,0.036756462811762154,0.44596428459137033,0.06380641154455861,True
3,LogisticRegression,2.5048578938611383,1.8233172882235733,3.441152622729428,1.4530038710544572e-08,0.6664999310059335,0.7158992757956283,0.07134542888190186,0.5063492063492063,0.18155011274200272,0.4545454545454546,0.0924609824728572,0.4479588258349321,0.034193458045694285,0.6751641695188652,0.012090495646621744,0.44523598632252165,0.04831195750792734,True
4,ANN,2.781404963759182,1.9933594846872271,3.880992681878495,1.7608779259819783e-09,0.6738305505726507,0.7332513897193985,0.018355423766321283,0.45737969984741866,0.03877722221661146,0.40151515151515155,0.13960182511679542,0.4150027277686852,0.09850256372934418,0.6541060690892041,0.04019231071217733,0.44376627966429777,0.04612268334998609,True
5,Ensemble,3.8520574379764327,2.6621634730388832,5.573792389440103,8.420879779974102e-13,0.6680350489857872,0.763902730715567,0.021637719141896702,0.5926390049197067,0.13774632925227465,0.33139534883720934,0.06895522044440774,0.40791826309067686,0.02717396917400406,0.6955914137344991,0.008664749314583851,0.479881168498707,0.04843032258456997,True
