,Model,HR,CI_lower,CI_upper,p,cindex,accuracy_mean,accuracy_std,precision_mean,precision_std,recall_mean,recall_std,f1_mean,f1_std,roc_auc_mean,roc_auc_std,pr_auc_mean,pr_auc_std,Sig
0,SVM,1.8311537569948961,1.594207425789448,2.1033173146186193,1.1632687055413491e-17,0.7432730785152477,0.7255553340863288,0.057214415530535793,0.5129805211558308,0.14416422679799074,0.408738548273432,0.10725205770602678,0.42259786981711295,0.02145318882807121,0.6823819591261452,0.023161329325736744,0.47786123540584385,0.04578287297594825,True
1,RandomForest,1.8437832119387092,1.59738329720312,2.128190859751268,6.31656680930871e-17,0.7579343176486822,0.7484995459880849,0.024324525858886427,0.5069965017491255,0.0620163527666898,0.42336152219873147,0.032326104516724706,0.4569626098121236,0.006720588323689986,0.698813466845599,0.008520458392384604,0.46699864478994285,0.052803444005283,True
2,XGBoost,1.343238653432011,1.1636129251455087,1.5505930203106137,5.605648610684083e-05,0.6366944942734925,0.7159657165636834,0.03526275565331311,0.26164874551971323,0.19121116370393032,0.22480620155038764,0.1592452603424352,0.2397624897624898,0.17022636987003517,0.6622190682859953,0.036756462811762154,0.44596428459137033,0.06380641154455861,True
3,LogisticRegression,1.5696822799745305,1.3584938751831477,1.8137015595553312,9.614442891140613e-10,0.7295087622464468,0.7158992757956283,0.07134542888190186,0.5063492063492063,0.18155011274200272,0.4545454545454546,0.0924609824728572,0.4479588258349321,0.034193458045694285,0.6751641695188652,0.012090495646621744,0.44523598632252165,0.04831195750792734,True
4,ANN,1.6803212838153034,1.4335834090396133,1.9695258741409514,1.5019683754009865e-10,0.7079481164619843,0.7332513897193985,0.018355423766321283,0.45737969984741866,0.03877722221661146,0.40151515151515155,0.13960182511679542,0.4150027277686852,0.09850256372934418,0.6541060690892041,0.04019231071217733,0.44376627966429777,0.04612268334998609,True
5,Ensemble,1.7347961346097684,1.5190231260814449,1.9812190986324942,4.32560889597039e-16,0.7516903546295018,0.763902730715567,0.021637719141896702,0.5926390049197067,0.13774632925227465,0.33139534883720934,0.06895522044440774,0.40791826309067686,0.02717396917400406,0.6955914137344991,0.008664749314583851,0.479881168498707,0.04843032258456997,True
