,Model,HR,CI_lower,CI_upper,p,cindex,accuracy_mean,accuracy_std,precision_mean,precision_std,recall_mean,recall_std,f1_mean,f1_std,roc_auc_mean,roc_auc_std,pr_auc_mean,pr_auc_std,Sig
0,SVM,2.6094283375549154,1.8445615149063044,3.6914552286864137,5.986773697180971e-08,0.6621533048157858,0.7274710428985892,0.05467305755315504,0.5132372393401805,0.1426440908507777,0.3854827343199436,0.11011712464904641,0.4091349623672544,0.017758490623455893,0.6831566977315248,0.02375207483457962,0.4774485827839427,0.046527893841152274,True
1,RandomForest,3.2312077456073913,2.30580468071499,4.528008630824584,9.583988591158141e-12,0.6721919414930316,0.7562177485438398,0.013903444011634476,0.518484001242622,0.04791149589006452,0.3768498942917547,0.03856781902670304,0.434880771182141,0.03315099319545265,0.6947581517837155,0.013178078966224504,0.4687047672119658,0.05150055377650612,True
2,XGBoost,2.4576636095099538,1.7059698869903452,3.5405727050466265,1.3823761441166457e-06,0.6113736718642196,0.7159435696409985,0.028539195193436912,0.2665931237359809,0.1903732309414366,0.26356589147286824,0.1873340461022414,0.26376811594202904,0.1865460047501923,0.6759586055698251,0.019497658190580646,0.4596090504367167,0.04239343007411104,True
3,LogisticRegression,2.5048578938611383,1.8233172882235733,3.441152622729428,1.4530038710544572e-08,0.6664999310059335,0.7158992757956283,0.07134542888190186,0.5063492063492063,0.18155011274200272,0.4545454545454546,0.0924609824728572,0.4479588258349321,0.034193458045694285,0.6751045392266767,0.012006830747906738,0.44520122943655593,0.04834888029913951,True
4,ANN,2.325845532838419,1.700857493958977,3.1804883488698095,1.2477138251438787e-07,0.6484234855802401,0.6967311142116803,0.0032058387771742,0.40199680111960817,0.0053354715754943246,0.44696969696969696,0.07559474117122662,0.42052238970572015,0.03894082936525899,0.6537486597667673,0.03408356999205554,0.4131050236061362,0.04260341364214019,True
5,Ensemble,3.840892440640219,2.690522521835035,5.483118844329712,1.2683524207675413e-13,0.6835932109838554,0.7523531105352911,0.028968902934569607,0.5416128337639966,0.1282068071953943,0.3620507399577167,0.07390888889022547,0.4192681503709261,0.03747028082952637,0.6949504398199587,0.009632763442486631,0.4754199112645124,0.048644200401366446,True
