,Model,HR,CI_lower,CI_upper,p,cindex,accuracy_mean,accuracy_std,precision_mean,precision_std,recall_mean,recall_std,f1_mean,f1_std,roc_auc_mean,roc_auc_std,pr_auc_mean,pr_auc_std,Sig
0,SVM,1.808303767343481,1.5662406184502309,2.0877778781041956,6.522459643928081e-16,0.7457223678763626,0.7562398954665249,0.021127786997651415,0.5505029531192321,0.09984552584787304,0.4011627906976744,0.11061800924674679,0.4417844657242742,0.05929757969063873,0.6903477964724192,0.015024126584431623,0.46233868365575836,0.04881708792073075,True
1,RandomForest,1.889054639523717,1.6111457528455835,2.2149004364151392,4.7128419506326924e-15,0.7686283979577756,0.7561845281598122,0.030636643533287353,0.5720394736842106,0.16142860991410302,0.33897110641296685,0.05054382262731814,0.40884424914556744,0.008195242476875695,0.6976796222890668,0.012491055729944545,0.4885951169494698,0.0473824602439753,True
2,XGBoost,1.3005522127739684,1.1193830823638526,1.5110430779241206,0.0005959404556300833,0.6346074237615565,0.7293424578654796,0.012930579007222363,0.456893348197696,0.03048440346719687,0.4383368569415081,0.030701932220989384,0.44675427492637687,0.025201825800494095,0.6915586514201818,0.009256362783974476,0.4880754058889085,0.05950219724282831,True
3,LogisticRegression,1.6003854727342146,1.3646391554380772,1.8768578133876765,7.306483174264481e-09,0.7312681109424589,0.7351228046862888,0.023473601606677615,0.47753357753357745,0.04950011836007045,0.4772727272727273,0.033514126350136,0.4738144267458058,0.0076884340291470355,0.6635057646064214,0.0070959222161872506,0.4426210224248896,0.05435004328228621,True
4,ANN,1.699012479339678,1.4851150353228144,1.943717042986168,1.155916309284484e-14,0.6792465847937077,0.7351228046862888,0.0516226264183805,0.511922817660937,0.13502491918149814,0.4390415785764623,0.05415821298616165,0.4556568812035664,0.022791613472334472,0.652670307383604,0.03951614648042164,0.469713912267478,0.03921041193093857,True
5,Ensemble,1.791350662620635,1.5687625518403399,2.045521288551243,7.209973116265248e-18,0.7646612391334345,0.754235598963524,0.03854736628487252,0.5911730545876888,0.1896173379689965,0.408738548273432,0.0966419802757572,0.4488351062563956,0.026047025101886587,0.707589030591871,0.010429961187086277,0.4853097557176671,0.03939449009495585,True
