,Model,HR,CI_lower,CI_upper,p,cindex,accuracy_mean,accuracy_std,precision_mean,precision_std,recall_mean,recall_std,f1_mean,f1_std,roc_auc_mean,roc_auc_std,pr_auc_mean,pr_auc_std,Sig
0,SVM,1.9469497778271037,1.6902860133857414,2.2425869985093168,2.5260323332568255e-20,0.7709052021526148,0.7370938808052622,0.020586204968542843,0.48068783068783066,0.05565498786449649,0.3232910500352361,0.08768511509523993,0.37359938179610314,0.04334615282491467,0.7152659962086555,0.035797591420276095,0.4576683994600345,0.022352312988636536,True
1,RandomForest,1.9611291877084711,1.669824354406384,2.3032528425717778,2.224346926044761e-16,0.7545191113564234,0.7390206630788652,0.025321299332615232,0.490389527458493,0.0451284191701191,0.4834390415785765,0.11182224809511872,0.4752134185756525,0.03448377506399479,0.706638784022061,0.03750719975671047,0.46269193813283765,0.05383502273196428,True
2,XGBoost,1.4090410959588153,1.2196726295832392,1.6278112355273786,3.21286382273074e-06,0.6456464744032013,0.7562509689278675,0.019368221471693956,0.513472784525416,0.04745914640172721,0.46124031007751937,0.03334234599628924,0.48589419406019135,0.03974705148070934,0.6910688947126014,0.04249906893261903,0.4449487398358371,0.06261347670200866,True
3,LogisticRegression,1.3011929438061074,1.2006717534261064,1.4101298478785305,1.3792824809063116e-10,0.7338553884365945,0.6987464841760237,0.051880443899363686,0.4240354206198609,0.06222570152164203,0.43093727977448903,0.07750816755354029,0.4161304161304162,0.00953501105572408,0.6905986906164431,0.04678937969661228,0.4676165504476249,0.036792952516731744,True
4,ANN,1.894544622397825,1.6120397964756874,2.2265575168203675,8.786355554989161e-15,0.7531737270594728,0.7524084778420038,0.012215739459088123,0.5066666666666667,0.02456200686161372,0.3768498942917547,0.05736072645931826,0.42945519980143954,0.04040067281714938,0.6838781994382918,0.029095853332071674,0.44608747302489954,0.02844061516934922,True
5,Ensemble,1.8319958337472162,1.610965071684159,2.0833528881904684,2.736128640384313e-20,0.7585207672140196,0.7428299337807012,0.011208695195197852,0.48756778953032304,0.03133217408149049,0.43675123326286114,0.16721980450740964,0.4422032941787526,0.09094818991030425,0.7095182422760978,0.0408292223958487,0.45933386989897834,0.05394281003003439,True
