,Model,HR,CI_lower,CI_upper,p,cindex,accuracy_mean,accuracy_std,precision_mean,precision_std,recall_mean,recall_std,f1_mean,f1_std,roc_auc_mean,roc_auc_std,pr_auc_mean,pr_auc_std,Sig
0,SVM,3.9536235922885963,2.8513468895772456,5.482019591035637,1.676044545676398e-16,0.7051711052849455,0.7543352601156069,0.01323675640183122,0.5130744739756368,0.034241035666760455,0.4307610993657505,0.028492245183813016,0.46648742354364964,0.011341554406406556,0.7143995361996427,0.035081275126230466,0.4564181235546132,0.02044787433297989,True
1,RandomForest,3.851659626252893,2.7759291764720735,5.344258060416629,7.039590938040137e-16,0.7097764592245067,0.7467056452505924,0.027641293749864265,0.5049382716049383,0.06964101124034791,0.43798449612403106,0.052289680477643576,0.462987012987013,0.02814019309093565,0.7125066778892449,0.04893030580992222,0.47106693363540747,0.06370566096850468,True
2,XGBoost,2.981745863389534,2.1088657867435567,4.215919500296652,6.319199986528926e-10,0.683851938733269,0.7314021216751931,0.0707197260768399,0.5230969580814783,0.16019594932085288,0.406800563777308,0.09982233327177094,0.43162790697674414,0.07481676432635513,0.7010693416294339,0.05428673728561994,0.4609759319654394,0.09245468180159476,True
3,LogisticRegression,3.620332022718216,2.5992850615103977,5.042465002704567,2.727775102218419e-14,0.6842659031323306,0.75626204238921,0.027285903059192835,0.5313662945241893,0.07041391543129769,0.39164904862579286,0.09713182410519344,0.43887343962427394,0.06948380145505742,0.7092349259711234,0.054813511931843174,0.4927681546461486,0.0324143665667403,True
4,ANN,2.9138012792295553,2.1243532662031783,3.9966224214743042,3.2800744994285076e-11,0.6924589485304263,0.7141053750581356,0.04769263311236229,0.449389409411517,0.07356879717490658,0.4381606765327695,0.06332356237908682,0.4340707713061394,0.02742732076134793,0.6824480241930978,0.015959592169558282,0.4454919850751964,0.04698438770917823,True
5,Ensemble,4.006950566335974,2.8065964942325228,5.72068442116781,2.1624316662407663e-14,0.6775389816475783,0.754357407038292,0.029500802522726507,0.5326576576576577,0.09298556465469825,0.3528893587033122,0.09994539275358194,0.4108338564553254,0.0775512518244646,0.704758391794607,0.04445160934216854,0.4526163328586444,0.06256100412845789,True
