,Model,HR,CI_lower,CI_upper,p,cindex,accuracy_mean,accuracy_std,precision_mean,precision_std,recall_mean,recall_std,f1_mean,f1_std,roc_auc_mean,roc_auc_std,pr_auc_mean,pr_auc_std,Sig
0,SVM,1.1885359857295252,0.8895884430233295,1.5879453026313743,0.2426145495810227,0.5333931281909756,0.5559874205479148,0.23711570529261158,0.38003812636165574,0.1565007558044677,0.47815362931641997,0.1745356630559831,0.3672392033736571,0.039223362788010696,0.5314390266813488,0.20871724122233087,0.3387633570983599,0.1344927202271721,False
1,RandomForest,3.7630410894538717,2.7493596678689034,5.150464090387388,1.277310014401067e-16,0.7037394784048572,0.7467056452505924,0.036858804120761424,0.5017609474832477,0.08045743210760432,0.46088794926004234,0.05979761363099765,0.47676890373519587,0.05547194040099819,0.7106476590454932,0.0440342686231938,0.4543798692809995,0.05629372338779556,True
2,XGBoost,3.3525373879523555,2.3909010493641514,4.700950271700912,2.3189476712805882e-12,0.6555643714640541,0.7562952627732377,0.023087872136126553,0.5095178655016382,0.06764644055859519,0.3539464411557434,0.08594317987110446,0.41642666776675114,0.08200210845794481,0.6974102824804049,0.05934390269046871,0.4590949318343913,0.078601601677705,True
3,LogisticRegression,2.5680033381776775,1.86437702864817,3.5371821490813815,7.791039697529628e-09,0.6499413550434663,0.702622195645915,0.05584946527438801,0.4404834557405108,0.10411930782114139,0.36909795630725867,0.08631509583806686,0.3798180314309347,0.018746492722326636,0.6979010219912049,0.049619002690775675,0.46247319278421567,0.041946882401409535,True
4,ANN,1.5191817818579676,1.1344892464663106,2.034319226486987,0.005001175044022609,0.5829481164619843,0.6279649192744668,0.17622511858351123,0.4393162393162393,0.16781763441059663,0.5130373502466526,0.21597849885924034,0.41523341190220037,0.046541769768801575,0.6520825496770818,0.08208579485354392,0.40993771441936183,0.087375937308556,True
5,Ensemble,3.8132196142852437,2.7021943012440883,5.381050437444562,2.596878562378265e-14,0.6870946598592521,0.7582220450468408,0.030326056268637606,0.5329407799520213,0.0981562631273686,0.39904862579281186,0.08796785019279899,0.44897248345524204,0.06751659363352985,0.7066259765443149,0.04927495948135956,0.45373188237934237,0.06488678471067635,True
