,Model,HR,CI_lower,CI_upper,p,cindex,accuracy_mean,accuracy_std,precision_mean,precision_std,recall_mean,recall_std,f1_mean,f1_std,roc_auc_mean,roc_auc_std,pr_auc_mean,pr_auc_std,Sig
0,SVM,2.004566433734573,1.740971007466368,2.30807208737103,4.1314379942520672e-22,0.7763902304401822,0.7543352601156069,0.01323675640183122,0.5130744739756368,0.034241035666760455,0.4307610993657505,0.028492245183813016,0.46648742354364964,0.011341554406406556,0.7143995361996427,0.035081275126230466,0.4564181235546132,0.02044787433297989,True
1,RandomForest,1.9416379919874607,1.6749501075120223,2.250788292153376,1.3427076488595494e-18,0.7505174554988271,0.7467056452505924,0.027641293749864265,0.5049382716049383,0.06964101124034791,0.43798449612403106,0.052289680477643576,0.462987012987013,0.02814019309093565,0.7125066778892449,0.04893030580992222,0.47106693363540747,0.06370566096850468,True
2,XGBoost,1.6855635681633427,1.4863551182377104,1.9114708910802587,4.0835367591490747e-16,0.7267834966192908,0.7314021216751931,0.0707197260768399,0.5230969580814783,0.16019594932085288,0.406800563777308,0.09982233327177094,0.43162790697674414,0.07481676432635513,0.7010693416294339,0.05428673728561994,0.4609759319654394,0.09245468180159476,True
3,LogisticRegression,1.7466576755996635,1.525568501026591,1.9997876422318992,6.652661727260291e-16,0.7459293500758934,0.75626204238921,0.027285903059192835,0.5313662945241893,0.07041391543129769,0.39164904862579286,0.09713182410519344,0.43887343962427394,0.06948380145505742,0.7092349259711234,0.054813511931843174,0.4927681546461486,0.0324143665667403,True
4,ANN,1.6504277143703092,1.4104234643311158,1.9312722095511938,4.128596110648068e-10,0.7397888781564785,0.7141053750581356,0.04769263311236229,0.449389409411517,0.07356879717490658,0.4381606765327695,0.06332356237908682,0.4340707713061394,0.02742732076134793,0.6824480241930978,0.015959592169558282,0.4454919850751964,0.04698438770917823,True
5,Ensemble,1.7135150532797585,1.5253811292937969,1.9248526033462012,1.1290102989315149e-19,0.7601421277770112,0.754357407038292,0.029500802522726507,0.5326576576576577,0.09298556465469825,0.3528893587033122,0.09994539275358194,0.4108338564553254,0.0775512518244646,0.704758391794607,0.04445160934216854,0.4526163328586444,0.06256100412845789,True
