,Model,HR,CI_lower,CI_upper,p,cindex,accuracy_mean,accuracy_std,precision_mean,precision_std,recall_mean,recall_std,f1_mean,f1_std,roc_auc_mean,roc_auc_std,pr_auc_mean,pr_auc_std,Sig
0,SVM,1.5835085201547723,1.3784958028783765,1.8190111483596523,8.164654750517461e-11,0.6626535117979854,0.5559874205479148,0.23711570529261158,0.38003812636165574,0.1565007558044677,0.47815362931641997,0.1745356630559831,0.3672392033736571,0.039223362788010696,0.5314390266813487,0.20871724122233085,0.33876020240967425,0.1344922380695051,True
1,RandomForest,1.9410309655063405,1.6554735172787287,2.2758450496071165,3.1200883512918813e-16,0.742100179384573,0.7467056452505924,0.036858804120761424,0.5017609474832477,0.08045743210760432,0.46088794926004234,0.05979761363099765,0.47676890373519587,0.05547194040099819,0.7106476590454932,0.0440342686231938,0.4543798692809995,0.05629372338779556,True
2,XGBoost,1.4605261120344624,1.2643421278985094,1.6871513468273303,2.646854324577039e-07,0.6742790120049675,0.7562952627732377,0.023087872136126553,0.5255606462503014,0.08727242087462243,0.3074348132487667,0.03703394330069558,0.3868562381963216,0.04876959168765985,0.6912087320928081,0.05246138139110932,0.4593824258946417,0.07890572972752623,True
3,LogisticRegression,1.4781053559179582,1.19664283962759,1.825770706883007,0.00028828098299847767,0.7437905340140748,0.702622195645915,0.05584946527438801,0.4404834557405108,0.10411930782114139,0.36909795630725867,0.08631509583806686,0.3798180314309347,0.018746492722326636,0.6976634215538885,0.04998509702928664,0.4637493688790489,0.04241878259931355,True
4,ANN,1.6068801736730474,1.3783562720244593,1.8732920834401683,1.3623753437023694e-09,0.7005312543121291,0.7275485571279869,0.04178687100276577,0.4593952147143637,0.08277835496126429,0.4462649753347428,0.04855744294941141,0.45207453624923843,0.06523397859220058,0.6912467510594619,0.056561117992317306,0.45599932326488607,0.07324609312002568,True
5,Ensemble,1.406252007769244,1.196667106905148,1.6525437174164568,3.467301310445115e-05,0.7533807092590037,0.7697273713817466,0.03251136191286939,0.5764536759960102,0.13150590372095874,0.3000352360817477,0.07602220363023263,0.3927264362046971,0.09092875822353266,0.7071314270675181,0.04641259472325058,0.4536894175987798,0.06102894972941704,True
