,Model,HR,CI_lower,CI_upper,p,cindex,accuracy_mean,accuracy_std,precision_mean,precision_std,recall_mean,recall_std,f1_mean,f1_std,roc_auc_mean,roc_auc_std,pr_auc_mean,pr_auc_std,Sig
0,SVM,1.5835158583677333,1.3784789548641534,1.8190502400156054,8.204044859086943e-11,0.6626190147647303,0.5559874205479148,0.23711570529261158,0.38003812636165574,0.1565007558044677,0.47815362931641997,0.1745356630559831,0.3672392033736571,0.039223362788010696,0.5314390266813488,0.20871724122233087,0.3387633570983599,0.1344927202271721,True
1,RandomForest,1.9410309655063405,1.6554735172787287,2.2758450496071165,3.1200883512918813e-16,0.742100179384573,0.7467056452505924,0.036858804120761424,0.5017609474832477,0.08045743210760432,0.46088794926004234,0.05979761363099765,0.47676890373519587,0.05547194040099819,0.7106476590454932,0.0440342686231938,0.4543798692809995,0.05629372338779556,True
2,XGBoost,1.5492669227692482,1.342929835359676,1.7873070765041454,1.933814018242979e-09,0.6955981785566441,0.7562952627732377,0.023087872136126553,0.5095178655016382,0.06764644055859519,0.3539464411557434,0.08594317987110446,0.41642666776675114,0.08200210845794481,0.6974102824804049,0.05934390269046871,0.4590949318343913,0.078601601677705,True
3,LogisticRegression,1.4732763816284782,1.1931200273102147,1.8192162121003048,0.00031727397308847956,0.7442734924796468,0.702622195645915,0.05584946527438801,0.4404834557405108,0.10411930782114139,0.36909795630725867,0.08631509583806686,0.3798180314309347,0.018746492722326636,0.6979010219912049,0.049619002690775675,0.46247319278421567,0.041946882401409535,True
4,ANN,1.3007709274344006,1.1376469143716046,1.4872848370473133,0.00011991074000165946,0.6047674899958604,0.6279649192744668,0.17622511858351123,0.4393162393162393,0.16781763441059663,0.5130373502466526,0.21597849885924034,0.41523341190220037,0.046541769768801575,0.6520825496770818,0.08208579485354392,0.40993771441936183,0.087375937308556,True
5,Ensemble,1.891951575115955,1.6636096388578503,2.151635022409003,2.5718133740215705e-22,0.7591762108458673,0.7582220450468408,0.030326056268637606,0.5329407799520213,0.0981562631273686,0.39904862579281186,0.08796785019279899,0.44897248345524204,0.06751659363352985,0.7066259765443149,0.04927495948135956,0.45373188237934237,0.06488678471067635,True
