,Model,HR,CI_lower,CI_upper,p,cindex,accuracy_mean,accuracy_std,precision_mean,precision_std,recall_mean,recall_std,f1_mean,f1_std,roc_auc_mean,roc_auc_std,pr_auc_mean,pr_auc_std,FDR,Sig
0,SVM,4.174154470634236,2.8095175016643403,6.201621998935465,1.5045961893722826e-12,0.655468985245408,0.8031189083820663,0.030697886448389125,0.4799382716049383,0.08505872703407821,0.3810035842293907,0.11166355896826587,0.401418985831212,0.0553523950079503,0.7335846288488704,0.08734610881724804,0.43906312967495964,0.06446313201708397,2.256894284058424e-12,True
1,RandomForest,4.673709456865718,3.1578076297147666,6.917318167721666,1.276571894452708e-14,0.6717667871123155,0.8226120857699805,0.018077229036054018,0.506288032454361,0.0668875182461361,0.3917562724014337,0.09675959003049353,0.4365751950497713,0.08267259529567504,0.7508130789874098,0.07465476164589993,0.4334191861742231,0.07709468710351,5.820423562422102e-14,True
2,XGBoost,4.9090017948813545,3.1855062228866697,7.564982434820282,5.556477187073477e-13,0.6330171635049684,0.8343079922027291,0.023553695854960165,0.5591575091575093,0.12345436412375144,0.29354838709677417,0.10545312103178896,0.382055852644088,0.11691632234317278,0.7544116525585297,0.08874149667515961,0.46178099236101255,0.044022365998749875,1.1112954374146955e-12,True
3,LogisticRegression,3.6819778469500797,2.556220889785132,5.303516968977864,2.5459239503767387e-12,0.696364046973803,0.7660818713450293,0.03604920469572503,0.38644302930017216,0.07432549693328659,0.5530465949820789,0.15655247665262134,0.4537976782752902,0.10355531738499882,0.6967545837827238,0.10077293162915632,0.36370767532588033,0.08418164533992561,3.0551087404520864e-12,True
4,ANN,2.3675138690129005,1.6009210240125737,3.50118577737187,1.579791470744255e-05,0.6125225835591689,0.732943469785575,0.014587358233036809,0.2878510378510379,0.049066553526062366,0.34767025089605735,0.10584102552138638,0.31270070405552586,0.07271783880812313,0.6444649620696293,0.08251433937512681,0.3167677741146605,0.05106993841902371,1.579791470744255e-05,True
5,Ensemble (Mean),4.4343790832916365,3.0283742346610003,6.493159804780718,1.940141187474034e-14,0.6831150255947004,0.8148148148148149,0.012016401565241646,0.479422514619883,0.04017971713174418,0.4240143369175627,0.10556027154150921,0.4443386243386243,0.07376670924509336,0.7231139218441895,0.10070910025479671,0.3984756682148463,0.07677649114987087,5.820423562422102e-14,True
