,Model,HR,CI_lower,CI_upper,p,cindex,accuracy_mean,accuracy_std,precision_mean,precision_std,recall_mean,recall_std,f1_mean,f1_std,roc_auc_mean,roc_auc_std,pr_auc_mean,pr_auc_std,Sig
0,SVM,1.5294258267266518,1.3172667811112428,1.7757552175461433,2.452551794289328e-08,0.7118807782530703,0.7331849489513432,0.010303687682606102,0.4624232981322254,0.017162124665734503,0.39992952783650465,0.03852514079942667,0.42700027009357355,0.015626039725578102,0.6893569549569905,0.014669941105402581,0.44152181803151586,0.012449517538193308,True
1,RandomForest,1.8544121405433538,1.5878046806025155,2.1657855207289503,6.276459442798365e-15,0.7490685801021112,0.7409142249684407,0.013511919024506425,0.47863247863247865,0.03239130069249567,0.4001057082452431,0.013585326038517987,0.4355174515717894,0.019490180493319274,0.7105625482866741,0.020746291355035203,0.4709734726021919,0.021401170736506856,True
2,XGBoost,1.2877942758692646,1.1025650490575056,1.5041417269478012,0.0014115038026233304,0.6395404995170415,0.7485992071401678,0.014465848764508632,0.5765857811834824,0.15855827144867665,0.2302677942212826,0.09708707526650351,0.29799165362545643,0.09288399999232085,0.7047624781869413,0.011832026503372381,0.44574365255694964,0.007743021383939038,True
3,LogisticRegression,1.5609798689943468,1.3317504844115928,1.8296656768119715,3.8951793268669177e-08,0.7284393542155375,0.7352224658383717,0.03607144636177351,0.4793228914691179,0.08148891234301324,0.4455602536997885,0.061551797185402685,0.45704579107646753,0.049057486106257486,0.6793114439262139,0.036361779661641544,0.44319552392318035,0.05446411140353681,True
4,ANN,1.6430214012650186,1.3950245814795164,1.9351052023411985,2.719061590578989e-09,0.7208845039326618,0.7158549819502581,0.036507074281078244,0.4466603465285486,0.06374917899325765,0.45348837209302323,0.043507644032255134,0.4443859649122807,0.020006667607155432,0.6432106815605839,0.046508137486084455,0.4052353156524306,0.021362741810714046,True
5,Ensemble,1.6481122577161074,1.4242474201657556,1.9071644263311787,1.97522183418607e-11,0.7500344970332551,0.7331960224126858,0.0034452526268695526,0.46170528817587647,0.015148077855068845,0.4381606765327695,0.06332356237908682,0.44805194805194803,0.0413244222771359,0.7114609338823789,0.016759287414144137,0.4589456320958815,0.01899694429049955,True
