,Model,HR,CI_lower,CI_upper,p,cindex,accuracy_mean,accuracy_std,precision_mean,precision_std,recall_mean,recall_std,f1_mean,f1_std,roc_auc_mean,roc_auc_std,pr_auc_mean,pr_auc_std,Sig
0,SVM,2.7651261909678575,1.929863372052987,3.961898527481086,2.9740741494663345e-08,0.6693631847661101,0.7159435696409985,0.006618021538256744,0.4188282359014066,0.021596133551842374,0.36116983791402396,0.035190245028178704,0.3875250587089753,0.028284491733691044,0.699434293294137,0.024301744761325805,0.4341425105841381,0.0421794942574094,True
1,RandomForest,3.4366820701616576,2.533307815257648,4.662198403303553,2.129160205497738e-15,0.707758382779081,0.7409252984297833,0.015613258495404198,0.48531311913170816,0.029116191040491898,0.5077519379844961,0.03837013541322351,0.49420226730168254,0.008882003920528281,0.7104395220141715,0.031121370313837673,0.44955969026172804,0.03451421405429829,True
2,XGBoost,3.4672798041111066,2.455374819497037,4.896209387070023,1.6436656633631314e-12,0.6775562301642059,0.7542909662702367,0.010453687682315005,0.5173611111111112,0.038351947976344655,0.37544045102184637,0.14771463909573457,0.41618766887742575,0.0979945490967542,0.7016999288657374,0.020023380869534695,0.4617000788528632,0.02974409369482001,True
3,LogisticRegression,3.0606335535850118,2.187253651906089,4.282757850771949,6.770456105920054e-11,0.6884917897060853,0.7294199720948775,0.028852548994567597,0.459028259028259,0.058449982967299495,0.42318534178999295,0.030175749212130572,0.43953765295228714,0.041558303067029304,0.688422526346368,0.06978343086991563,0.4446903317588468,0.04472925340347188,True
4,ANN,1.7491519654862295,1.2324061427530661,2.482568442518198,0.0017503106930150947,0.5881054229336277,0.6812725621774854,0.04197432294503782,0.33246187363834423,0.10533031180433684,0.2836504580690627,0.1006037957564842,0.30582497671105263,0.10269947648647651,0.6310123762857652,0.060401151842959765,0.36412006874639635,0.08690194585390017,True
5,Ensemble,3.5939812497804713,2.5160120455428663,5.133799437349924,2.044313160182609e-12,0.6835932109838554,0.7466392044825372,0.0006890505253738895,0.48700649675162416,0.009369481888681988,0.37561663143058494,0.12342490771300578,0.4146537842190016,0.07904453794702017,0.7145816651541842,0.02115108121242717,0.44618122058991644,0.024816006502865105,True
