,Model,HR,CI_lower,CI_upper,p,cindex,accuracy_mean,accuracy_std,precision_mean,precision_std,recall_mean,recall_std,f1_mean,f1_std,roc_auc_mean,roc_auc_std,pr_auc_mean,pr_auc_std,Sig
0,SVM,1.5294258267266518,1.3172667811112428,1.7757552175461433,2.452551794289328e-08,0.7118807782530703,0.7331849489513432,0.010303687682606102,0.4624232981322254,0.017162124665734503,0.39992952783650465,0.03852514079942667,0.42700027009357355,0.015626039725578102,0.6893569549569905,0.014669941105402581,0.44152181803151586,0.012449517538193308,True
1,RandomForest,1.8544121405433538,1.5878046806025155,2.1657855207289503,6.276459442798365e-15,0.7490685801021112,0.7409142249684407,0.013511919024506425,0.47863247863247865,0.03239130069249567,0.4001057082452431,0.013585326038517987,0.4355174515717894,0.019490180493319274,0.7105625482866741,0.020746291355035203,0.4709734726021919,0.021401170736506856,True
2,XGBoost,1.2877942758692646,1.1025650490575056,1.5041417269478012,0.0014115038026233304,0.6395404995170415,0.7485992071401678,0.014465848764508632,0.5765857811834824,0.15855827144867665,0.2302677942212826,0.09708707526650351,0.29799165362545643,0.09288399999232085,0.7047624781869413,0.011832026503372381,0.44574365255694964,0.007743021383939038,True
3,LogisticRegression,1.5609798689943468,1.3317504844115928,1.8296656768119715,3.8951793268669177e-08,0.7284393542155375,0.7352224658383717,0.03607144636177351,0.4793228914691179,0.08148891234301324,0.4455602536997885,0.061551797185402685,0.45704579107646753,0.049057486106257486,0.6793114439262139,0.036361779661641544,0.44319552392318035,0.05446411140353681,True
4,ANN,1.5520806522879302,1.3238722837025372,1.8196274526340932,6.039816269812783e-08,0.6891817303711881,0.7025889752618873,0.0348637269120936,0.41911949685534594,0.057201318368966095,0.43058491895701195,0.025448160796712888,0.4208439087055648,0.014727982722433124,0.6671650927331737,0.04100601013111121,0.4187707351060874,0.028274046493604817,True
5,Ensemble,1.6488483256526885,1.431344089341839,1.8994040784824757,4.2520505930657726e-12,0.7508624258313785,0.7312913870617678,0.005096583890655285,0.456553911205074,0.006332503288271261,0.4076814658210007,0.04748119216590726,0.42947484991548635,0.028739385454503975,0.7152998977470838,0.02356190764582427,0.4572873236084582,0.019400731255171402,True
