,Model,HR,CI_lower,CI_upper,p,cindex,accuracy_mean,accuracy_std,precision_mean,precision_std,recall_mean,recall_std,f1_mean,f1_std,roc_auc_mean,roc_auc_std,pr_auc_mean,pr_auc_std,Sig
0,SVM,2.9201015978594107,2.0229039285994617,4.215224075285012,1.0548538776651389e-08,0.6776597212639713,0.72169069607778,0.011746755768079263,0.4303815093288777,0.03464119837380566,0.36116983791402396,0.035190245028178704,0.3926900515353742,0.035004160108917055,0.6991720555318993,0.023987998499907813,0.4307854966217823,0.03941973504016287,True
1,RandomForest,3.4616178303729632,2.5496438037963807,4.699792961555579,1.73270927321321e-15,0.7088967848765007,0.7428520807033863,0.01833814011847377,0.49005470282066027,0.03579878487126461,0.5077519379844961,0.03837013541322351,0.4962598804704068,0.009263578581382699,0.7072827580727457,0.030111328365051662,0.45100783892497437,0.029603240971823274,True
2,XGBoost,3.3557764465734827,2.3260275989388877,4.841402382548952,9.537843450080178e-11,0.6463881606181868,0.7485659867561404,0.01422397208730629,0.5056818181818182,0.04425500547556032,0.31518675123326284,0.07810059833755965,0.3787511923105143,0.05624179368603952,0.7075631259680613,0.02485588275124834,0.4419230294945938,0.04083955023326156,True
3,LogisticRegression,3.0606335535850118,2.187253651906089,4.282757850771949,6.770456105920054e-11,0.6884917897060853,0.7294199720948775,0.028852548994567597,0.459028259028259,0.058449982967299495,0.42318534178999295,0.030175749212130572,0.43953765295228714,0.041558303067029304,0.6887161465672028,0.06948706349089169,0.4439439784451071,0.0444792820551038,True
4,ANN,2.98512647755675,2.0963762276141242,4.250658812875355,1.3210501386344916e-09,0.6616530978335863,0.7236617721967532,0.025606579060088987,0.4239610963748895,0.08185888217049193,0.33016208597603947,0.08678526046533776,0.37013386880856763,0.08499647030833174,0.684032634032634,0.032920286896169014,0.4054826986376778,0.043044032434503395,True
5,Ensemble,3.66714439289083,2.584839015644074,5.20262496694007,3.294412962301301e-13,0.6739685387056713,0.7409252984297833,0.015613258495404198,0.47390873015873014,0.041695237747781715,0.35377026074700496,0.038612057876822335,0.40485366934473926,0.03966933455374841,0.7106520144155507,0.023840487450673978,0.4450327184824689,0.014808756830223636,True
