,Model,HR,CI_lower,CI_upper,p,cindex,accuracy_mean,accuracy_std,precision_mean,precision_std,recall_mean,recall_std,f1_mean,f1_std,roc_auc_mean,roc_auc_std,pr_auc_mean,pr_auc_std,Sig
0,SVM,1.8420992079882728,1.5772395065578235,2.1514357698766013,1.2247734186261e-14,0.7435663032979164,0.7159435696409985,0.006618021538256744,0.4188282359014066,0.021596133551842374,0.36116983791402396,0.035190245028178704,0.3875250587089753,0.028284491733691044,0.699434293294137,0.024301744761325805,0.4341425105841381,0.0421794942574094,True
1,RandomForest,1.8380974148133467,1.5608931819369174,2.164531273146437,2.9119786863273684e-13,0.7445149717124327,0.7409252984297833,0.015613258495404198,0.48531311913170816,0.029116191040491898,0.5077519379844961,0.03837013541322351,0.49420226730168254,0.008882003920528281,0.7104395220141715,0.031121370313837673,0.44955969026172804,0.03451421405429829,True
2,XGBoost,1.4205696543197677,1.2258691079653155,1.6461938143817567,3.045384036241848e-06,0.6629984821305368,0.7542909662702367,0.010453687682315005,0.5173611111111112,0.038351947976344655,0.37544045102184637,0.14771463909573457,0.41618766887742575,0.0979945490967542,0.7016999288657374,0.020023380869534695,0.4617000788528632,0.02974409369482001,True
3,LogisticRegression,1.706945872934278,1.4146634512292702,2.059616519106038,2.405079696861893e-08,0.7255761004553608,0.7294199720948775,0.028852548994567597,0.459028259028259,0.058449982967299495,0.42318534178999295,0.030175749212130572,0.43953765295228714,0.041558303067029304,0.688422526346368,0.06978343086991563,0.4446903317588468,0.04472925340347188,True
4,ANN,1.2803207924697027,1.0959375872464179,1.4957250765975179,0.0018416888370825437,0.6240168345522286,0.6812725621774854,0.04197432294503782,0.33246187363834423,0.10533031180433684,0.2836504580690627,0.1006037957564842,0.30582497671105263,0.10269947648647651,0.6310123762857652,0.060401151842959765,0.36412006874639635,0.08690194585390017,True
5,Ensemble,1.3305492734726598,1.1511396201837418,1.537920629346458,0.00011126097437654705,0.7541396439906168,0.7466392044825372,0.0006890505253738895,0.48700649675162416,0.009369481888681988,0.37561663143058494,0.12342490771300578,0.4146537842190016,0.07904453794702017,0.7145816651541842,0.02115108121242717,0.44618122058991644,0.024816006502865105,True
