,Model,HR,CI_lower,CI_upper,p,cindex,accuracy_mean,accuracy_std,precision_mean,precision_std,recall_mean,recall_std,f1_mean,f1_std,roc_auc_mean,roc_auc_std,pr_auc_mean,pr_auc_std,Sig
0,SVM,1.7332137695477834,1.4997610642161563,2.003005707125808,9.269321219835795e-14,0.7355974886159791,0.738976369233495,0.037836810228625305,0.5008295852073963,0.08092035009757634,0.383368569415081,0.11617438215641929,0.41592394533571003,0.048388052457521875,0.6899473455416114,0.021065221443981066,0.4458371657982432,0.014866375051904203,True
1,RandomForest,1.8494401578824085,1.590004815334451,2.1512066281815847,1.5435496150684304e-15,0.7488443493859528,0.7390095896175226,0.020628411093923396,0.6337068776093167,0.26066412402312694,0.2836504580690627,0.16777629890796417,0.3126984126984127,0.15908426111089352,0.7110755715673166,0.015539082012428502,0.46401589927047593,0.020944879101772083,True
2,XGBoost,1.593304646452793,1.3492064043632144,1.8815651098292947,4.016737668602372e-08,0.7040154546708983,0.7581445308174429,0.005286415239704206,0.5698412698412698,0.0706661247287367,0.17494714587737845,0.18163525140415546,0.217691854315234,0.18619745806221816,0.7107702404702226,0.017379990238526818,0.4462038565419326,0.012470606522005755,True
3,LogisticRegression,1.5696500492823489,1.3291643384832048,1.8536468410096552,1.0751123363731839e-07,0.7301987029115496,0.7447899364383318,0.027744707109372112,0.4945748695748697,0.057735321552431204,0.4297040169133193,0.11834209985024888,0.4492753623188406,0.071735470555157,0.6806404732021633,0.03694238003639584,0.4408849194520061,0.05091355268445878,True
4,ANN,1.4549132579366324,1.2469903844405843,1.6975051408029878,1.8852165807188034e-06,0.6783841589623293,0.7313246074457954,0.014419492126776538,0.45809763251623714,0.02987840078975834,0.39252995066948554,0.03505237523733866,0.42119628672600246,0.01949314806450155,0.6486243858514408,0.015952357308459206,0.42877003832526545,0.021440765858773556,True
5,Ensemble,1.7150034242908687,1.49547336381672,1.9667597006360813,1.1761563103385686e-14,0.7473782254726093,0.7735366420835824,0.009206822315450825,0.6024385560675883,0.06087864607267039,0.3070824524312896,0.05685852510073143,0.4004048964218456,0.037436049814686255,0.7095239735706627,0.019052299576789757,0.4577932179433368,0.021205092273247097,True
