,Model,HR,CI_lower,CI_upper,p,cindex,accuracy_mean,accuracy_std,precision_mean,precision_std,recall_mean,recall_std,f1_mean,f1_std,roc_auc_mean,roc_auc_std,pr_auc_mean,pr_auc_std,Sig
0,SVM,1.1674508316426588,0.8728231763537564,1.5615321421652233,0.29679625192710396,0.5291327445839658,0.5561092286226829,0.19094958837568946,0.325187357445422,0.1057921121984281,0.46071176885130377,0.11435099329337581,0.35645661992967387,0.07808846862497507,0.5455649401193516,0.16961833734789042,0.33674580208749516,0.112572500390663,False
1,RandomForest,3.3238786901476938,2.3707931696850775,4.660115309968403,3.2395803244755667e-12,0.6814888919552918,0.763902730715567,0.021637719141896702,0.5374613342093016,0.050101410503251335,0.4150810429880198,0.06343277690297723,0.4656346749226006,0.0516870260178556,0.7178756180797722,0.032177005843104026,0.47071810888700033,0.037569189371223395,True
2,XGBoost,3.2900626469082974,2.3002454846799716,4.705807398677374,6.94141052166712e-11,0.6277597626604112,0.7600602396297035,0.006091833053873898,0.5994623655913979,0.10826360519141005,0.3070824524312896,0.1708592117601951,0.3543068728815973,0.16068843147512604,0.7061651349419856,0.028116695932060034,0.4851125081991035,0.03978475389186852,True
3,LogisticRegression,2.5315240670022563,1.854853339486402,3.4550516557746564,4.820309200716593e-09,0.6460259417690078,0.7197306934201492,0.031605843024568335,0.4498866213151927,0.05900573593574818,0.43058491895701195,0.04158454825068902,0.4344154333203114,0.0033774860943594975,0.6659914808547863,0.026719306025385865,0.4427624933156971,0.043752949728919854,True
4,ANN,2.5804870445431183,1.8816512624250734,3.538866909096038,4.030165306240628e-09,0.6514419759900648,0.7101632228201892,0.033034342007769474,0.4240362811791383,0.055844037895803854,0.39992952783650454,0.00647807481002477,0.4095517385839966,0.02323711234962762,0.6574295992190543,0.022196460893527708,0.3931013237946384,0.006168328783575485,True
5,Ensemble,3.5864915738617404,2.5937927311106823,4.95911707018828,1.1211261940096055e-14,0.6661722091900096,0.7542909662702368,0.027746510262850462,0.5582133628645257,0.12391102319329551,0.3918252290345314,0.09627126912895975,0.43655623168807756,0.04071917323832019,0.7205986554424332,0.03323215803750364,0.4737417229780874,0.04004617136051468,True
