,Model,HR,CI_lower,CI_upper,p,cindex,accuracy_mean,accuracy_std,precision_mean,precision_std,recall_mean,recall_std,f1_mean,f1_std,roc_auc_mean,roc_auc_std,pr_auc_mean,pr_auc_std,Sig
0,SVM,1.7271427725691804,1.495788383837661,1.9942808682499469,9.514602250739584e-14,0.7377018076445425,0.7408920780457556,0.012207043459186544,0.4793650793650794,0.01995207157139132,0.36874559548978153,0.06513482875856066,0.41198895207919856,0.038106040428298675,0.6829422500690031,0.03137989175605934,0.4291214977140374,0.027845310604355453,True
1,RandomForest,1.8422477285398775,1.5676449943416924,2.1649523365049514,1.180284493402703e-13,0.7584517731475093,0.7619980953646491,0.030509630753937676,0.5402116402116403,0.07922297683973284,0.42318534178999295,0.013764640581130796,0.4722087801068011,0.03263483613716312,0.7066140587621149,0.02581534805503506,0.47327507347173037,0.04119682085474212,True
2,XGBoost,1.5310384387875524,1.2614452084098207,1.8582485274964693,1.6308978369061446e-05,0.7303884365944529,0.7657852191438,0.03164680950437094,0.5328947368421052,0.06600840764601937,0.4696969696969697,0.07907812065280809,0.4989513609995538,0.0731911991308427,0.7049377068283512,0.02781550466056089,0.4921649463671991,0.06330560038344286,True
3,LogisticRegression,1.9019032759665098,1.5199087859504496,2.379903389314355,1.9124375233211947e-08,0.7270249758520767,0.7351560250703164,0.028262358720738342,0.4751348815388224,0.04787632905550041,0.3763213530655391,0.05612168778594656,0.41371346357716193,0.014740007203125623,0.6699207177815379,0.029168205461990393,0.4426817262133867,0.04319402601429983,True
4,ANN,1.652293777620281,1.4056652225807866,1.942194118276833,1.139956466803068e-09,0.7298537325789982,0.6775850995504175,0.02808763769489777,0.38296800201562103,0.03509836730952138,0.46952078928823116,0.032730697519502285,0.42154282662690296,0.032944622457664566,0.6708812475766143,0.04049199640295241,0.40843702111410063,0.03108440570884796,True
5,Ensemble,1.9844566009098445,1.682958759675075,2.3399670242989004,3.603026228907919e-16,0.776114254174141,0.754235598963524,0.03366875678097351,0.5244520678482942,0.07053896076862108,0.4545454545454546,0.07030989069055342,0.47930496285759444,0.03832784476688027,0.7126465773412338,0.032386228539143,0.4713052211982884,0.05796806293854448,True
