,Model,HR,CI_lower,CI_upper,p,cindex,accuracy_mean,accuracy_std,precision_mean,precision_std,recall_mean,recall_std,f1_mean,f1_std,roc_auc_mean,roc_auc_std,pr_auc_mean,pr_auc_std,Sig
0,SVM,2.788928553874903,1.9903102185776589,3.9079950482177903,2.5433008311142845e-09,0.6509245204912377,0.7408920780457556,0.012207043459186544,0.4793650793650794,0.01995207157139132,0.36874559548978153,0.06513482875856066,0.41198895207919856,0.038106040428298675,0.6829422500690031,0.03137989175605934,0.4291214977140374,0.027845310604355453,True
1,RandomForest,3.1600436744849505,2.265671678175358,4.407468266847206,1.2193360955572451e-11,0.6719849592935008,0.7619980953646491,0.030509630753937676,0.5402116402116403,0.07922297683973284,0.42318534178999295,0.013764640581130796,0.4722087801068011,0.03263483613716312,0.7066140587621149,0.02581534805503506,0.47327507347173037,0.04119682085474212,True
2,XGBoost,3.8934723346405513,2.8284918430589445,5.3594380545277165,7.614082028247691e-17,0.7148475231130123,0.7657852191438,0.03164680950437094,0.5328947368421052,0.06600840764601937,0.4696969696969697,0.07907812065280809,0.4989513609995538,0.0731911991308427,0.7049377068283512,0.02781550466056089,0.4921649463671991,0.06330560038344286,True
3,LogisticRegression,2.5098560701474333,1.8046338942270468,3.4906678373975906,4.55981105822241e-08,0.6369014764730233,0.7351560250703164,0.028262358720738342,0.4751348815388224,0.04787632905550041,0.3763213530655391,0.05612168778594656,0.41371346357716193,0.014740007203125623,0.6699207177815379,0.029168205461990393,0.4426817262133867,0.04319402601429983,True
4,ANN,2.8449204374282795,2.108759069019889,3.8380734974426702,7.723687094702473e-12,0.6990478818821582,0.7120124908643944,0.029433122767270368,0.43996638781397684,0.037463907758160206,0.5082804792107117,0.05489426450044718,0.46806722689075625,0.02295210131722296,0.678423858820628,0.05071143051515798,0.44385779981399587,0.0374336070528634,True
5,Ensemble,4.118263886541499,2.9384377109135404,5.771807711356628,2.0601054277162285e-16,0.7141230854146543,0.7619427280579364,0.02420067925255476,0.5342695245134269,0.05823873662941505,0.42353770260747003,0.04340764931482591,0.47037639142902304,0.04038479955159207,0.7187147665045766,0.031115417438218836,0.4905079457004053,0.051533809040476795,True
