,Model,HR,CI_lower,CI_upper,p,cindex,accuracy_mean,accuracy_std,precision_mean,precision_std,recall_mean,recall_std,f1_mean,f1_std,roc_auc_mean,roc_auc_std,pr_auc_mean,pr_auc_std,Sig
0,SVM,3.314538519532408,2.374093089607688,4.62752098708965,1.947675670630681e-12,0.666396439906168,0.7218014306912055,0.054335864652641765,0.47987155388471175,0.1195870679939747,0.35394644115574353,0.0670953659026782,0.3885573333790651,0.004567568499725407,0.6848110659090598,0.02801212695136836,0.4185086502979664,0.04235741965186394,True
1,RandomForest,3.596423111501799,2.568783060453913,5.035169919977109,8.992369834822814e-14,0.6954774389402512,0.7485992071401678,0.021759974235289647,0.4954594017094018,0.055792609387394346,0.40785764622973925,0.058957556987189096,0.4464367928156297,0.054075799258185224,0.6763101697994296,0.022120631032485502,0.4576184768941469,0.06435575662931184,True
2,XGBoost,2.8613795600826117,1.9618896343603471,4.173268895183293,4.7658351824279556e-08,0.6552538981647579,0.7600048723229907,0.026592999836700677,0.6211430308557532,0.16150323214606813,0.3375616631430585,0.15655609609653967,0.38625420352995105,0.13203273906489596,0.6501910362553004,0.035272376472704876,0.4603344679973653,0.04677206967832747,True
3,LogisticRegression,2.7320517982624124,2.0360188131066947,3.666030480828242,2.099356850964809e-11,0.6814198978887815,0.7005403849135163,0.013262003739894215,0.41913082437275984,0.01410045249270271,0.5079281183932346,0.05218569580551659,0.45742421829378355,0.014967759737953772,0.6932718946832207,0.017840844002157942,0.4433757368800771,0.006180141227317866,True
4,ANN,2.2662960653056263,1.6900382455284664,3.03904238215256,4.61742597445884e-08,0.6456464744032013,0.6698115296879498,0.038423768392326224,0.38495202224015784,0.05793151872482319,0.5377026074700494,0.0723018296190591,0.44857091360975937,0.06424834777932387,0.661866417800201,0.04588544704791162,0.3821299487038032,0.04072636480824553,True
5,Ensemble,3.656452297585802,2.4721273106384603,5.408153272279331,8.467764811418529e-11,0.6724851662757003,0.7581556042787855,0.0006577300469477989,0.5269041218637992,0.007666463176422124,0.31483439041578576,0.0912529484149391,0.38522097415019374,0.0775684581360619,0.6771786161054756,0.029721373017712,0.45012564687387946,0.032880227587870146,True
