,Model,HR,CI_lower,CI_upper,p,cindex,accuracy_mean,accuracy_std,precision_mean,precision_std,recall_mean,recall_std,f1_mean,f1_std,roc_auc_mean,roc_auc_std,pr_auc_mean,pr_auc_std,Sig
0,SVM,2.7911459079898524,1.9579835319934342,3.9788360588288243,1.3912034411301446e-08,0.6629639850972816,0.7332624631807411,0.03514312952412612,0.47210401891252957,0.06447359409016834,0.37667371388301624,0.024810805838314236,0.4149731546991821,0.017682648543772224,0.7065534560120038,0.010356823615920331,0.45304332914031464,0.03096267021057224,True
1,RandomForest,3.5598194467269524,2.562617376819837,4.945066949097764,3.691138444770086e-14,0.6913205464330068,0.7505702832591412,0.03714530505335179,0.5089126559714795,0.08537561507898786,0.41596194503171247,0.060230513694759846,0.4548843514360756,0.0641342779020291,0.6889545125565008,0.02109298182757399,0.4650551463456667,0.07978712508849142,True
2,XGBoost,3.0839099809375434,2.2769162903978724,4.176921571791433,3.4434679011923753e-13,0.6973747757692839,0.7217017695391226,0.0611820594178272,0.4740240915679512,0.10293813321830209,0.5463354474982381,0.025282962901943866,0.5007884844025989,0.05610187476767542,0.68781140895911,0.02379394822248555,0.4869431495486538,0.05647152984458099,True
3,LogisticRegression,3.3512926429438945,2.3658325506676356,4.747234699886284,9.971943870983271e-12,0.7044639161032151,0.7524638451487166,0.030313757678076862,0.5075396825396825,0.06481508476350221,0.4311134601832276,0.042573732393356406,0.46598197864020646,0.05189524535155117,0.7021497113455218,0.0410139558941825,0.4799226510111863,0.07383399113172603,True
4,ANN,2.767105947410301,2.0286330280945304,3.774401391554522,1.3109135048985124e-10,0.6962708707051194,0.733240316258056,0.01593064341442587,0.47013093289689034,0.02359716997593489,0.5153276955602537,0.005232291192712278,0.4912675606641124,0.010981006934956948,0.6885934099630177,0.01699890236139213,0.4391373050656084,0.002419964861972903,True
5,Ensemble,3.6958333337000306,2.5852497122343916,5.283506643806125,7.556111252964735e-13,0.6726748999586035,0.7543684804996346,0.020628030654960754,0.5187715665976536,0.07166160231955784,0.3456659619450317,0.045842128811846,0.4120343367785712,0.04154053278837521,0.6965484468191728,0.024263173954244405,0.4651585780931398,0.049616671163485136,True
