,Model,HR,CI_lower,CI_upper,p,cindex,accuracy_mean,accuracy_std,precision_mean,precision_std,recall_mean,recall_std,f1_mean,f1_std,roc_auc_mean,roc_auc_std,pr_auc_mean,pr_auc_std,Sig
0,SVM,1.744975135128187,1.5126500956014697,2.0129825338125444,2.218822441453364e-14,0.7388574582585897,0.7332624631807411,0.03514312952412612,0.47210401891252957,0.06447359409016834,0.37667371388301624,0.024810805838314236,0.4149731546991821,0.017682648543772224,0.7065534560120038,0.010356823615920331,0.45304332914031464,0.03096267021057224,True
1,RandomForest,1.8975197142936897,1.6211334755957845,2.2210269051473093,1.523063480412147e-15,0.7506209465985926,0.7505702832591412,0.03714530505335179,0.5089126559714795,0.08537561507898786,0.41596194503171247,0.060230513694759846,0.4548843514360756,0.0641342779020291,0.6889545125565008,0.02109298182757399,0.4650551463456667,0.07978712508849142,True
2,XGBoost,1.165726974019375,0.9934790444766296,1.3678389952072467,0.06014002671313567,0.5734786808334483,0.7217017695391226,0.0611820594178272,0.4740240915679512,0.10293813321830209,0.5463354474982381,0.025282962901943866,0.5007884844025989,0.05610187476767542,0.68781140895911,0.02379394822248555,0.4869431495486538,0.05647152984458099,False
3,LogisticRegression,1.9535730104541242,1.57110850361185,2.429143180373022,1.7011540006056952e-09,0.7378915413274458,0.7524638451487166,0.030313757678076862,0.5075396825396825,0.06481508476350221,0.4311134601832276,0.042573732393356406,0.46598197864020646,0.05189524535155117,0.7021497113455218,0.0410139558941825,0.4799226510111863,0.07383399113172603,True
4,ANN,1.549546569180233,1.308172314061744,1.835457412030891,3.99294748484266e-07,0.7122602456188768,0.733240316258056,0.01593064341442587,0.47013093289689034,0.02359716997593489,0.5153276955602537,0.005232291192712278,0.4912675606641124,0.010981006934956948,0.6885934099630177,0.01699890236139213,0.4391373050656084,0.002419964861972903,True
5,Ensemble,1.8103938771508483,1.5383814383577856,2.1305028185493597,8.99047605770763e-13,0.7458258589761281,0.7543684804996346,0.020628030654960754,0.5187715665976536,0.07166160231955784,0.3456659619450317,0.045842128811846,0.4120343367785712,0.04154053278837521,0.6965484468191728,0.024263173954244405,0.4651585780931398,0.049616671163485136,True
