,Model,HR,CI_lower,CI_upper,p,cindex,accuracy_mean,accuracy_std,precision_mean,precision_std,recall_mean,recall_std,f1_mean,f1_std,roc_auc_mean,roc_auc_std,pr_auc_mean,pr_auc_std,Sig
0,SVM,1.9140495248489164,1.6523223969160628,2.217234112672063,4.9809718493107334e-18,0.7491720712018767,0.7218014306912055,0.054335864652641765,0.47987155388471175,0.1195870679939747,0.35394644115574353,0.0670953659026782,0.3885573333790651,0.004567568499725407,0.6848110659090598,0.02801212695136836,0.4185086502979664,0.04235741965186394,True
1,RandomForest,1.815268681862235,1.5331897734188806,2.1492449561555866,4.530603055277852e-12,0.7307506554436318,0.7485992071401678,0.021759974235289647,0.4954594017094018,0.055792609387394346,0.40785764622973925,0.058957556987189096,0.4464367928156297,0.054075799258185224,0.6763101697994296,0.022120631032485502,0.4576184768941469,0.06435575662931184,True
2,XGBoost,1.1794690324995014,1.0222785063552875,1.3608299401550992,0.023703690144026394,0.6286049399751621,0.7600048723229907,0.026592999836700677,0.6211430308557532,0.16150323214606813,0.3375616631430585,0.15655609609653967,0.38625420352995105,0.13203273906489596,0.6501910362553004,0.035272376472704876,0.4603344679973653,0.04677206967832747,True
3,LogisticRegression,1.1523296815838202,1.03327674004169,1.2850997642756312,0.010824620246131445,0.7296467503794674,0.7005403849135163,0.013262003739894215,0.41913082437275984,0.01410045249270271,0.5079281183932346,0.05218569580551659,0.45742421829378355,0.014967759737953772,0.6932718946832207,0.017840844002157942,0.4433757368800771,0.006180141227317866,True
4,ANN,1.553901119250598,1.3408023966296234,1.800868416164728,4.716709066484446e-09,0.6986339174830964,0.6928886231258167,0.01451943197857963,0.4093361099959855,0.012161308476800598,0.5147991543340381,0.05464887955395332,0.4544753086419753,0.01930554938764938,0.6750716101461708,0.01734067027392635,0.3797871482165382,0.006323785577093413,True
5,Ensemble,1.8442901591287009,1.5302684842847318,2.2227512531232922,1.2980144829521426e-10,0.7426176348834,0.7562066750824973,0.01154159630001299,0.5340056022408963,0.04508491901638711,0.29210711768851305,0.07815899874226429,0.3673610904732187,0.06140753633340497,0.6697848116142099,0.02118489501027953,0.43701539293831954,0.03231471904568413,True
