,Model,HR,CI_lower,CI_upper,p,cindex,accuracy_mean,accuracy_std,precision_mean,precision_std,recall_mean,recall_std,f1_mean,f1_std,roc_auc_mean,roc_auc_std,pr_auc_mean,pr_auc_std,Sig
0,SVM,2.7911459079898524,1.9579835319934342,3.9788360588288243,1.3912034411301446e-08,0.6629639850972816,0.7332624631807411,0.03514312952412612,0.47210401891252957,0.06447359409016834,0.37667371388301624,0.024810805838314236,0.4149731546991821,0.017682648543772224,0.7066718062102405,0.010523156273992886,0.4528334735720367,0.030927975013677302,True
1,RandomForest,3.372258262442016,2.4756146228783162,4.5936575440754375,1.2779775565887327e-14,0.6992376155650614,0.7390538834628928,0.03336842746551586,0.47735497363156937,0.07063958942618757,0.46141649048625794,0.06739816019300243,0.46866641048245516,0.06713116046151069,0.6814982328163581,0.029227178725103543,0.4667835393526274,0.07871681889104656,True
2,XGBoost,2.7904338018051633,2.08298327843928,3.73815809414036,6.039339870770832e-12,0.6766075617496895,0.6891125728080083,0.06182913721956481,0.42660256410256414,0.06726341645081985,0.5769908386187456,0.03848402838711763,0.485049936725571,0.03792703399603759,0.6834733879647779,0.019422986867196297,0.470839603542311,0.04228065744497275,True
3,LogisticRegression,3.3512926429438945,2.3658325506676356,4.747234699886284,9.971943870983271e-12,0.7044639161032151,0.7524638451487166,0.030313757678076862,0.5075396825396825,0.06481508476350221,0.4311134601832276,0.042573732393356406,0.46598197864020646,0.05189524535155117,0.7020905362464035,0.04094282790129573,0.47955042522538854,0.07387186279121892,True
4,ANN,3.017799490545141,2.1225626091654126,4.290621970729717,7.661771988709274e-10,0.6877156064578446,0.7524416982260315,0.021045893303695558,0.5026979212737727,0.046233234835287275,0.41596194503171247,0.060230513694759846,0.4548907882241216,0.05486745232917106,0.6955195966823874,0.01992346628681334,0.4687100891588695,0.04347632615202922,True
5,Ensemble,3.5229128519857613,2.5109522154549855,4.942712524076285,3.1285513261228807e-13,0.6782806678625638,0.7581888246628131,0.011816031867621665,0.5241674034777483,0.039270855606708656,0.3763213530655391,0.056121687785946554,0.4351997361426381,0.03798408521253643,0.6886810656649108,0.026355246607614544,0.4660109209879037,0.04892683024125988,True
