,Model,HR,CI_lower,CI_upper,p,cindex,accuracy_mean,accuracy_std,precision_mean,precision_std,recall_mean,recall_std,f1_mean,f1_std,roc_auc_mean,roc_auc_std,pr_auc_mean,pr_auc_std,Sig
0,SVM,1.9391775782874687,1.670450644039026,2.2511348620516314,3.2740507283545815e-18,0.7527770111770388,0.7313799747525082,0.04772670574074671,0.4766397124887691,0.08848700774468686,0.4083861874559549,0.06448684309101835,0.432514245014245,0.05685583414150504,0.6933465463467239,0.03228582919586315,0.42613571886987517,0.050578760342603564,True
1,RandomForest,1.8454076731344022,1.5544099639869966,2.1908824306094177,2.5981200310278362e-12,0.7226438526286739,0.7486102806015104,0.018944171375123792,0.4925855646918265,0.04519535830745791,0.3851303735024665,0.06068999546986577,0.4317489542805999,0.05548536532082962,0.6891539181571136,0.00604605225110931,0.4728066893545848,0.05606148572287643,True
2,XGBoost,1.2782084478215376,1.1183486862283591,1.4609189926197403,0.0003172182006270416,0.6247412722505864,0.7313578278298231,0.042182949519347375,0.4718278315839291,0.07585379049523171,0.461768851303735,0.03549324760113283,0.46431510875955323,0.05065983854669935,0.6924390775802104,0.027047144274120728,0.4892466727033442,0.0691661935666594,True
3,LogisticRegression,1.1333478322896398,1.0146571378846643,1.2659225082016143,0.026571054970409336,0.7357527252656272,0.6986689699466261,0.00658497696425648,0.4101673652969433,0.01628154820687598,0.485200845665962,0.07176232693453824,0.4432773712153824,0.03926595506316301,0.7004342231530231,0.01020941288917413,0.46064327344730466,0.02895668810216209,True
4,ANN,1.8717446448245005,1.6065278254612165,2.1807453066823785,8.904187081141967e-16,0.7409272802538982,0.727426749053219,0.0139456254716789,0.45997610513739545,0.0171477898380016,0.48484848484848486,0.12527009359957308,0.4627256469953099,0.0530647769362064,0.6850184373884002,0.007848858505540823,0.4354649288192074,0.020980654725481534,True
5,Ensemble,2.112900605727153,1.8083705273694135,2.46871363037327,4.486820161079327e-21,0.7568304125845178,0.735167098531659,0.03218683218476206,0.47967905110762254,0.06583755188851075,0.4083861874559549,0.06448684309101835,0.4336161187698833,0.03868547794220409,0.7008046158232558,0.022524762082004313,0.46263634620277566,0.04006837624083857,True
