,Model,HR,CI_lower,CI_upper,p,cindex,accuracy_mean,accuracy_std,precision_mean,precision_std,recall_mean,recall_std,f1_mean,f1_std,roc_auc_mean,roc_auc_std,pr_auc_mean,pr_auc_std,Sig
0,SVM,1.9395003603959646,1.6718204368072394,2.250039277639119,2.2899682292807365e-18,0.752449289361115,0.7486213540628529,0.02531551657856901,0.49747474747474757,0.06497313298115459,0.37720225510923183,0.045834680147248424,0.4283840802828145,0.051712155378480715,0.6880433401736438,0.03048518095690861,0.43015786133283607,0.05240598843836741,True
1,RandomForest,1.845334155202469,1.5508628645389557,2.1957184108403633,4.946522676229922e-12,0.7335794121705533,0.7505370628751136,0.02534733926328342,0.4997774244833068,0.06519380005144558,0.36980267794221283,0.08473856428503608,0.4218159859464207,0.07316010863067056,0.6846950847838476,0.015084797909663113,0.46288417830728856,0.062047530527855596,True
2,XGBoost,1.2314146217733968,1.071265733879591,1.41550497020542,0.003407075317714223,0.6411963571132883,0.7371603215733175,0.051229860683947866,0.5100634249471458,0.1322740109209272,0.4149048625792812,0.05249880567373792,0.443797952140555,0.04101903195700002,0.6667372733190238,0.04196910847125093,0.47073457517221856,0.049608648809799226,True
3,LogisticRegression,1.1113861584588745,1.002668287661448,1.2318921505883247,0.04435730769919175,0.7483786394370084,0.7082475140079287,0.016564336263037594,0.42824326901406007,0.028393599260005575,0.485200845665962,0.07176232693453824,0.45143878653438274,0.031018741375849417,0.6987723132539393,0.011407619663448249,0.4591127055594148,0.026951497850762927,True
4,ANN,1.597643308007063,1.363586187934411,1.8718759123589224,6.7537554616558445e-09,0.6833517317510694,0.7140610812127655,0.02053047207331702,0.4112347641759406,0.04867969632714324,0.3308668076109937,0.02986140991929289,0.3665195915195915,0.03736381482409379,0.6729898984381498,0.005441082577904451,0.4231321343936292,0.02282788394017044,True
5,Ensemble,1.9597369957686877,1.6796421560673984,2.286540069687541,1.2293922237197254e-17,0.744342486546157,0.7447677895156469,0.017144829604355854,0.48587962962962966,0.05134612000707086,0.3306906272022551,0.020316588181995603,0.3931575514127785,0.029581138822801424,0.6891543216236985,0.01983611607132668,0.4433144920763272,0.042453055192325395,True
