,Model,HR,CI_lower,CI_upper,p,cindex,accuracy_mean,accuracy_std,precision_mean,precision_std,recall_mean,recall_std,f1_mean,f1_std,roc_auc_mean,roc_auc_std,pr_auc_mean,pr_auc_std,Sig
0,SVM,3.846702501818984,2.7574293545722397,5.366273523187292,2.16720217899571e-15,0.7008244790947978,0.7313799747525082,0.04772670574074671,0.4766397124887691,0.08848700774468686,0.4083861874559549,0.06448684309101835,0.432514245014245,0.05685583414150504,0.6933465463467239,0.03228582919586315,0.42613571886987517,0.050578760342603564,True
1,RandomForest,3.665450932085754,2.5985500275065956,5.170395179353236,1.3525008700051978e-13,0.6838691872498965,0.7486102806015104,0.018944171375123792,0.4925855646918265,0.04519535830745791,0.3851303735024665,0.06068999546986577,0.4317489542805999,0.05548536532082962,0.6891539181571136,0.00604605225110931,0.4728066893545848,0.05606148572287643,True
2,XGBoost,3.4498387880507004,2.5194183201827354,4.72386326962801,1.1435571529319355e-14,0.7113633227542432,0.7313578278298231,0.042182949519347375,0.4718278315839291,0.07585379049523171,0.461768851303735,0.03549324760113283,0.46431510875955323,0.05065983854669935,0.6924390775802104,0.027047144274120728,0.4892466727033442,0.0691661935666594,True
3,LogisticRegression,2.598542464778589,1.930115314486274,3.4984557091371675,3.0927901150512965e-10,0.6753484200358769,0.6986689699466261,0.00658497696425648,0.4101673652969433,0.01628154820687598,0.485200845665962,0.07176232693453824,0.4432773712153824,0.03926595506316301,0.7004342231530231,0.01020941288917413,0.46064327344730466,0.02895668810216209,True
4,ANN,2.04705493050734,1.5259120109607383,2.7461831733508983,1.7615420381151772e-06,0.6385228370360149,0.660310499856045,0.08124439735561141,0.40169902912621364,0.07188592141496185,0.5167371388301621,0.1962989748924054,0.4222544085557784,0.031017610585445176,0.6510365677283838,0.036459884657048594,0.37795821276855995,0.04290904810851085,True
5,Ensemble,3.2746672764417255,2.356225544838354,4.551111753664456,1.6252764569952115e-12,0.681161170139368,0.7294199720948774,0.036289140206529,0.468456510809452,0.06788014638797864,0.4008104298801973,0.0751003995017927,0.42295726380020504,0.04720310240529728,0.6900616352107565,0.029852265222935794,0.45087881417447884,0.04437934699044702,True
