,Model,HR,CI_lower,CI_upper,p,cindex,accuracy_mean,accuracy_std,precision_mean,precision_std,recall_mean,recall_std,f1_mean,f1_std,roc_auc_mean,roc_auc_std,pr_auc_mean,pr_auc_std,Sig
0,SVM,1.8677516182698,1.6038307627100175,2.1751023790408475,9.15765869173205e-16,0.7293535255967987,0.737049586959892,0.02354801691923688,0.4723790322580645,0.06063310442663051,0.36909795630725867,0.015465790237741178,0.4129585006693441,0.029153073664613432,0.6619633842694378,0.034726600598916045,0.44806098055532745,0.03714302165729486,True
1,RandomForest,1.8515809864338482,1.5483995913699602,2.2141262297092683,1.456135522729346e-11,0.7426521319166551,0.7505149159524285,0.013745480026375635,0.4966329966329966,0.04130587254675184,0.3689217758985201,0.0636535696292795,0.42218045112781954,0.05691734289486415,0.6638173546082299,0.020061488478353432,0.46864551082422023,0.05757859933253286,True
2,XGBoost,1.1918810790630114,1.0265447524416906,1.383846640148404,0.02123322249187007,0.6207741134262453,0.760071313091046,0.007320772409375321,0.5270061728395062,0.026211863813986158,0.29140239605355883,0.11266843893458703,0.36395534290271137,0.10737715803771997,0.6417274763227185,0.035006932410920864,0.4203099286303856,0.031103270138012888,True
3,LogisticRegression,1.708338278200018,1.4462109534019276,2.0179764687152955,2.955191394790984e-10,0.7384089968262729,0.7389431488494673,0.013928715395653381,0.4790744978387999,0.038548339608648,0.4157857646229739,0.05293393081948955,0.441365210403912,0.022210128777009074,0.6724150413170474,0.032364880432154436,0.45356755823741235,0.042809269179544716,True
4,ANN,1.612613893298249,1.386621550989943,1.875438591735401,5.536361594020299e-10,0.7050158686352974,0.7198414280335746,0.03861980098418132,0.45345849802371535,0.06631816467039538,0.39200140944326994,0.08100352932226633,0.40806019377447944,0.03622989995079592,0.6663512695955444,0.013590789631568845,0.41733431580004865,0.011854081803406663,True
5,Ensemble,1.7280589785206038,1.4839651363693376,2.012303227386909,1.9188990878301142e-12,0.7185732027045674,0.7524195513033464,0.015943992485026263,0.5016017316017316,0.06616211499447659,0.29210711768851305,0.05987438766904736,0.36841846321331934,0.06505687442217066,0.6614992632079442,0.028817728278044047,0.4393770155662758,0.03688475371982795,True
