,Model,HR,CI_lower,CI_upper,p,cindex,accuracy_mean,accuracy_std,precision_mean,precision_std,recall_mean,recall_std,f1_mean,f1_std,roc_auc_mean,roc_auc_std,pr_auc_mean,pr_auc_std,FDR,Sig
0,SVM,5.763441431180807,3.5273181335267907,9.417142393515602,2.7140997349172204e-12,0.6977943390545016,0.8421052631578947,0.01263302280391394,0.5771929824561403,0.05608549951980974,0.42258064516129035,0.1172881223399861,0.4817213114754098,0.08784874066386393,0.7946314635058629,0.010854930759174472,0.4752473301641788,0.056728044329239564,1.6284598409503322e-11,True
1,RandomForest,4.79806150593354,2.9574024391700213,7.784329217359427,2.1281324493038393e-10,0.6620182174043963,0.8440545808966862,0.012016401565241693,0.6153271848924023,0.08809165363567512,0.3913978494623656,0.027031838903175343,0.47388569866010394,0.015713161496919485,0.7923151507228378,0.02767825028792661,0.5132055294633636,0.09325626594276328,3.1921986739557593e-10,True
2,XGBoost,3.6311694867587407,2.3473969023386756,5.617027026163037,6.885966250786342e-09,0.6607008431195424,0.8167641325536062,0.026297734041387983,0.5310245310245311,0.13017440705736116,0.42437275985663075,0.07231976656712023,0.4525462962962963,0.011457748769226476,0.7691952370058067,0.05380764026854626,0.4711029777780577,0.10569317720857792,8.26315950094361e-09,True
3,LogisticRegression,3.950408841151707,2.6241492761161855,5.94696732929252,4.627306797235083e-11,0.7030638361939175,0.7933723196881092,0.012016401565241645,0.4355223570909845,0.026257580601615583,0.5200716845878136,0.12689488217177422,0.467757534862798,0.059356109358150416,0.7416135568846619,0.01161205892255215,0.4122444473487981,0.021311980300930906,1.388192039170525e-10,True
4,ANN,3.194907758501899,2.081837862723548,4.9030886449446305,1.0643887313672366e-07,0.6507264378199338,0.8011695906432749,0.017215908121496752,0.4466666666666667,0.0410960933531265,0.4125448028673835,0.035011885767743986,0.4267942583732058,0.022990123128956205,0.7453090898526725,0.02051464643729495,0.41817185061743406,0.039981762720434806,1.0643887313672366e-07,True
5,Ensemble (Mean),4.5826766246555675,2.893402357294227,7.258211079154444,8.68420936254504e-11,0.6860885275519422,0.8167641325536062,0.012016401565241645,0.4928774928774929,0.054318165142272425,0.42329749103942654,0.11270791549570856,0.4461112803330287,0.06479168574214189,0.7742029901261199,0.021850359932517455,0.47698543054605497,0.05706780952720001,1.736841872509008e-10,True
