,Model,HR,CI_lower,CI_upper,p,cindex,accuracy_mean,accuracy_std,precision_mean,precision_std,recall_mean,recall_std,f1_mean,f1_std,roc_auc_mean,roc_auc_std,pr_auc_mean,pr_auc_std,Sig
0,SVM,3.097794964132351,2.1904043647310854,4.381078578147322,1.6183251090532575e-10,0.6512004967572789,0.7581888246628131,0.013552043836157051,0.5375180375180375,0.04716871321408705,0.34672304439746293,0.08458421240054667,0.4114081996434938,0.044401846636549766,0.7108537373627023,0.02438456083852051,0.48378860438992954,0.01752654199769369,True
1,RandomForest,3.9490429329061927,2.909645973214934,5.359737998882778,1.2148799025911252e-18,0.7027908099903408,0.7619648749806215,0.0261407390883186,0.5370223761614162,0.06810332926307894,0.4846723044397463,0.03833533476437508,0.5048058923354152,0.01605874838828998,0.72270498895743,0.033215274465794774,0.5066183589055981,0.05609359271729488,True
2,XGBoost,3.1916719552027875,2.281012546130054,4.4658982200298585,1.2769822937320027e-11,0.6310369808196495,0.7543131131929218,0.0031012414203330538,0.5104166666666666,0.01473139127471974,0.33809020436927417,0.22101718169473986,0.35670307087783515,0.19555145577809457,0.7136464296103919,0.02919202627774367,0.4728185553218133,0.03789002355127822,True
3,LogisticRegression,3.4768801458209833,2.48901433152287,4.856820386810643,2.7301486681729734e-13,0.6821960811370222,0.7524416982260315,0.02820006895868011,0.5142825011246064,0.06842137056689995,0.39252995066948554,0.0695285665083613,0.440116490717146,0.052203807287394204,0.6889265388732814,0.030084832241378114,0.46942053354373486,0.06610241960638065,True
4,ANN,3.058335435229018,2.1867262164989314,4.277360176050206,6.525015215289546e-11,0.6729681247412722,0.7350785108409187,0.017672710048687045,0.4661683713611329,0.03703033604743435,0.38495419309372797,0.03255955047295298,0.42015270243118347,0.02520812347616042,0.6724076030484692,0.006565074605537956,0.46188598339941356,0.019828555437704527,True
5,Ensemble,3.6555316580169412,2.6476723324507216,5.0470413347542875,3.3719911918617985e-15,0.6770387746653788,0.7600270192456758,0.021762881798053493,0.5401622187336473,0.05968589383431089,0.4159619450317124,0.0850486174541543,0.46014492753623193,0.034117021477839446,0.7188629421942044,0.03334009441105057,0.4978965977228606,0.0470727474077148,True
