,Model,HR,CI_lower,CI_upper,p,cindex,accuracy_mean,accuracy_std,precision_mean,precision_std,recall_mean,recall_std,f1_mean,f1_std,roc_auc_mean,roc_auc_std,pr_auc_mean,pr_auc_std,Sig
0,SVM,2.8613726464046008,2.0144096294453493,4.064443150942847,4.336431748982303e-09,0.6264143783634607,0.7447677895156469,0.01838435381521117,0.49187729832891125,0.06228246521545406,0.3150105708245243,0.03567033329060963,0.3806452556452557,0.026525124173978367,0.6969004662418475,0.02379811509426965,0.4619110099658316,0.016305086057920352,True
1,RandomForest,3.6238765416007315,2.68079550345201,4.898725461100494,5.670855699693588e-17,0.7253173727059473,0.7504706221070582,0.005793780586913899,0.5017569310122502,0.016447467788633388,0.5466878083157153,0.062060033503646035,0.5207105064247921,0.021907103947925007,0.7200288364809935,0.03763468735836287,0.5123534545207105,0.061527805037925376,True
2,XGBoost,3.824371832846628,2.79330458782058,5.236027599583108,5.84162224813312e-17,0.7179177590727197,0.7620202422873342,0.027290989739033787,0.5276875901875903,0.0533003316923257,0.4772727272727273,0.07382316524050563,0.49885770293147996,0.05585179828229045,0.7203308984642199,0.03476973556612061,0.4996240456983039,0.05581982253687947,True
3,LogisticRegression,3.159171129289575,2.306891433013382,4.326325062944077,7.455533978501871e-13,0.6769525320822409,0.7332070958740283,0.016436023503417385,0.4619047619047619,0.029354352395090377,0.4154334038054968,0.03824048430621216,0.43692959075419147,0.03200048322789387,0.6900245576661342,0.035559529776539284,0.44477895953556734,0.056509905686046066,True
4,ANN,2.4700776436602183,1.8076776674777393,3.375205477989428,1.3733520754682953e-08,0.6340899682627295,0.6929329169711869,0.05317210938896045,0.4002050777244576,0.07841641794855143,0.39252995066948554,0.02252905900372908,0.39367756643504154,0.04800204991268342,0.6410837402138663,0.05762796608130007,0.41696182240135693,0.09281079943457575,True
5,Ensemble,3.26117503220571,2.4322073860839106,4.37267917675627,2.798876887813046e-15,0.7069132054643301,0.7178371315305738,0.026259970546455003,0.4479236812570146,0.03867447934755898,0.5542635658914729,0.04281147681080332,0.49538131041890443,0.04036077205981021,0.7192420042233639,0.03981390962584652,0.5016209458340324,0.05028491244984308,True
