,Model,HR,CI_lower,CI_upper,p,cindex,accuracy_mean,accuracy_std,precision_mean,precision_std,recall_mean,recall_std,f1_mean,f1_std,roc_auc_mean,roc_auc_std,pr_auc_mean,pr_auc_std,Sig
0,SVM,1.4493492482667731,1.2609218411636596,1.665934536840824,1.763490289503119e-07,0.6411791085966607,0.5580138639736009,0.1948059055818665,0.3190220632081097,0.11761838953516708,0.43058491895701195,0.016942657195449323,0.3534237726098191,0.09081276699701316,0.5413162404197377,0.1660023616757169,0.3286281949180494,0.09545525416138237,True
1,RandomForest,1.8557692400458865,1.5909890416745494,2.1646154574865784,3.489863670345517e-15,0.7527942596936663,0.7466613514052223,0.020201836051487204,0.497025872025872,0.04472631056956255,0.3768498942917547,0.05736072645931826,0.424232751903135,0.036963016027024176,0.7018439664365458,0.008665561422829794,0.4566877897053163,0.03822833068156975,True
2,XGBoost,1.3817308287070214,1.1845310575771522,1.6117602580251815,3.865257636188895e-05,0.6504070649924106,0.7236285518127256,0.015907380848496626,0.44922331776509256,0.03251009345605257,0.4763918252290345,0.048834717798648085,0.4617471574918383,0.036698273864731415,0.679715872623737,0.027808438955600426,0.4457609380819823,0.016767206534204864,True
3,LogisticRegression,1.1194762448767808,0.9922832488857773,1.2629731120127758,0.06664291358933458,0.7442389954463916,0.7485549132947976,0.025889586847963553,0.5022830129045708,0.05879454660052431,0.42318534178999295,0.013764640581130796,0.45781017746584457,0.026005842489636083,0.6932780294443707,0.030091201956576642,0.4603707246920239,0.06265955710300578,False
4,ANN,1.5361102272058331,1.313198021198433,1.7968612441046314,8.051100814731921e-08,0.6788326203946461,0.6891457931920361,0.07723368177641304,0.4156655745661934,0.09458385171805737,0.4617688513037351,0.03549324760113283,0.43349014038669215,0.0680339520611557,0.6371182740568503,0.1088664838243113,0.37236233276871217,0.0996340090649659,True
5,Ensemble,1.743121996358817,1.5310557950151726,1.984561440597164,4.6262458862125355e-17,0.7480681661377122,0.7485438398334551,0.02424838236225295,0.5187734487734488,0.07125432709662609,0.4378083157152924,0.0968219949778291,0.45945677427243825,0.03771932124237195,0.6975465610784268,0.009520900975813625,0.4426381921333429,0.021188263315606807,True
