,Model,HR,CI_lower,CI_upper,p,cindex,accuracy_mean,accuracy_std,precision_mean,precision_std,recall_mean,recall_std,f1_mean,f1_std,roc_auc_mean,roc_auc_std,pr_auc_mean,pr_auc_std,Sig
0,SVM,1.4493492482667731,1.2609218411636596,1.665934536840824,1.763490289503119e-07,0.6411791085966607,0.5580138639736009,0.1948059055818665,0.3190220632081097,0.11761838953516708,0.43058491895701195,0.016942657195449323,0.3534237726098191,0.09081276699701316,0.5413162404197377,0.1660023616757169,0.3286281949180494,0.09545525416138237,True
1,RandomForest,1.8557692400458865,1.5909890416745494,2.1646154574865784,3.489863670345517e-15,0.7527942596936663,0.7466613514052223,0.020201836051487204,0.497025872025872,0.04472631056956255,0.3768498942917547,0.05736072645931826,0.424232751903135,0.036963016027024176,0.7018439664365458,0.008665561422829794,0.4566877897053163,0.03822833068156975,True
2,XGBoost,1.3817308287070214,1.1845310575771522,1.6117602580251815,3.865257636188895e-05,0.6504070649924106,0.7236285518127256,0.015907380848496626,0.44922331776509256,0.03251009345605257,0.4763918252290345,0.048834717798648085,0.4617471574918383,0.036698273864731415,0.679715872623737,0.027808438955600426,0.4457609380819823,0.016767206534204864,True
3,LogisticRegression,1.1194762448767808,0.9922832488857773,1.2629731120127758,0.06664291358933458,0.7442389954463916,0.7485549132947976,0.025889586847963553,0.5022830129045708,0.05879454660052431,0.42318534178999295,0.013764640581130796,0.45781017746584457,0.026005842489636083,0.6932780294443707,0.030091201956576642,0.4603707246920239,0.06265955710300578,False
4,ANN,1.646573641353986,1.4030574486823228,1.9323547720358454,1.0133908459018036e-09,0.7162619014764731,0.725621774854384,0.03492579889110388,0.45575524176294396,0.06876194727458192,0.4466173361522199,0.04365080735656083,0.449542015133413,0.05029867001661166,0.6565216442235793,0.040396656299693995,0.4232439374201082,0.03833317342613062,True
5,Ensemble,1.7199727049391784,1.5068211938034455,1.9632761457705412,9.459387597236247e-16,0.7456878708431075,0.7600934600137311,0.013244017163448238,0.5304946026048888,0.032101696241204264,0.4150810429880197,0.08091726621230345,0.4589075837282437,0.04897912832798772,0.6927950695969513,0.018493447380013107,0.45584836843285226,0.01838440011545784,True
