,Model,HR,CI_lower,CI_upper,p,cindex,accuracy_mean,accuracy_std,precision_mean,precision_std,recall_mean,recall_std,f1_mean,f1_std,roc_auc_mean,roc_auc_std,pr_auc_mean,pr_auc_std,Sig
0,SVM,0.9893107310814651,0.7249042419351139,1.3501586361534208,0.945996891869323,0.48223402787360287,0.5790866609084668,0.20931568702168876,0.34163292847503374,0.1333101448471804,0.3317477096546864,0.09192802677926842,0.3004372427983539,0.07074065582973331,0.5549832054447712,0.1755446976935686,0.35709994305065074,0.11581125680352193,False
1,RandomForest,3.5779747433031925,2.621276672870006,4.883842822169126,9.711983541341392e-16,0.6908203394508072,0.7504927690297434,0.02394066464439861,0.5063818511878587,0.04600714845434643,0.4536645525017618,0.016693500471986856,0.4766816516816517,0.01310495405717699,0.7069777994063454,0.02330630313269965,0.45385508077200337,0.04542542884392372,True
2,XGBoost,2.4297541354060765,1.8281255810809869,3.229376154253045,9.58660611437165e-10,0.6809024423899545,0.6642747990166766,0.11228172663414372,0.42591743119266057,0.08768689884177716,0.5470401691331924,0.15590144540689652,0.4519090937219592,0.014262087657899757,0.6947392405807106,0.015619715576328259,0.44591383979830174,0.028434449558059235,True
3,LogisticRegression,3.0259316911997294,2.23010803109728,4.105748453496084,1.1506134221640545e-12,0.6670173865047606,0.7350785108409186,0.028996483872197835,0.48301648430018135,0.06251703041140318,0.45419309372797745,0.09120497489253629,0.45807787903893954,0.031651390625404514,0.6843662077906707,0.02520582436985708,0.4570165685260492,0.059998043353775427,True
4,ANN,2.3296034154002028,1.7085094436210984,3.1764835092406227,9.013155790663074e-08,0.6177901200496757,0.7043828759993799,0.014985335190950523,0.40290850761175506,0.0314939541390296,0.3768498942917548,0.03856781902670304,0.3882113821138211,0.027672150284743922,0.6466272986732777,0.016138633293024663,0.40336557412568275,0.03611847720593589,True
5,Ensemble,3.7079163294732878,2.6402041267589085,5.207416868654157,3.941039212676564e-14,0.6585828618738788,0.763902730715567,0.008475691257906585,0.5402969790066564,0.023106694973755983,0.36927413671599724,0.003986507575399838,0.4385230300723259,0.008613405785294825,0.7025161003857967,0.010735751945312521,0.4351529242267346,0.008417621338530346,True
