,Model,HR,CI_lower,CI_upper,p,cindex,accuracy_mean,accuracy_std,precision_mean,precision_std,recall_mean,recall_std,f1_mean,f1_std,roc_auc_mean,roc_auc_std,pr_auc_mean,pr_auc_std,Sig
0,SVM,1.599619215491526,1.377604729355461,1.8574135091470694,7.182635415554285e-10,0.6395749965502967,0.5790866609084668,0.20931568702168876,0.34163292847503374,0.1333101448471804,0.3317477096546864,0.09192802677926842,0.3004372427983539,0.07074065582973331,0.5549832054447712,0.1755446976935686,0.35709994305065074,0.11581125680352193,True
1,RandomForest,1.9044915233564337,1.6378737395240788,2.2145101145528114,5.663106305088497e-17,0.7596246722781841,0.7504927690297434,0.02394066464439861,0.5063818511878587,0.04600714845434643,0.4536645525017618,0.016693500471986856,0.4766816516816517,0.01310495405717699,0.7069777994063454,0.02330630313269965,0.45385508077200337,0.04542542884392372,True
2,XGBoost,1.578717123345525,1.375334687159104,1.812175449957255,8.636317812246972e-11,0.7167793569753002,0.6642747990166766,0.11228172663414372,0.42591743119266057,0.08768689884177716,0.5470401691331924,0.15590144540689652,0.4519090937219592,0.014262087657899757,0.6947392405807106,0.015619715576328259,0.44591383979830174,0.028434449558059235,True
3,LogisticRegression,1.0938752498351434,0.9741267990620146,1.2283442600635424,0.12931166482951492,0.7426521319166551,0.7350785108409186,0.028996483872197835,0.48301648430018135,0.06251703041140318,0.45419309372797745,0.09120497489253629,0.45807787903893954,0.031651390625404514,0.6843662077906707,0.02520582436985708,0.4570165685260492,0.059998043353775427,False
4,ANN,1.5788392405929106,1.3880903300912437,1.795800527961421,3.6114704806322603e-12,0.693838829860632,0.7043828759993799,0.014985335190950523,0.40290850761175506,0.0314939541390296,0.3768498942917548,0.03856781902670304,0.3882113821138211,0.027672150284743922,0.6466272986732777,0.016138633293024663,0.40336557412568275,0.03611847720593589,True
5,Ensemble,1.8266256679384132,1.6086772030652674,2.0741024516377653,1.49236710901348e-20,0.7618669794397682,0.763902730715567,0.008475691257906585,0.5402969790066564,0.023106694973755983,0.36927413671599724,0.003986507575399838,0.4385230300723259,0.008613405785294825,0.7025161003857967,0.010735751945312521,0.4351529242267346,0.008417621338530346,True
