,Model,HR,CI_lower,CI_upper,p,cindex,accuracy_mean,accuracy_std,precision_mean,precision_std,recall_mean,recall_std,f1_mean,f1_std,roc_auc_mean,roc_auc_std,pr_auc_mean,pr_auc_std,Sig
0,SVM,1.6880219314233218,1.4566238169104357,1.9561797685073314,3.4029773251498055e-12,0.7324927556230164,0.7543352601156069,0.006564592212773263,0.5098039215686274,0.013864838846795053,0.34584214235377025,0.08117807474855077,0.40696340696340694,0.06459254900056663,0.7002435282925253,0.0361525955177198,0.46448870556503524,0.04318102186691699,True
1,RandomForest,1.981738108489373,1.7205834144087497,2.282531551653127,2.3860636546257192e-21,0.7651097005657513,0.7524416982260315,0.018243667869958517,0.5217054263565891,0.057164958339803465,0.40732910500352365,0.09173840933689101,0.44494671431791105,0.0473736513812895,0.717625737774859,0.020163241196022384,0.4972946933073241,0.018356715168568953,True
2,XGBoost,1.4825570666935377,1.243878640028139,1.7670336842131353,1.0990382367882014e-05,0.7176072857734235,0.735167098531659,0.021010993433049855,0.6385593220338983,0.255960964822341,0.3520084566596195,0.2402950939676467,0.3360467465625963,0.20637451742999224,0.7218322596984056,0.029638751367356393,0.47747156591024437,0.014727173969142845,True
3,LogisticRegression,1.1836336303782926,1.055569089180226,1.3272353134653931,0.003906545665669102,0.6643438664274872,0.7235953314286979,0.00537077715629851,0.4458333333333333,0.005892556509887901,0.4386892177589852,0.035345144814588746,0.4412816099563088,0.014478040589392895,0.6726473035810866,0.035372739986850976,0.4337315923927398,0.02635484372908568,True
4,ANN,1.4641189491857682,1.2241337233255731,1.7511520649404657,2.9920235052390425e-05,0.6664826824893059,0.7003964299160632,0.06674927452331525,0.43970959595959597,0.08147731283858843,0.4388653981677238,0.10194164445204738,0.4219446922390722,0.021523755748587746,0.642192611223323,0.023060210662182272,0.4308959170876161,0.027175018895362318,True
5,Ensemble,1.7810354192772055,1.5545189222583113,2.040558734474402,9.06105258494961e-17,0.7632813578032289,0.7390206630788652,0.028201164701720235,0.4914285714285714,0.053807416730763974,0.42212825933756165,0.09173840933689098,0.44255404725992964,0.02825180462618167,0.7152531059685329,0.027092971399809304,0.48488469720558053,0.018134923068281867,True
