,Model,HR,CI_lower,CI_upper,p,cindex,accuracy_mean,accuracy_std,precision_mean,precision_std,recall_mean,recall_std,f1_mean,f1_std,roc_auc_mean,roc_auc_std,pr_auc_mean,pr_auc_std,Sig
0,SVM,1.7797132162197031,1.534311382957191,2.0643652697683548,2.6391507463797152e-14,0.7478094383882986,0.7600823865523885,0.005127646356653158,0.5241123476417594,0.007494507484754096,0.4230091613812544,0.00622891808656225,0.46806691251135696,0.0007558193374876177,0.7072332506537192,0.028351014736405538,0.47023271023909147,0.015375812039689506,True
1,RandomForest,1.9005335743729082,1.6570776118961168,2.179757810610685,4.260189579084739e-20,0.7523802952946047,0.7581334573561004,0.009987697393036345,0.5224782386072708,0.02671260779321963,0.3847780126849894,0.014949403407749405,0.4425964425964426,0.012007568878140015,0.7141742983922995,0.02554560245661827,0.4851946920849763,0.02700235602702447,True
2,XGBoost,1.7094071583312156,1.4631661940525522,1.9970888097548882,1.420206173078137e-11,0.7048778805022768,0.7677784421854583,0.02291025559438946,0.5460798056256424,0.05615461879356106,0.4763918252290345,0.06186316095096474,0.5047336106159636,0.042456895264779686,0.7214096543139682,0.021410894670639388,0.4861536525433657,0.017883978426022316,True
3,LogisticRegression,1.2443369997351843,1.101446105689007,1.4057651671857132,0.00044387307622484497,0.699254864081689,0.7389210019267822,0.0171765127436641,0.47965506715506717,0.0317959552157163,0.4462649753347428,0.03025895314471354,0.46030274945937605,0.0017475607814310958,0.6895486533113019,0.035058484236322206,0.43044332692826187,0.017643493187834217,True
4,ANN,1.4012317487554746,1.1865144826691358,1.654805265674824,7.032816592904434e-05,0.6767627983993376,0.6871968639957479,0.03506829714631153,0.401354841196423,0.040907473896616926,0.4770965468639887,0.02479578870438223,0.43340453169288623,0.016200320816345787,0.6668470576113039,0.03290813828022838,0.446191180913156,0.061581188841187046,True
5,Ensemble,1.9642993955138575,1.7017754878184541,2.2673214785590616,2.874512220265384e-20,0.7600386366772458,0.7543463335769495,0.010210475966904293,0.5124794745484401,0.028356399761760135,0.4376321353065539,0.076830819850071,0.46736033692555434,0.03860960784066686,0.7138989893472406,0.03405680155310226,0.49433320910967776,0.038942180096778994,True
