,Model,HR,CI_lower,CI_upper,p,cindex,accuracy_mean,accuracy_std,precision_mean,precision_std,recall_mean,recall_std,f1_mean,f1_std,roc_auc_mean,roc_auc_std,pr_auc_mean,pr_auc_std,Sig
0,SVM,1.7797132162197031,1.534311382957191,2.0643652697683548,2.6391507463797152e-14,0.7478094383882986,0.7600823865523885,0.005127646356653158,0.5241123476417594,0.007494507484754096,0.4230091613812544,0.00622891808656225,0.46806691251135696,0.0007558193374876177,0.7072332506537192,0.028351014736405538,0.47023271023909147,0.015375812039689506,True
1,RandomForest,1.9005335743729082,1.6570776118961168,2.179757810610685,4.260189579084739e-20,0.7523802952946047,0.7581334573561004,0.009987697393036345,0.5224782386072708,0.02671260779321963,0.3847780126849894,0.014949403407749405,0.4425964425964426,0.012007568878140015,0.7141742983922995,0.02554560245661827,0.4851946920849763,0.02700235602702447,True
2,XGBoost,1.7094071583312156,1.4631661940525522,1.9970888097548882,1.420206173078137e-11,0.7048778805022768,0.7677784421854583,0.02291025559438946,0.5460798056256424,0.05615461879356106,0.4763918252290345,0.06186316095096474,0.5047336106159636,0.042456895264779686,0.7214096543139682,0.021410894670639388,0.4861536525433657,0.017883978426022316,True
3,LogisticRegression,1.2443369997351843,1.101446105689007,1.4057651671857132,0.00044387307622484497,0.699254864081689,0.7389210019267822,0.0171765127436641,0.47965506715506717,0.0317959552157163,0.4462649753347428,0.03025895314471354,0.46030274945937605,0.0017475607814310958,0.6895486533113019,0.035058484236322206,0.43044332692826187,0.017643493187834217,True
4,ANN,1.591119430649854,1.3751827820321718,1.8409633073287623,4.3431918033981337e-10,0.6997378225472609,0.6871857905344053,0.027000800251220515,0.40334440753045403,0.022575092397833063,0.5001761804087386,0.07766059595613606,0.44186338431717703,0.017328311492297008,0.6809651189688469,0.0149266780998472,0.43325652841676154,0.025870162857750196,True
5,Ensemble,1.964667333074065,1.7022251191103948,2.267571830725658,2.6800345360178996e-20,0.7647647302331999,0.7600823865523885,0.002067151576121721,0.5233211233211232,0.008381441905607105,0.4457364341085271,0.053986001074357054,0.4792629831363621,0.030516771805915745,0.7195996721782271,0.026393040112917723,0.5017226904082298,0.02559956009744771,True
