,Model,HR,CI_lower,CI_upper,p,cindex,accuracy_mean,accuracy_std,precision_mean,precision_std,recall_mean,recall_std,f1_mean,f1_std,roc_auc_mean,roc_auc_std,pr_auc_mean,pr_auc_std,Sig
0,SVM,2.9977895136483252,2.1416533062128518,4.196170286791834,1.5691400307824107e-10,0.6671036290878984,0.7293646047881647,0.004749882473380508,0.44769678206210717,0.005462801401387648,0.36134601832276253,0.017690127365836802,0.39966045935237204,0.010792855826301986,0.6915675276850495,0.021051490454098258,0.4388053695710609,0.042244384357308436,True
1,RandomForest,2.9475967378779817,2.1427599523623764,4.054736285121489,3.055409794545809e-11,0.6846453704981371,0.7351560250703164,0.03703068457355104,0.48840579710144927,0.06794613431728137,0.4224806201550388,0.08614771616625144,0.44010384974240396,0.03605196758083457,0.6815769915627895,0.028492707934521553,0.4624156006596323,0.05083388960634664,True
2,XGBoost,3.5686131096088602,2.5907409784447197,4.915581925028,6.901685245341746e-15,0.6954774389402512,0.7447567160543042,0.030971297494691706,0.495671834625323,0.07295000861630722,0.42336152219873147,0.046115537495563665,0.45361079768476803,0.045371858986586376,0.6806745816465326,0.028905894234068398,0.4801232161685693,0.060719573323730396,True
3,LogisticRegression,2.7541535206413306,2.023766386673193,3.748140924373379,1.1650968164733426e-10,0.6877156064578446,0.7140278608287378,0.013186339885068067,0.43066678203242414,0.026102787793380624,0.4776250880902044,0.10707740285069685,0.4495959303261534,0.05850646085003663,0.6859421172353891,0.014902019081331512,0.4406571207632412,0.07237275488182647,True
4,ANN,2.438609421206079,1.8152437785335005,3.276042578699464,3.2504487780625387e-09,0.6853870567131227,0.6639647420990853,0.05443875550842697,0.390179377984256,0.0435553930274664,0.5458069062720226,0.09120497489253628,0.4471702400586403,0.027660585511567942,0.6626569226382825,0.03811545645504056,0.4176343919727983,0.026383950824873794,True
5,Ensemble,4.874038073320873,3.322685719566827,7.149712354762975,5.388287584170643e-16,0.6923727059472885,0.7869576772307488,0.004213710316679694,0.642361111111111,0.03437324630767938,0.3454897815362932,0.06392848819351073,0.44364754098360654,0.043718515116665295,0.6979988885012851,0.037602701107554475,0.47448633136650703,0.03859538723815733,True
