,Model,HR,CI_lower,CI_upper,p,cindex,accuracy_mean,accuracy_std,precision_mean,precision_std,recall_mean,recall_std,f1_mean,f1_std,roc_auc_mean,roc_auc_std,pr_auc_mean,pr_auc_std,Sig
0,SVM,1.8104529339011086,1.5779463237212874,2.077218836025552,2.5854132352911383e-17,0.7652994342486547,0.7293646047881647,0.004749882473380508,0.44769678206210717,0.005462801401387648,0.36134601832276253,0.017690127365836802,0.39966045935237204,0.010792855826301986,0.6915675276850495,0.021051490454098258,0.4388053695710609,0.042244384357308436,True
1,RandomForest,1.769677585736051,1.4945179664332882,2.095497563626226,3.5913661249174087e-11,0.7508279287981233,0.7351560250703164,0.03703068457355104,0.48840579710144927,0.06794613431728137,0.4224806201550388,0.08614771616625144,0.44010384974240396,0.03605196758083457,0.6815769915627895,0.028492707934521553,0.4624156006596323,0.05083388960634664,True
2,XGBoost,1.443213017224804,1.248523356973521,1.6682617921831129,6.974489698073713e-07,0.6818683593210983,0.7447567160543042,0.030971297494691706,0.495671834625323,0.07295000861630722,0.42336152219873147,0.046115537495563665,0.45361079768476803,0.045371858986586376,0.6806745816465326,0.028905894234068398,0.4801232161685693,0.060719573323730396,True
3,LogisticRegression,1.0452973730865016,0.9457742681212438,1.155293218488652,0.3854853291563203,0.7404098247550711,0.7140278608287378,0.013186339885068067,0.43066678203242414,0.026102787793380624,0.4776250880902044,0.10707740285069685,0.4495959303261534,0.05850646085003663,0.6859421172353891,0.014902019081331512,0.4406571207632412,0.07237275488182647,False
4,ANN,1.6118003817542492,1.3854770169503492,1.875094598351063,6.27387859738881e-10,0.7329239685387057,0.702500387571147,0.02354020467605054,0.4212959890267915,0.02205110306836575,0.48414376321353064,0.06428822873460457,0.4466846127664841,0.019201137168368684,0.679352690625547,0.008903697536108845,0.42604315945727694,0.0597064307806028,True
5,Ensemble,1.9697528551227663,1.6423966851825138,2.3623563937192964,2.6635737902068377e-13,0.7629363874706775,0.7888733860430093,0.005159710177705773,0.6497076023391813,0.02440776228620962,0.33773784355179703,0.06719891247581246,0.43998837547224645,0.05363211180236593,0.6961882339212359,0.0340352696987516,0.46983130919043886,0.040547505252694606,True
