,Model,HR,CI_lower,CI_upper,p,cindex,accuracy_mean,accuracy_std,precision_mean,precision_std,recall_mean,recall_std,f1_mean,f1_std,roc_auc_mean,roc_auc_std,pr_auc_mean,pr_auc_std,Sig
0,SVM,1.853706819099015,1.6123742658465663,2.131160887370042,4.219710621150581e-18,0.764523251000414,0.7101410758975041,0.012575201341288655,0.42589520564323285,0.011202537931665452,0.4547216349541931,0.12446095358918892,0.4313500621911837,0.052495391343049966,0.7007679107093274,0.01806982580773602,0.44258778568964213,0.05066635187860074,True
1,RandomForest,1.8009811606114472,1.5360811525684608,2.1115636601971755,4.23506712418873e-13,0.7276804194839244,0.7447567160543042,0.012904037111547723,0.4774410774410775,0.035641762394194025,0.3317477096546864,0.09763415320884604,0.3856665001110371,0.08180457702550707,0.6777754983639946,0.021607986091930764,0.4532322725133174,0.0501628929910183,True
2,XGBoost,1.3943216209604692,1.2054747765253797,1.6127527680683076,7.582180126177619e-06,0.6291913895404995,0.7601266803977588,0.018974517376700518,0.5189393939393939,0.044307928538517206,0.4156095842142354,0.08791420049383401,0.45977898428797914,0.0708509819806532,0.6847831749882167,0.03386287077670028,0.48320517603169916,0.08054560091264587,True
3,LogisticRegression,1.0062185943322608,0.9163873486682301,1.104855780747524,0.896621680752391,0.7414792327859804,0.7427967133966735,0.011910649199885723,0.4853641520308187,0.02290134806436476,0.4621212121212121,0.10085062745448083,0.4677346605663962,0.049626736079387966,0.6950316090206025,0.0073251492869946325,0.4499138359412109,0.07551876582067334,False
4,ANN,1.6131372503321428,1.3915933570955676,1.869951286516841,2.2378911636791413e-10,0.7345108320684421,0.7351228046862888,0.0007203710037999802,0.4655826558265583,0.007925830612632863,0.4228329809725159,0.03625037674309143,0.44258454723571,0.0234432430475818,0.7014716391957649,0.006523578454459639,0.467128055705448,0.0597994314526475,True
5,Ensemble,1.9522292377283377,1.6570912889818878,2.2999330344575983,1.250609973858745e-15,0.7496205326341935,0.7370938808052622,0.01891382855072316,0.4623878536922015,0.043505638405726695,0.38583509513742076,0.11837750323351376,0.41322797775826753,0.08975942032533221,0.6917617399465438,0.03646644393213326,0.47863800894984815,0.07316217782459371,True
