,Model,HR,CI_lower,CI_upper,p,cindex,accuracy_mean,accuracy_std,precision_mean,precision_std,recall_mean,recall_std,f1_mean,f1_std,roc_auc_mean,roc_auc_std,pr_auc_mean,pr_auc_std,Sig
0,SVM,1.7453735024379784,1.4884375926291475,2.04666200188591,7.119614682623303e-12,0.7388574582585897,0.715998936947711,0.035976505142973354,0.42387287509238725,0.07776529459112343,0.35394644115574353,0.048357590873173324,0.3849434672219482,0.05976580540099341,0.6740066445773883,0.03546112945946716,0.43608394516057336,0.06745302476609175,True
1,RandomForest,1.7887883176702242,1.5193323278709823,2.10603275316155,2.9277854138125343e-12,0.7228163377949496,0.7467056452505924,0.02424631906092958,0.48148148148148145,0.05852603585234797,0.3629316420014095,0.13658152537624207,0.4030946761080514,0.11399805689216175,0.6745331995065706,0.012662792814141021,0.47409448932614157,0.06180735024689005,True
2,XGBoost,1.4359203341311313,1.2133707345680154,1.6992887229189078,2.543870117421345e-05,0.6663791913895405,0.7620091688259917,0.010537653831052506,0.5179698414992533,0.04546468641238841,0.33773784355179703,0.15718393086804744,0.39078822412155745,0.145477486464742,0.6759142139001894,0.030257204591923166,0.4444166652938195,0.03213305891769583,True
3,LogisticRegression,1.7495281292402736,1.5361685909094995,1.9925213242322406,3.471008608950737e-17,0.7343383469021664,0.7255885544703564,0.027752237149714053,0.44506387921022067,0.06035109642476551,0.4002818886539817,0.06258150323972747,0.4207353827606992,0.059364701398334226,0.6766455643297468,0.017158162110556208,0.45240005547961276,0.059738972001686604,True
4,ANN,1.3080783919195926,1.1451530834862154,1.4941837070358324,7.589026674922886e-05,0.626604112046364,0.5605607600823865,0.19589574195471762,0.3692262229496272,0.1323868833081403,0.6465821000704721,0.05469883906366742,0.4494849682596718,0.09321464564055978,0.591704789086291,0.13219574101372278,0.3513549776337019,0.09898923306033129,True
5,Ensemble,1.6824445862873465,1.4528452632502247,1.948328467957486,3.664261529254391e-12,0.7355457430660963,0.7485881336788253,0.021359975001047124,0.49592592592592594,0.06909368205460487,0.34637068357998596,0.06938377289471462,0.4051922943215982,0.06215545066498686,0.682000869418764,0.029179549735163672,0.4529073476705296,0.0470018862266242,True
