,Model,HR,CI_lower,CI_upper,p,cindex,accuracy_mean,accuracy_std,precision_mean,precision_std,recall_mean,recall_std,f1_mean,f1_std,roc_auc_mean,roc_auc_std,pr_auc_mean,pr_auc_std,Sig
0,SVM,1.7325663500811306,1.4784241471542252,2.0303957854121224,1.1151652291766957e-11,0.7376673106112874,0.727526410205302,0.032393809525707765,0.46349917346557884,0.08372927795370431,0.31571529245947855,0.07308068688193609,0.36272401433691764,0.027781824193657507,0.6686336076492299,0.03205813299864516,0.41919246352023803,0.05058419340087511,True
1,RandomForest,1.8229095632563568,1.5538298626176348,2.1385863122835365,1.7257977042926565e-13,0.7287843245480888,0.7332624631807411,0.021548830584076775,0.4595238095238095,0.05241701500304243,0.3539464411557434,0.013233482704872394,0.3993238496663154,0.027877770110072284,0.6809110337558767,0.024112931747198352,0.47538237346062884,0.07191908898452677,True
2,XGBoost,1.444301288554885,1.2648460183400534,1.6492175188715177,5.6101572417819844e-08,0.6848006071477853,0.7409363718911258,0.019832028258870777,0.4727390180878553,0.044466598048197706,0.41631430584918955,0.09775996719340517,0.43999000401354005,0.07505720948019465,0.6678672383891627,0.03530232156136586,0.4990686770896022,0.07016953555946343,True
3,LogisticRegression,1.7166295421367164,1.4972653844102939,1.9681327142262979,9.461621167770356e-15,0.7493100593348972,0.7275153367439594,0.029992105664438294,0.45010437266534825,0.06530710904126472,0.40785764622973925,0.058957556987189096,0.4276400133160507,0.06103582861189024,0.6824848017241057,0.017347848971289676,0.4580435117598971,0.05729509222535578,True
4,ANN,1.5320405137372568,1.3043006652337317,1.7995453029319024,2.0422757373964628e-07,0.7061197736994619,0.6966868203663101,0.01865074004741589,0.38052089522677757,0.029525661513973914,0.3308668076109937,0.013061136710958873,0.35274410830936365,0.005897198682661613,0.6411525157486456,0.03669480236747743,0.4172337657521865,0.022723512252161217,True
5,Ensemble,1.9095232938863764,1.625860111787597,2.2426770811700854,3.1815013208300157e-15,0.7350972816337795,0.7389874426948375,0.014670351278887765,0.4666666666666666,0.04714045207910316,0.33051444679351655,0.036875195072448574,0.3869262196587358,0.04133062788119329,0.6758390139359428,0.030741341528129004,0.45829293936034254,0.05729331077839404,True
