,Model,HR,CI_lower,CI_upper,p,cindex,accuracy_mean,accuracy_std,precision_mean,precision_std,recall_mean,recall_std,f1_mean,f1_std,roc_auc_mean,roc_auc_std,pr_auc_mean,pr_auc_std,Sig
0,SVM,1.8091531171557396,1.559495273236383,2.098778404452537,5.0776717292191145e-15,0.7387022216089416,0.7370606604212345,0.01751444262107891,0.46394984326018807,0.046479631330032925,0.4291754756871036,0.1465041533959443,0.4378399378399378,0.0912013798682622,0.7061814287848374,0.047123053334791026,0.457886041031285,0.0451786227986202,True
1,RandomForest,1.812396339328913,1.538913970594776,2.1344796093723857,1.0391878543043748e-12,0.746550296674486,0.7045821983035457,0.1046289600095083,0.5047266640236113,0.1386046148039224,0.4927766032417195,0.1487924650988659,0.45783810571762157,0.017731247715141694,0.7143293743950587,0.03780187500156045,0.4845075537973195,0.05057361172639739,True
2,XGBoost,1.65108938486112,1.3997041009078843,1.947623183380584,2.6807124187023562e-09,0.6917345108320685,0.7793280623657344,0.021671123151893856,0.5795906991559165,0.07032210808972021,0.4918957011980267,0.04236543584267549,0.5269132409633955,0.01043548209156954,0.6989265512876376,0.034929229757570776,0.4759041831168444,0.05858255008238191,True
3,LogisticRegression,1.4442989112599798,1.2267331602554166,1.7004507684722892,1.0188399476140167e-05,0.7107078791223955,0.7217792837685204,0.042082250642775196,0.46302626711061784,0.08243947483276941,0.4376321353065539,0.08981261831942725,0.43762039903680766,0.04827082816262067,0.6796658531125067,0.04886868173282055,0.4506144901181412,0.03197345631653207,True
4,ANN,1.5148925207921171,1.3128911888704533,1.7479737612728687,1.2835300749148353e-08,0.6999448047467918,0.7371160277279473,0.029990744176114165,0.47374291813118913,0.06224608774012608,0.4767441860465116,0.059290924576660284,0.47513806556214216,0.0603226796533867,0.6597550564708384,0.04489721788928165,0.44536761501997457,0.02809848730285091,True
5,Ensemble,1.8585387495441967,1.621754301209907,2.129894942150196,4.939169426340636e-19,0.7757692838415896,0.7678227360308285,0.025314121545675743,0.5668934240362812,0.10514306684235493,0.3831923890063425,0.13915464346425685,0.43962813620071683,0.09418930476268883,0.7131564453062765,0.0402264059124317,0.5065476646333493,0.07251928583314288,True
