,Model,HR,CI_lower,CI_upper,p,cindex,accuracy_mean,accuracy_std,precision_mean,precision_std,recall_mean,recall_std,f1_mean,f1_std,roc_auc_mean,roc_auc_std,pr_auc_mean,pr_auc_std,FDR,Sig
0,SVM,5.672181327955786,3.7634306598068172,8.549019212927863,1.115227950508959e-16,0.6594399277326106,0.8382066276803118,0.02715085434148949,0.5716742837485871,0.11616039468748365,0.3594982078853047,0.09470643712506306,0.4407596371882086,0.1061628082353583,0.7871933704466306,0.04069323593922084,0.45773373838510495,0.0794909042933209,3.345683851526877e-16,True
1,RandomForest,4.754234462761124,3.2689607229878663,6.914352065462076,3.4088739712273534e-16,0.6945573622402891,0.820662768031189,0.04686477692074581,0.5741929349118052,0.16820091851047944,0.4756272401433692,0.19455400510818815,0.4711073950204385,0.1201172061820422,0.7768085469526786,0.052515262390296566,0.47283855301790156,0.09762713760025618,6.817747942454707e-16,True
2,XGBoost,4.4192961197357725,3.030283025251062,6.4450013517445495,1.1748746383882911e-14,0.6765093345377898,0.8070175438596491,0.031310679150504915,0.4991181657848324,0.10164454344563535,0.44408602150537635,0.21064842714017787,0.43214040861099684,0.08126875406704223,0.7872376739912773,0.06505389529664096,0.4723097242279319,0.10211540524532298,1.4098495660659493e-14,True
3,LogisticRegression,5.161378924734653,3.5681345365128427,7.4660392236023405,2.945127759567468e-18,0.7261367058115026,0.8128654970760234,0.024810764252159587,0.4826923076923077,0.06109840881674936,0.5437275985663083,0.14576757322387957,0.5031978680879413,0.08299084070510715,0.745338141357359,0.07044644417959069,0.4250418561752031,0.08924525911928083,1.767076655740481e-17,True
4,ANN,3.877520011750131,2.6435035005744605,5.687589003856225,4.107369860553632e-12,0.6812707015959049,0.8031189083820663,0.015348943224194571,0.4408681408681409,0.05150193382850513,0.4344086021505376,0.13392169872636786,0.43281539030706623,0.09244780399427692,0.726118936860186,0.05748832088449441,0.4078214829045273,0.06553324312696733,4.107369860553632e-12,True
5,Ensemble (Mean),4.6160781213122,3.184648395710191,6.690904167241782,6.690516911449596e-16,0.6984342065642879,0.8070175438596491,0.053809644217708605,0.49206349206349204,0.11223917161691228,0.5111111111111111,0.020502293399390803,0.49627795379740997,0.07190182901077051,0.7720106909537247,0.06696883604542939,0.46344345084546995,0.09264743061987486,1.0035775367174394e-15,True
