,Model,HR,CI_lower,CI_upper,p,cindex,accuracy_mean,accuracy_std,precision_mean,precision_std,recall_mean,recall_std,f1_mean,f1_std,roc_auc_mean,roc_auc_std,pr_auc_mean,pr_auc_std,Sig
0,SVM,1.8050040869971873,1.5657809012449233,2.080776276863604,3.9181279158333553e-16,0.7279908927832206,0.7601266803977588,0.037642729744932706,0.5230986333927511,0.10497408996530622,0.3995771670190275,0.08532080870619703,0.452987012987013,0.09403601869286032,0.6723329410396692,0.0658532382726674,0.4918538264425851,0.07026949758989635,True
1,RandomForest,1.8324117520258605,1.563936194420206,2.146975586946683,6.756278752736364e-14,0.744825445011729,0.7447899364383318,0.03952816549390245,0.5094199138106089,0.09412935894051727,0.41472868217054265,0.07125882291027222,0.44729649435531793,0.05072031298559063,0.6958720195716467,0.051471462849743105,0.46658066227169925,0.07371247378342259,True
2,XGBoost,1.3856630560376406,1.1816396595717085,1.6249133898937602,5.975274905380753e-05,0.6734165861735891,0.7582109715854982,0.0209571275278764,0.4874104874104874,0.11661691531247205,0.29122621564482026,0.15848189172242497,0.34942951126526006,0.16550924038755796,0.6920812854817825,0.04466278753474669,0.44826054639750673,0.06971338070011233,True
3,LogisticRegression,1.2504986432357075,1.10250100213777,1.4183632066566936,0.0005045396515155162,0.7267145025527805,0.7179035722986291,0.05303778549740233,0.45234996606086586,0.08325924419938262,0.4224806201550388,0.08614771616625144,0.427077497665733,0.06459901738913462,0.6716020871843703,0.06780391530012699,0.4556254373324647,0.061988065635182034,True
4,ANN,1.494426064039729,1.235169277618171,1.8080997490383348,3.586936242372871e-05,0.6901821443355871,0.7255996279316989,0.02686316736298793,0.4463762471718408,0.05499867021891779,0.4312896405919662,0.07438736611314661,0.4381094572774116,0.06411626300915843,0.6555689561636658,0.07151204345038024,0.43927358349954687,0.051580083259623544,True
5,Ensemble,1.7421270928266266,1.5256901427910372,1.9892681498278753,2.377242913067479e-16,0.7451359183110252,0.7754634243571855,0.01186208075695895,0.5780056980056981,0.044388598122514715,0.38407329105003524,0.05332652406594111,0.45879511224779773,0.03935187278244633,0.6882397870193007,0.04534029801026646,0.46422301243880665,0.07115587056343126,True
