,Model,HR,CI_lower,CI_upper,p,cindex,accuracy_mean,accuracy_std,precision_mean,precision_std,recall_mean,recall_std,f1_mean,f1_std,roc_auc_mean,roc_auc_std,pr_auc_mean,pr_auc_std,Sig
0,SVM,2.049726465911471,1.7834411621137098,2.35577078420603,5.079003519743339e-24,0.7719918587001517,0.7543241866542644,0.009606621819680179,0.5136559347085662,0.026952121018539995,0.3916490486257928,0.11260367911324135,0.43306432561365,0.0794519049385519,0.7133480505529147,0.04080696881330392,0.4715912094155035,0.02570968265246677,True
1,RandomForest,1.961484288865687,1.6917534244041716,2.274220675404854,4.429255157996228e-19,0.7474127225058645,0.7275042632826169,0.02817779701541979,0.46922421142369997,0.053217147010136086,0.4069767441860465,0.1398575081602226,0.4126228269085412,0.08128597194864025,0.7063246490771787,0.047384607718755696,0.46486686237872,0.04744160113372828,True
2,XGBoost,1.497153141871186,1.3051946675773778,1.7173434629297395,8.187140083849369e-09,0.6415068304125845,0.7563063362345802,0.026139359950359126,0.49904761904761913,0.11547790867646614,0.3370331219168428,0.16777352380266033,0.38571264763215224,0.14960371720767696,0.7063682027777536,0.03823534276469883,0.4617612846616906,0.07725586881992443,True
3,LogisticRegression,1.7509216450004275,1.5025482639725645,2.040351501805057,7.152122232710675e-13,0.758382779080999,0.7275042632826169,0.0601040960270797,0.48553434869224343,0.09579972502906785,0.4302325581395349,0.12415207269803849,0.43542043059319485,0.07901045835894631,0.7085815066642335,0.04700452298227827,0.49119203296799924,0.03480837824500938,True
4,ANN,1.7648625030442773,1.4993063571096792,2.0774537771294583,8.625837148672247e-12,0.7433765696150131,0.7255442606249861,0.013200671362196863,0.44290733421168205,0.025400551425503782,0.3916490486257928,0.11260367911324135,0.4066211566211566,0.07485030782339215,0.6854819791132591,0.030266489265841474,0.4442416353847409,0.002879845357572477,True
5,Ensemble,1.7671682541783558,1.5738118353669175,1.9842801841985838,5.943999360374952e-22,0.7647992272664551,0.7524416982260315,0.036382898259484216,0.5330987352101183,0.09920177087889435,0.375968992248062,0.11003929896572395,0.42363908463680616,0.08311406739569625,0.7103373208246276,0.043671814469572814,0.4590814298452457,0.03738895725780729,True
