,Model,HR,CI_lower,CI_upper,p,cindex,accuracy_mean,accuracy_std,precision_mean,precision_std,recall_mean,recall_std,f1_mean,f1_std,roc_auc_mean,roc_auc_std,pr_auc_mean,pr_auc_std,Sig
0,SVM,3.6481088884548356,2.6172584740326164,5.084976739617702,2.1977686994030675e-14,0.6825927970194563,0.7562398954665249,0.007073177224831828,0.5175274019946676,0.021593998038102625,0.3916490486257928,0.11260367911324135,0.4349317392457695,0.08037241433879533,0.7139093139536952,0.040155891343797684,0.47142425346865147,0.025861867861821722,True
1,RandomForest,3.1750723191770454,2.3545556201649784,4.281523080477472,3.624304186244598e-14,0.6995998344142403,0.721790357229863,0.03761221731801619,0.4742424242424243,0.07879759069901435,0.49876673713883024,0.13645806732306218,0.46472092229021866,0.046013542632026755,0.7095514610249211,0.04955885450683979,0.47184511222663134,0.052785364754788545,True
2,XGBoost,3.213858254572211,2.227820313334328,4.636318655799906,4.257835459464591e-10,0.6751241893197185,0.7485770602174827,0.009324235832622846,0.4875540952927791,0.037412319890398796,0.3756166314305849,0.1291353122284349,0.41572316572316576,0.09163058322658527,0.6914829135004886,0.048886371147443514,0.45713512320947985,0.0634677724387286,True
3,LogisticRegression,2.9361606831568077,2.1251740190737505,4.056627589054237,6.54095291650131e-11,0.6885952808058508,0.7275042632826169,0.0601040960270797,0.48553434869224343,0.09579972502906785,0.4302325581395349,0.12415207269803849,0.43542043059319485,0.07901045835894631,0.7089401884582073,0.04719861494499435,0.49147617636244817,0.034923888439106,True
4,ANN,3.4189783527430175,2.4357701729628336,4.799062368969949,1.1952637200198424e-12,0.6618773285497447,0.7293978251721923,0.016429516627962076,0.4510582010582011,0.032776485961280064,0.3380902043692741,0.07471254240851721,0.37916666666666665,0.048232653761625936,0.6908740410426901,0.05449300809454649,0.4406764447062656,0.03822002191286341,True
5,Ensemble,3.9476352927176177,2.8186678836754564,5.528790566126891,1.3556047643963925e-15,0.6859735062784601,0.7639470245609372,0.016495436277787174,0.5621693121693121,0.08004558344130829,0.3835447498238196,0.11875474397165131,0.43669701799085736,0.07771857145123885,0.7127606445864924,0.05180110886610181,0.462340476431524,0.0509157803261268,True
