,Model,HR,CI_lower,CI_upper,p,cindex,accuracy_mean,accuracy_std,precision_mean,precision_std,recall_mean,recall_std,f1_mean,f1_std,roc_auc_mean,roc_auc_std,pr_auc_mean,pr_auc_std,Sig
0,SVM,3.399585022637544,2.443826141518463,4.72913278477351,3.711717749484804e-13,0.677832206430247,0.7601377538591012,0.04175240926632058,0.5252525252525252,0.1142798838281289,0.3995771670190275,0.08532080870619703,0.453861927546138,0.09767183871024594,0.6746566499362522,0.0652292291372757,0.4837237532434783,0.08368165223584406,True
1,RandomForest,3.5417036922722724,2.470351311004278,5.077684695281515,5.975578860536547e-12,0.7035669932385815,0.7562952627732377,0.02109434221996943,0.5504600963192294,0.09713602780312657,0.414200140944327,0.12756167268158092,0.4478805299501107,0.06268644915636584,0.7020133292945293,0.051811937515660045,0.4684533963206892,0.076819602187806,True
2,XGBoost,3.5091949551638293,2.4320148882549875,5.063476088414532,1.9397088305921642e-11,0.6554781288809163,0.7543795539609771,0.025329394906749656,0.51007326007326,0.07548143236261858,0.32364341085271314,0.05935423577950989,0.39584171696847753,0.06720067572975123,0.6762762992968921,0.05117416960730508,0.4310848052523184,0.08736201462793042,True
3,LogisticRegression,2.9564226576176,2.1543554414816577,4.057099753448056,1.9076594517023874e-11,0.6817303711880778,0.714072154674108,0.06276635012227048,0.45135404221425723,0.09525627778581999,0.4224806201550388,0.08614771616625144,0.4253968253968254,0.06969682031777827,0.6677496330523137,0.06611832039632072,0.4456548514997951,0.058450682500432,True
4,ANN,3.4823214758459327,2.5318548404176466,4.78959641269854,1.6925825365259387e-14,0.716744859942045,0.7390317365402077,0.055308446555326414,0.49492481203007516,0.09785358751558199,0.4920718816067653,0.023664642742894988,0.4900593233926567,0.061973924965153436,0.6837164714095302,0.07615634126162008,0.4716015063642929,0.06723841302892396,True
5,Ensemble,4.686905621287272,3.2196614873241596,6.822793138141654,7.432860507765334e-16,0.6738305505726507,0.7754634243571855,0.020123236770645238,0.5852534562211981,0.08018178140188166,0.32998590556730095,0.08140716960802183,0.4188888888888889,0.0803531941024695,0.7064787215861243,0.05553776517700642,0.47361111043465326,0.085535882631993,True
