,Model,HR,CI_lower,CI_upper,p,cindex,accuracy_mean,accuracy_std,precision_mean,precision_std,recall_mean,recall_std,f1_mean,f1_std,roc_auc_mean,roc_auc_std,pr_auc_mean,pr_auc_std,FDR,Sig
0,SVM,4.118420405565321,2.591037404980077,6.546175907911003,2.1424104465150633e-09,0.6174156880457693,0.8187134502923975,1.1102230246251565e-16,0.4761904761904762,0.0336717514850737,0.24838709677419354,0.21213612211159102,0.28246708246708246,0.17013684991543265,0.7686921012590195,0.04051265338871516,0.4356405652432469,0.06495279908940077,2.5708925358180757e-09,True
1,RandomForest,3.656672276646129,2.503758799463337,5.340471351177445,1.9562723701178313e-11,0.6865401987353207,0.797270955165692,0.050154699143347414,0.4992063492063492,0.15223620770949237,0.4444444444444444,0.21259043191880883,0.42458848341201283,0.08110447540774998,0.7971260798989007,0.04965994020966049,0.4965201389726677,0.09880168296418707,3.9125447402356625e-11,True
2,XGBoost,5.22302875345116,3.5680334505971643,7.645676459342571,1.8561248835682386e-17,0.701539445950015,0.8362573099415206,0.016540509501439708,0.549632628579997,0.05702965618346444,0.45555555555555555,0.18237424180921827,0.4823015873015873,0.1109459657068537,0.7691010011874803,0.06171328347470686,0.47374870148826353,0.09924030716626372,1.1136749301409432e-16,True
3,LogisticRegression,3.2980097326748465,2.2744306942108103,4.782237693372365,3.0896449988494546e-10,0.6687368262571515,0.7875243664717347,0.012016401565241693,0.414957264957265,0.038750104569339014,0.478494623655914,0.0934308989085095,0.4431623021786956,0.06323355936213847,0.7509850275807722,0.06924690310984963,0.4358344593446703,0.10841961152339902,4.634467498274182e-10,True
4,ANN,2.8138235507262213,1.829306123156551,4.328200116096116,2.4910914307829204e-06,0.5964129780186691,0.7797270955165692,0.01929726108501299,0.36976220884266864,0.04826772344926807,0.30465949820788535,0.0202754632598293,0.3323436797121007,0.022951582578768635,0.7143076844861334,0.05657841447899056,0.3693694231180579,0.07770567695528299,2.4910914307829204e-06,True
5,Ensemble (Mean),3.988009610556809,2.7118400513833305,5.864734037606903,2.066142873870522e-12,0.6592705510388437,0.8109161793372319,0.0370882993965701,0.4937645556306814,0.10669676572929307,0.4125448028673835,0.051120209116511627,0.4425213675213675,0.054544548313729534,0.780664771055986,0.06072341018240646,0.45837631332329715,0.09299277275318668,6.198428621611566e-12,True
