,Model,HR,CI_lower,CI_upper,p,cindex,accuracy_mean,accuracy_std,precision_mean,precision_std,recall_mean,recall_std,f1_mean,f1_std,roc_auc_mean,roc_auc_std,pr_auc_mean,pr_auc_std,FDR,Sig
0,SVM,4.036088570044155,2.0834038357652527,7.818940651636849,3.5419152772214395e-05,0.6180743751881963,0.820662768031189,0.0027567515835733108,0.48124098124098125,0.03775317590750687,0.24838709677419354,0.21213612211159102,0.28519144144144143,0.17398967532574394,0.7705354192313698,0.04151245598008322,0.44064148402708964,0.06917483147786661,3.5419152772214395e-05,True
1,RandomForest,5.075992318700137,3.0930231939076744,8.330263436191967,1.297291660842384e-10,0.6947455585666967,0.8284600389863547,0.028781331501429627,0.5601139601139601,0.1546691084099287,0.4444444444444444,0.21259043191880883,0.4613683090535276,0.11904925697997255,0.8042850969412397,0.04854698746840495,0.5096189983145907,0.10654049765341315,7.783749965054303e-10,True
2,XGBoost,3.7781310686582006,2.461135876828244,5.79987253298511,1.2138720727613512e-09,0.6919978922011443,0.8206627680311892,0.024032803130483338,0.5305010893246188,0.06537763001361073,0.46630824372759855,0.19737424097283252,0.46476964769647694,0.07606050864486767,0.766489634059984,0.06434192533635631,0.4768725848960104,0.10346229873293349,3.6416162182840537e-09,True
3,LogisticRegression,3.1846963481897475,2.1261416323402784,4.77027996437346,1.9208812440883312e-08,0.6687368262571515,0.7875243664717347,0.012016401565241693,0.414957264957265,0.038750104569339014,0.478494623655914,0.0934308989085095,0.4431623021786956,0.06323355936213847,0.7509850275807722,0.06924690310984963,0.4358344593446703,0.10841961152339902,2.881321866132497e-08,True
4,ANN,2.9900068679503553,1.9312590973137314,4.629177453623653,9.052267971992489e-07,0.5923855766335441,0.7894736842105262,0.024810764252159532,0.3936379928315412,0.05560308407449253,0.2924731182795699,0.06670134373879924,0.32974910394265233,0.05466860491738386,0.718039531835002,0.049306596263337714,0.3663714613364945,0.03545625965969718,1.0862721566390985e-06,True
5,Ensemble (Mean),4.1871120395010335,2.564909697472612,6.835292193175432,1.0227546722813913e-08,0.6716162300511894,0.8323586744639376,0.016768665237899834,0.5379673932305511,0.07263188277233527,0.3913978494623656,0.18447050592694486,0.43168511185568753,0.14048544731112952,0.783797975836411,0.06134083223751434,0.46732310818410805,0.09238154711514572,2.0455093445627825e-08,True
