,Model,HR,CI_lower,CI_upper,p,cindex,accuracy_mean,accuracy_std,precision_mean,precision_std,recall_mean,recall_std,f1_mean,f1_std,roc_auc_mean,roc_auc_std,pr_auc_mean,pr_auc_std,Sig
0,SVM,1.759644784350897,1.4944486630039222,2.071901058728565,1.1989697100534338e-11,0.7520698219953084,0.7485549132947976,0.016550442888152425,0.4957129805327149,0.04743991792919479,0.3842494714587738,0.03495039222100143,0.43254939457471103,0.03862956142686229,0.6949772548299089,0.022357978547469494,0.45463440837523345,0.020785039638981,True
1,RandomForest,1.9052334004803708,1.6283516572992083,2.229195575804916,8.604453930388767e-16,0.7592797019456327,0.760071313091046,0.016546604602522903,0.522987117552335,0.04196813080675025,0.39904862579281186,0.09950715651700527,0.4472117193636181,0.07604776339362859,0.7079380809142926,0.042675273058631294,0.4551772497982309,0.04907925057464346,True
2,XGBoost,1.6956443942657178,1.4486614502330826,1.9847355718219364,4.880104091471338e-11,0.6998068166137712,0.7754412774345004,0.012233353481455647,0.6200586510263929,0.08476986866541367,0.30673009161381254,0.10038418949126642,0.3951053013798112,0.08635542909205156,0.6973562283033258,0.02770383416046388,0.4506695107338614,0.04442363498865838,True
3,LogisticRegression,1.5685932368126065,1.37356975264642,1.791306730388974,3.016128115238217e-11,0.7391334345246309,0.7217571368458353,0.05528711886418506,0.47006133573297754,0.07974466442492427,0.4924242424242424,0.048664715657481906,0.4724625775830595,0.028495307297955547,0.6792866048680003,0.03905882586710192,0.4507194557344496,0.03195834272623448,True
4,ANN,1.5366187973157286,1.3018234224383745,1.8137615959016977,3.821115782539518e-07,0.6929074099627432,0.7062985848116403,0.013246590814445269,0.4224883689934879,0.012228437414584483,0.4696969696969697,0.07907812065280809,0.4409677645655758,0.028215608572999235,0.6632387628348929,0.023527825581046314,0.41063599469163226,0.017589416022433125,True
5,Ensemble,1.8237580775102362,1.584980454263193,2.098507597577932,4.7461300245310355e-17,0.7482406513039879,0.7658627333731977,0.011265612985888409,0.5566650076728464,0.05343228869882184,0.42212825933756165,0.10964254784795635,0.46519398663130795,0.05838955845850976,0.7022848623061653,0.03432374601514372,0.45916395361790263,0.05501174154650801,True
