,Model,HR,CI_lower,CI_upper,p,cindex,accuracy_mean,accuracy_std,precision_mean,precision_std,recall_mean,recall_std,f1_mean,f1_std,roc_auc_mean,roc_auc_std,pr_auc_mean,pr_auc_std,Sig
0,SVM,3.4760233762655672,2.417658285619812,4.997703184197943,1.7519276364281004e-11,0.6763143369670208,0.7543241866542644,0.014226221929505227,0.510145477545857,0.04431977212182487,0.3532417195207893,0.0563672691139103,0.41597026891144534,0.05037865859083723,0.7026302917746198,0.03268242025600425,0.4684432068665863,0.026797152540977944,True
1,RandomForest,3.5898002760102217,2.617718155091247,4.922862301497034,2.1482808473260176e-15,0.7040672002207811,0.7447788629769893,0.04719366321895186,0.5195336646638479,0.08927935433111714,0.4538407329105003,0.0854487696337487,0.46971386101820883,0.03237907233116604,0.709610170585672,0.05121723790626357,0.48500979310324704,0.057659324205551005,True
2,XGBoost,3.71837288242329,2.4609194070501723,5.618346075507625,4.483634696609779e-10,0.6685525044846143,0.7658184395278277,0.015332861760145991,0.5587484035759898,0.049323043466992386,0.3224101479915433,0.14636934334734159,0.384864726569445,0.13651089633598656,0.6808684007867392,0.02638459310978865,0.43183288593618707,0.037489809076870016,True
3,LogisticRegression,3.009301962244171,2.2046109361270987,4.107708145490453,3.9318946231790325e-12,0.6908375879674348,0.7159878634863684,0.021502979744492355,0.43989898989898996,0.031790111074457006,0.45331219168428466,0.06206003350364604,0.4417531785952839,0.017864520680869824,0.6865594107649851,0.05343391009094347,0.45408844302646445,0.04464478982977553,True
4,ANN,1.691696269077529,1.265851086597718,2.2608001028799616,0.00038040887999497115,0.6135124879260384,0.5946891679401146,0.11814011288255523,0.3442553556510323,0.0635580554684185,0.5625440451021846,0.09993421178978332,0.4151062072520531,0.040216225526562344,0.6043381347925996,0.06877328624011905,0.39664478723696944,0.10160409373360069,True
5,Ensemble,3.5731441973481015,2.411951757718738,5.293372644864995,2.142602946848026e-10,0.6706740720298054,0.760071313091046,0.003091023395155618,0.5280007784751617,0.00917163634762132,0.3528893587033122,0.11023798375888778,0.41281884293932486,0.08524475249723741,0.6974717852713592,0.024406829401553413,0.46449620968392796,0.041467707372906136,True
