,Model,HR,CI_lower,CI_upper,p,cindex,accuracy_mean,accuracy_std,precision_mean,precision_std,recall_mean,recall_std,f1_mean,f1_std,roc_auc_mean,roc_auc_std,pr_auc_mean,pr_auc_std,Sig
0,SVM,3.4074796456227765,2.4107737104930522,4.816261885052187,3.806519337819155e-12,0.6884400441562025,0.7485549132947976,0.016550442888152425,0.4957129805327149,0.04743991792919479,0.3842494714587738,0.03495039222100143,0.43254939457471103,0.03862956142686229,0.6949772548299089,0.022357978547469494,0.45463440837523345,0.020785039638981,True
1,RandomForest,3.656618482210897,2.5964895819489664,5.149590746445416,1.152716780700016e-13,0.6938215813440044,0.760071313091046,0.016546604602522903,0.522987117552335,0.04196813080675025,0.39904862579281186,0.09950715651700527,0.4472117193636181,0.07604776339362859,0.7079380809142926,0.042675273058631294,0.4551772497982309,0.04907925057464346,True
2,XGBoost,4.418322615837438,2.9962381884069593,6.515361433264362,6.506162944589019e-14,0.6627570028977507,0.7754412774345004,0.012233353481455647,0.6200586510263929,0.08476986866541367,0.30673009161381254,0.10038418949126642,0.3951053013798112,0.08635542909205156,0.6973562283033258,0.02770383416046388,0.4506695107338614,0.04442363498865838,True
3,LogisticRegression,3.369353754916651,2.4869049184294463,4.564929138079152,4.51229523387624e-15,0.717624534290051,0.7217571368458353,0.05528711886418506,0.47006133573297754,0.07974466442492427,0.4924242424242424,0.048664715657481906,0.4724625775830595,0.028495307297955547,0.6792866048680003,0.03905882586710192,0.4507194557344496,0.03195834272623448,True
4,ANN,2.548903312908195,1.8873646784035536,3.44231730777639,1.0403856399371297e-09,0.6670691320546434,0.7062985848116403,0.013246590814445269,0.4224883689934879,0.012228437414584483,0.4696969696969697,0.07907812065280809,0.4409677645655758,0.028215608572999235,0.6632387628348929,0.023527825581046314,0.41063599469163226,0.017589416022433125,True
5,Ensemble,3.6372151463562883,2.6125730279226924,5.0637183648039485,2.0341035123350423e-14,0.6900959017524493,0.7658627333731977,0.011265612985888409,0.5566650076728464,0.05343228869882184,0.42212825933756165,0.10964254784795635,0.46519398663130795,0.05838955845850976,0.7022848623061653,0.03432374601514372,0.45916395361790263,0.05501174154650801,True
