,Model,HR,CI_lower,CI_upper,p,cindex,accuracy_mean,accuracy_std,precision_mean,precision_std,recall_mean,recall_std,f1_mean,f1_std,roc_auc_mean,roc_auc_std,pr_auc_mean,pr_auc_std,FDR,Sig
0,SVM,5.052549954640581,3.141080020636965,8.127224036451569,2.3979455663570436e-11,0.6001769045468233,0.8245614035087719,0.00827025475071988,0.3343108504398827,0.23947772616734786,0.2383512544802867,0.22954463919481052,0.26409651193286127,0.22433301497636893,0.7843873582377356,0.034775238721816,0.4463258024285713,0.07926564325160243,2.8775346796284523e-11,True
1,RandomForest,4.8640938421696305,3.3185173955090717,7.129511792660977,5.12001856349226e-16,0.6806496537187594,0.8265107212475634,0.007293679116518423,0.5096459096459096,0.03097398778160278,0.42186379928315415,0.1873897375375912,0.4447293447293447,0.11892804001699203,0.7816131211120916,0.031939855997552294,0.4776139897268969,0.0969900260374346,3.072011138095356e-15,True
2,XGBoost,3.878922824669308,2.693075382108287,5.586936919664557,3.300205985811648e-13,0.6877070159590485,0.7855750487329435,0.022564984215965325,0.41487556561085975,0.07248467390588959,0.5412186379928315,0.18085269980706614,0.4644005301603436,0.1062509574980423,0.7588104135118549,0.0629728071087042,0.46949630844634543,0.13229150628020905,4.950308978717473e-13,True
3,LogisticRegression,4.20937622026943,2.916879283738469,6.074590834989951,1.5888782275221712e-14,0.7032708521529659,0.8070175438596491,0.033423836646164246,0.466186686876342,0.08763639316170038,0.5204301075268817,0.1161688502027484,0.4897435897435898,0.09448987575737577,0.7511360954051414,0.04220716133303678,0.43034005030797556,0.086605391984759,4.766634682566514e-14,True
4,ANN,3.411241940198785,2.327862718500419,4.998822087785018,3.0977753000429286e-10,0.6582542908762421,0.783625730994152,0.04079619792681547,0.41639493935046296,0.11572675286823543,0.42258064516129035,0.1172881223399861,0.41136006289308175,0.09399545777869683,0.7483711184466161,0.040845789932791934,0.39669287136783377,0.054500634247970775,3.0977753000429286e-10,True
5,Ensemble (Mean),4.172079192689596,2.888956569590617,6.025097425587136,2.582871416281007e-14,0.7018217404396266,0.8031189083820663,0.02715085434148949,0.4493195847362514,0.07652453523723081,0.5093189964157706,0.16588516820440155,0.4721493016932394,0.10687164717352472,0.7828748642750015,0.03358852034505919,0.48028631480660094,0.0913307779898816,5.165742832562014e-14,True
