,Model,HR,CI_lower,CI_upper,p,cindex,accuracy_mean,accuracy_std,precision_mean,precision_std,recall_mean,recall_std,f1_mean,f1_std,roc_auc_mean,roc_auc_std,pr_auc_mean,pr_auc_std,FDR,Sig
0,SVM,5.820564224757451,3.283815500361513,10.31695230465798,1.6262470235348058e-09,0.5599405299608552,0.8226120857699805,0.005513503167146569,0.34595959595959597,0.250216720675052,0.13082437275985662,0.09560558185196516,0.18982794479107581,0.13830847032211616,0.7845409680687648,0.03498672951741869,0.44702715108428653,0.08024774887424407,1.951496428241767e-09,True
1,RandomForest,4.106052584478934,2.560364707060722,6.584869639865055,4.591979639030603e-09,0.6594587473652515,0.8304093567251462,0.016540509501439708,0.5273504273504274,0.0637196540841566,0.40035842293906815,0.12100583496862052,0.44903029702316055,0.10376582185756407,0.7772352409277598,0.03459971557554636,0.47575002592278226,0.09550902316771159,4.591979639030603e-09,True
2,XGBoost,4.771463560490119,3.0308469658396335,7.511716944368372,1.4892754741637513e-11,0.6948961156278229,0.8323586744639376,0.01807722903605402,0.5419973544973545,0.07274080010481067,0.4666666666666666,0.08098137799467842,0.4974937343358396,0.06141629451049045,0.7634559306831098,0.0418837745933059,0.4899407672524361,0.10761112294705363,2.9785509483275026e-11,True
3,LogisticRegression,3.9343417401707725,2.64459920944017,5.853077802184896,1.3940513702719117e-11,0.701464167419452,0.8031189083820661,0.030697886448389125,0.45595238095238094,0.08061906168255721,0.5204301075268817,0.1161688502027484,0.48419444789798055,0.0909204873892922,0.7508288757430831,0.0415057568461343,0.43137030080387434,0.0868638891541751,2.9785509483275026e-11,True
4,ANN,3.5913308720727404,2.441714024667471,5.2822145846744855,8.311775459101701e-11,0.6567299006323396,0.7758284600389862,0.03615445807210801,0.39918789221114803,0.070235519189916,0.4240143369175627,0.02715038976975717,0.40732014600707195,0.04199089645115688,0.718773263900237,0.03235762043053385,0.37713472189840574,0.025274930103486325,1.2467663188652553e-10,True
5,Ensemble (Mean),4.225529154129506,2.808990661436724,6.356410107560135,4.593439789110036e-12,0.7110998193315267,0.8167641325536062,0.019297261085012965,0.48742368742368747,0.062106608480400664,0.5204301075268818,0.13546680213353654,0.49798926540094524,0.08290610933690423,0.7835771844007947,0.033938346019139774,0.4721188957898854,0.07827988165155815,2.7560638734660218e-11,True
