,Model,HR,CI_lower,CI_upper,p,cindex,accuracy_mean,accuracy_std,precision_mean,precision_std,recall_mean,recall_std,f1_mean,f1_std,roc_auc_mean,roc_auc_std,pr_auc_mean,pr_auc_std,Sig
0,SVM,2.737865937878022,2.0105592469038567,3.728271079470035,1.6233843672374215e-10,0.6854043052297503,0.704405022922065,0.02372565003427767,0.42200699488835075,0.038537789886333135,0.4693446088794926,0.048610470362172024,0.44172919343917977,0.02378933974987584,0.7020195675086497,0.012936275516523973,0.42482648381524185,0.04739736754705189,True
1,RandomForest,3.937781475246962,2.848731556749624,5.443167472224192,1.0605490124549379e-16,0.7049296260521595,0.75626204238921,0.018659232524179996,0.5186751233262861,0.03787182196629851,0.43058491895701195,0.016942657195449323,0.46904617866505344,0.006559167560915737,0.7212548990154174,0.015323210978784836,0.47255648810420475,0.04231764844368476,True
2,XGBoost,4.044326129084985,2.9292973678098737,5.5837874359026705,2.0544173417079304e-17,0.7137091210155927,0.7562731158505525,0.015981302889984818,0.5167939903234021,0.03334018515136588,0.44591261451726566,0.024121922597314736,0.47743922743922745,0.01305142543189214,0.7124085320561443,0.015067511981516958,0.4683771355587223,0.039080813618551785,True
3,LogisticRegression,3.1874906366719733,2.3371881026034327,4.347145421266693,2.434414868066482e-13,0.6980992134676418,0.7389320753881248,0.01491219914616881,0.4814642589578651,0.026295494345348683,0.4767441860465116,0.059290924576660284,0.47520633735639334,0.01968532577312557,0.6935887090600387,0.041698894510490817,0.43798056744556213,0.01922298145998983,True
4,ANN,2.7095395587203654,1.968234632309488,3.730045442628991,9.838958726193041e-10,0.6527701117703878,0.6987021903306535,0.02702033030865826,0.39022668153102935,0.06380152169031082,0.3763213530655391,0.07289015962734835,0.382745072430644,0.06728675637987153,0.6695627601583576,0.044664667083370406,0.38901328623736026,0.03693899090373449,True
5,Ensemble,3.5034540299587817,2.4796060244651,4.950056589204414,1.166906109328495e-12,0.6847143645646474,0.7447234956702765,0.007070160094073908,0.48484848484848486,0.024396541651264696,0.3844256518675124,0.02578260483428713,0.4287768268447816,0.02539078849844245,0.7162652587958819,0.021788529097285923,0.44860489502957046,0.0250359525759557,True
