,Model,HR,CI_lower,CI_upper,p,cindex,accuracy_mean,accuracy_std,precision_mean,precision_std,recall_mean,recall_std,f1_mean,f1_std,roc_auc_mean,roc_auc_std,pr_auc_mean,pr_auc_std,Sig
0,SVM,2.737865937878022,2.0105592469038567,3.728271079470035,1.6233843672374215e-10,0.6854043052297503,0.704405022922065,0.02372565003427767,0.42200699488835075,0.038537789886333135,0.4693446088794926,0.048610470362172024,0.44172919343917977,0.02378933974987584,0.7020195675086497,0.012936275516523973,0.42482648381524185,0.04739736754705189,True
1,RandomForest,3.937781475246962,2.848731556749624,5.443167472224192,1.0605490124549379e-16,0.7049296260521595,0.75626204238921,0.018659232524179996,0.5186751233262861,0.03787182196629851,0.43058491895701195,0.016942657195449323,0.46904617866505344,0.006559167560915737,0.7212548990154174,0.015323210978784836,0.47255648810420475,0.04231764844368476,True
2,XGBoost,4.044326129084985,2.9292973678098737,5.5837874359026705,2.0544173417079304e-17,0.7137091210155927,0.7562731158505525,0.015981302889984818,0.5167939903234021,0.03334018515136588,0.44591261451726566,0.024121922597314736,0.47743922743922745,0.01305142543189214,0.7124085320561443,0.015067511981516958,0.4683771355587223,0.039080813618551785,True
3,LogisticRegression,3.1874906366719733,2.3371881026034327,4.347145421266693,2.434414868066482e-13,0.6980992134676418,0.7389320753881248,0.01491219914616881,0.4814642589578651,0.026295494345348683,0.4767441860465116,0.059290924576660284,0.47520633735639334,0.01968532577312557,0.6935887090600387,0.041698894510490817,0.43798056744556213,0.01922298145998983,True
4,ANN,2.8764222074070043,2.087863281853126,3.962809627994701,1.0262554598569206e-10,0.6555298744307989,0.7101964432042168,0.03172621849603399,0.41728248111226834,0.06011384451040561,0.3764975334742777,0.043482666910940444,0.39393597782944645,0.04548510250734736,0.6785513335708613,0.027177669967951585,0.4155895032712292,0.018629464427770446,True
5,Ensemble,3.4340690796199045,2.429209185496652,4.85459651396405,2.846836967384308e-12,0.7101386780736857,0.7620091688259917,0.004792033199191293,0.5284758150611809,0.013587071182565734,0.4462649753347428,0.030258953144713538,0.48289473684210527,0.012107169948984451,0.7294450224017063,0.006389484662053775,0.4854745233098912,0.03360841559047978,True
