,Model,HR,CI_lower,CI_upper,p,cindex,accuracy_mean,accuracy_std,precision_mean,precision_std,recall_mean,recall_std,f1_mean,f1_std,roc_auc_mean,roc_auc_std,pr_auc_mean,pr_auc_std,Sig
0,SVM,1.61939819017881,1.4001866775149137,1.872929188991282,8.258626434635502e-11,0.7274389402511384,0.7293867517108498,0.007422953386982541,0.42417826174631984,0.06432353436616345,0.38284002818886537,0.2046141093758436,0.3820900007512584,0.15226718932691555,0.6815035502990412,0.06374867694213388,0.4254886640176256,0.06955490032353052,True
1,RandomForest,1.9734829310632196,1.6852109568295461,2.311066672937498,3.237679300077318e-17,0.7577618324824065,0.7409363718911258,0.020912881865040082,0.5026695526695527,0.0711671137072179,0.36856941508104296,0.11273784217517248,0.4040809052837922,0.06728324494660924,0.718449482052358,0.0066878735995540605,0.4584352293853144,0.018429547295439178,True
2,XGBoost,1.6056695813584405,1.3364190060345762,1.9291665210222895,4.2681853351803665e-07,0.6995998344142403,0.733240316258056,0.013701331141056433,0.2922936616507068,0.20782730983724026,0.26004228329809725,0.1912666968193593,0.27446882619296414,0.19800720011968684,0.7082721719371817,0.034037119337162136,0.4414690916143483,0.051111466796487696,True
3,LogisticRegression,1.55278193004153,1.282029941415755,1.880714049159311,6.7515775414401815e-06,0.7438250310473299,0.746594910637167,0.017642515792823766,0.49711356764928194,0.03501479146553082,0.4765680056377731,0.05760910790361323,0.4828160451609402,0.026131447859241888,0.6929417762543982,0.03999055890069813,0.43881154401539657,0.014992053621798748,True
4,ANN,1.5397015674912526,1.3238160416039118,1.7907933145021766,2.151262355141068e-08,0.7217814267972954,0.7178371315305738,0.026259970546455003,0.4417096131381846,0.053803843245017406,0.4233615221987315,0.02616145596356149,0.428806700545831,0.011834344019442144,0.6767903364166457,0.022783798484449683,0.39820007965602056,0.037064914371499134,True
5,Ensemble,1.720268392327342,1.5093608852449727,1.9606466356521446,4.3237298950582254e-16,0.7419966882848075,0.7466834983279074,0.016318172150504684,0.48739316239316244,0.09185598961716361,0.2602184637068358,0.12463739788645142,0.32385532779862874,0.10431368967392575,0.7144554214942996,0.030530644342370728,0.439105191603195,0.0515633682512562,True
