,Model,HR,CI_lower,CI_upper,p,cindex,accuracy_mean,accuracy_std,precision_mean,precision_std,recall_mean,recall_std,f1_mean,f1_std,roc_auc_mean,roc_auc_std,pr_auc_mean,pr_auc_std,FDR,Sig
0,SVM,6.044984696944372,3.6963334690057525,9.885969513492174,7.545574631845587e-13,0.6138399578440229,0.8167641325536062,0.007293679116518423,0.4967532467532467,0.05295294295551976,0.2383512544802867,0.12890774557960175,0.2983689069718529,0.10154602448598936,0.7672329894361466,0.05950077296674849,0.40614074567172476,0.01645732865814684,9.054689558214704e-13,True
1,RandomForest,5.7710324709478655,3.9313554147697607,8.471586073243678,3.561755338914197e-19,0.6907369768142125,0.8362573099415206,0.009549667613189778,0.5546576879910213,0.033895243820869336,0.4451612903225806,0.034542749256363456,0.4933371226474675,0.03119232545348586,0.7861807439364062,0.0551726782237592,0.4774109568811114,0.07017659373124162,2.1370532033485183e-18,True
2,XGBoost,4.74521141218402,3.177518374370061,7.086357557502852,2.738292342834475e-14,0.657106293285155,0.8362573099415204,0.008270254750719828,0.5720749838396898,0.03510124546898461,0.3577060931899641,0.11243745308324612,0.42982196820391544,0.07959436188978226,0.7578272016501254,0.06397300383538088,0.4471880370442071,0.03557834488908378,4.107438514251713e-14,True
3,LogisticRegression,4.453627531836677,3.0835524714042157,6.432450355969166,1.6738278275493261e-15,0.7070159590484794,0.7914230019493177,0.023553695854960192,0.43768115942028984,0.04438664588728566,0.5326164874551971,0.06584844944037228,0.4779593166689941,0.039090264890953255,0.722535978472835,0.056817453351085616,0.39336718798198334,0.038423158538281536,5.021483482647979e-15,True
4,ANN,3.1486034359480173,2.177386087861403,4.5530297323616855,1.0951946469881614e-09,0.6654810298102981,0.7485380116959064,0.03443181624299355,0.3555191853064193,0.05060106900826294,0.5017921146953405,0.1408378688486631,0.4109638468714116,0.08026395632097368,0.7099430590508146,0.02545133838691869,0.3793793046923404,0.03060547380283628,1.0951946469881614e-09,True
5,Ensemble (Mean),4.536112882540858,3.114129266084134,6.60740718352609,3.289788260056594e-15,0.6899465522433003,0.8050682261208578,0.015348943224194571,0.4564150357253806,0.039920474594471525,0.4781362007168459,0.07943092259079314,0.4658102196143809,0.05585418290826625,0.7657715171785179,0.055418834973844505,0.43654086032799094,0.043298752663255065,6.579576520113188e-15,True
