,Model,HR,CI_lower,CI_upper,p,cindex,accuracy_mean,accuracy_std,precision_mean,precision_std,recall_mean,recall_std,f1_mean,f1_std,roc_auc_mean,roc_auc_std,pr_auc_mean,pr_auc_std,FDR,Sig
0,SVM,5.232145418677245,3.133024195334187,8.737674520022424,2.53914778770858e-10,0.5994241192411924,0.8148148148148149,0.009939609188290021,0.4886580086580086,0.05882809480738617,0.2168458781362007,0.09877787655570373,0.28242863255700223,0.07926467610009424,0.768785066074016,0.060648708052987575,0.4034531938757912,0.01453967839516006,3.80872168156287e-10,True
1,RandomForest,5.4164484842250396,3.3513018306617086,8.754184393015716,5.30721856684656e-12,0.6889114724480578,0.8265107212475634,0.022564984215965377,0.5276515151515152,0.06752418537570055,0.4451612903225806,0.034542749256363456,0.48056573056573054,0.039615432231497515,0.786027134105377,0.05532303066256969,0.4742969478066585,0.07334711611269258,3.184331140107936e-11,True
2,XGBoost,5.985945861282465,3.483069413137685,10.287348198991594,9.369096070176949e-11,0.6894007828967178,0.8460038986354775,0.015348943224194554,0.592696337794377,0.04495699893775691,0.4240143369175627,0.10556027154150921,0.4903369393734505,0.0873167064373257,0.7645351940822085,0.07122404694170544,0.46182163546452837,0.02763356747129018,1.8738192140353897e-10,True
3,LogisticRegression,3.9858214898095516,2.637338240912566,6.023790465014653,5.292142103311531e-11,0.6908498946100572,0.7894736842105262,0.025266045607827914,0.43008130081300816,0.049600159488356554,0.5003584229390681,0.03517661403981447,0.46160530031497776,0.03942637369250769,0.7225299865999935,0.05710519883109465,0.3931309529362734,0.038218231369775854,1.5876426309934596e-10,True
4,ANN,2.9392057257055435,1.9485800119621242,4.43344909882416,2.7340196017970436e-07,0.5865326708822644,0.7797270955165692,0.013783757917866448,0.3412698412698412,0.06472026361230193,0.2620071684587813,0.08389087776423183,0.29436036129748094,0.0753957961830077,0.6983970832289295,0.028476233762760605,0.33384555420199796,0.03047591200084065,2.7340196017970436e-07,True
5,Ensemble (Mean),4.123968542743614,2.6072177202538174,6.523090269531927,1.394787270595067e-09,0.6763399578440229,0.8128654970760234,0.014324501419784667,0.47785039941902685,0.030673510649154502,0.41362007168458775,0.11183255206072582,0.4340577812690931,0.07143953413985403,0.7625277351083803,0.04925595716023054,0.4276795710299324,0.04769469304860626,1.6737447247140804e-09,True
