,Model,HR,CI_lower,CI_upper,p,cindex,accuracy_mean,accuracy_std,precision_mean,precision_std,recall_mean,recall_std,f1_mean,f1_std,roc_auc_mean,roc_auc_std,pr_auc_mean,pr_auc_std,Sig
0,SVM,1.787439678762474,1.5456710657555823,2.0670249162312477,4.76965121495364e-15,0.7380295294604664,0.7313024605231103,0.009293491081673788,0.45260210803689066,0.02178703748332995,0.375968992248062,0.11003929896572395,0.40207325026602136,0.07416636985963303,0.6964596427893072,0.04804803394150516,0.4426527285262449,0.057848728161284065,True
1,RandomForest,1.7032218663852383,1.3977442398159325,2.0754617643889124,1.289416361150776e-07,0.72906030081413,0.7562509689278675,0.010530541521391712,0.5054131054131054,0.0431621580955114,0.34513742071881603,0.12041077069985698,0.40222511424543894,0.10272957284506785,0.6945588806719644,0.05248131551595016,0.4512657591416351,0.06091137799075494,True
2,XGBoost,1.6334723415896242,1.4091441544981256,1.8935123721877805,7.488995546043665e-11,0.7397543811232234,0.7754744978185282,0.03224009697068739,0.5421245421245421,0.1317408828450875,0.3523608174770965,0.1778273968640852,0.41550182423056065,0.17330681376941431,0.6998583625381068,0.058626138628812864,0.4776914379035297,0.08144765297218057,True
3,LogisticRegression,1.4276372182964279,1.1638704877363306,1.7511811224196066,0.0006354527514078497,0.7356147371326066,0.7428410072420437,0.015901359394847384,0.4916666666666667,0.03973937728495358,0.4224806201550388,0.08614771616625144,0.44566239283663395,0.043858032891001306,0.6803813648922826,0.04426435401599007,0.44688886927247484,0.046261803934566255,True
4,ANN,1.6383765041157294,1.3796579997899643,1.9456108467802358,1.801090776334271e-08,0.6926314336967021,0.6891457931920361,0.03213474599568759,0.40544982359309184,0.03408051610513821,0.47568710359408034,0.1270963075280265,0.4259020113793757,0.04534767017528982,0.6374630310809967,0.03027849567618881,0.4129053552623412,0.030416341236354956,True
5,Ensemble,1.8523210400974432,1.6106740078134307,2.1302220182006613,5.467924679759174e-18,0.7484476335035187,0.7466613514052223,0.03368623383548474,0.5061728395061729,0.07257078829545026,0.4228329809725159,0.07014016228199427,0.4532096744862702,0.04628065256113914,0.6922820670069028,0.051761185537663894,0.4592387996798483,0.06486115342928823,True
