,Model,HR,CI_lower,CI_upper,p,cindex,accuracy_mean,accuracy_std,precision_mean,precision_std,recall_mean,recall_std,f1_mean,f1_std,roc_auc_mean,roc_auc_std,pr_auc_mean,pr_auc_std,Sig
0,SVM,1.7922681083517946,1.541415622166116,2.0839447362683754,3.3364510248550045e-14,0.7358044708155098,0.7504816955684008,0.02581778877495856,0.4969040247678018,0.0682871362232594,0.3682170542635659,0.09509956702624262,0.4194768949046343,0.08283783220458643,0.6939631260508236,0.04848100720487556,0.4595354081559723,0.06501910383940127,True
1,RandomForest,1.843361754724457,1.572229496566892,2.161250991792634,4.9055513147450524e-14,0.7426866289499103,0.7600934600137311,0.021992702696781417,0.5373482726423903,0.131385853833915,0.2367864693446089,0.15427127610681216,0.3063427800269905,0.14773886957977897,0.6851376048651034,0.04601665926186514,0.45753467527837577,0.06028749899863521,True
2,XGBoost,1.5840288470297341,1.3446513859123002,1.866020750441556,3.742352485232069e-08,0.7101904236235683,0.7351892454543442,0.024215591505236857,0.4609101855478667,0.05740554844604845,0.3918252290345314,0.09627126912895975,0.41957671957671955,0.0778299504675181,0.6856282719588241,0.060092803878646246,0.4536045464415857,0.09508661036302289,True
3,LogisticRegression,1.783150148306119,1.5254453339612033,2.0843909516884733,3.806144756973722e-13,0.7485511246032841,0.754357407038292,0.02177025039177681,0.5215614832141304,0.061287671641798845,0.4374559548978154,0.10858003021508832,0.46377033818894287,0.0629491783706664,0.6910276997397536,0.05436108544573573,0.4633690541798145,0.062202182619287505,True
4,ANN,1.5567622990636973,1.3299165089379938,1.8223015050180738,3.6254166125192484e-08,0.6894577066372292,0.7255774810090138,0.033574895486884845,0.4518518518518519,0.06809176411426013,0.37579281183932345,0.11848993710037883,0.39740259740259737,0.0825844068310821,0.6459468781410909,0.0361909331735287,0.41047869774197626,0.024063065055127193,True
5,Ensemble,1.7081027798054835,1.4916964857173964,1.9559039887233236,9.49020734585242e-15,0.7490340830688561,0.7543463335769496,0.017390531709894717,0.5240655401945724,0.12752751533525267,0.21405919661733616,0.12220699158360952,0.2865137201979307,0.1201026152015727,0.6884662766075867,0.05200832969645922,0.4565849396860127,0.0625430707812581,True
