,Model,HR,CI_lower,CI_upper,p,cindex,accuracy_mean,accuracy_std,precision_mean,precision_std,recall_mean,recall_std,f1_mean,f1_std,roc_auc_mean,roc_auc_std,pr_auc_mean,pr_auc_std,FDR,Sig
0,SVM,4.540349687748809,2.5530728588959013,8.074495490879077,2.5917326917512407e-07,0.639208822643782,0.8362573099415206,0.014324501419784667,0.5849238480817429,0.10327013822873127,0.2924731182795699,0.06670134373879924,0.3878380706287683,0.07693220437599271,0.7982667146016493,0.048236675671260956,0.4958451034583773,0.1097501239547437,3.110079230101489e-07,True
1,RandomForest,4.547024684185444,2.826701636842773,7.314331731765204,4.25666515670496e-10,0.6680404998494429,0.8323586744639376,0.028781331501429634,0.5649490069779924,0.12852275007258837,0.4017921146953405,0.024837442493290934,0.46601954622004743,0.060055620274561385,0.7779511789463746,0.05148456888562657,0.47866203280986347,0.11111796711609401,6.38499773505744e-10,True
2,XGBoost,4.8326641675125535,3.130114628181214,7.461274020348022,1.167241941552087e-12,0.7083333333333334,0.8284600389863548,0.044365718037976745,0.5555555555555555,0.1288002568818848,0.510752688172043,0.10562840163649731,0.5177626606198035,0.08653170033538128,0.7647087768227095,0.040892722360395095,0.48649785278179736,0.09388492547862264,7.003451649312523e-12,True
3,LogisticRegression,4.018169267750632,2.648220688671526,6.09680467091098,6.232067048535972e-11,0.7025557061126166,0.8011695906432749,0.014324501419784667,0.4486590038314176,0.05089011139700944,0.5200716845878136,0.12689488217177422,0.4778164809386933,0.07641094026495686,0.7606628100794196,0.05267014179402303,0.44987971106183205,0.09867086247203853,1.2464134097071945e-10,True
4,ANN,2.6774826361804736,1.7194962114566343,4.169193987915186,1.3071317915854789e-05,0.6212360734718458,0.7680311890838206,0.012016401565241645,0.34102137527727366,0.05710207184070878,0.34659498207885303,0.12211548961240944,0.3410091250670961,0.08838280137937833,0.6949848024316108,0.06728974472106368,0.3458493304455576,0.029504225050771653,1.3071317915854789e-05,True
5,Ensemble (Mean),4.414264915463025,2.8847119719008827,6.7548285352896595,7.869021660160909e-12,0.7080510388437218,0.8089668615984404,0.01987921837658006,0.47408163265306125,0.06831645989226595,0.5200716845878136,0.1606686545879586,0.4847701149425287,0.0806125396966766,0.7881163004361357,0.05594959136410953,0.48653860288657885,0.1184286387182136,2.3607064980482727e-11,True
