,Model,HR,CI_lower,CI_upper,p,cindex,accuracy_mean,accuracy_std,precision_mean,precision_std,recall_mean,recall_std,f1_mean,f1_std,roc_auc_mean,roc_auc_std,pr_auc_mean,pr_auc_std,FDR,Sig
0,SVM,4.023079484863614,2.709157218747944,5.97424484246454,5.197117165119497e-12,0.6527401385124962,0.820662768031189,0.007293679116518384,0.49074074074074076,0.05707790743489793,0.3673835125448029,0.18490941813505546,0.39899438036084,0.1277949834949669,0.7815074462637949,0.02423399260092986,0.460502055250896,0.07953971021365099,7.795675747679246e-12,True
1,RandomForest,5.885891361478449,4.0658921224624684,8.520569674668346,5.915253433943723e-21,0.7178372478169226,0.8343079922027291,0.009939609188290037,0.5396361273554255,0.038956562149119134,0.5315412186379928,0.08716238660231387,0.5319066657147618,0.04916129202959885,0.7912146434109372,0.04275400983892034,0.48882633252204194,0.10794527521076074,3.549152060366234e-20,True
2,XGBoost,4.602800297560882,3.1093975171652803,6.813464815055493,2.373288030171491e-14,0.6626016260162602,0.8304093567251462,0.024810764252159587,0.546031746031746,0.10326003788755932,0.3906810035842294,0.04055092651965866,0.4545454545454546,0.06428243465332249,0.7604044332596152,0.057556553498268354,0.46935039270494966,0.10884897856804746,4.746576060342982e-14,True
3,LogisticRegression,3.6870895036314084,2.535669831003076,5.361356136185545,8.425012931870806e-12,0.6729900632339657,0.797270955165692,0.026297734041388004,0.439484126984127,0.048621233154138285,0.45412186379928315,0.16104242199540758,0.4311428760505592,0.10071215408037108,0.7389043225007534,0.017871007125737807,0.42551121864912994,0.056413528014188044,1.0110015518244966e-11,True
4,ANN,3.435160456053423,2.329087556471877,5.066502255805447,4.834100193740412e-10,0.6409214092140921,0.8050682261208576,0.007293679116518423,0.4482905982905983,0.011577963405251343,0.3688172043010753,0.050411648041853954,0.4024273799252229,0.030075038801508004,0.7247527898523094,0.0421723235831667,0.4007402987237512,0.05655305959171886,4.834100193740412e-10,True
5,Ensemble (Mean),4.835953774725568,3.3217141024974564,7.040476148654451,1.9619932311769952e-16,0.6895137006925625,0.8343079922027291,0.016768665237899834,0.5507911628601284,0.07025361508385673,0.4670250896057348,0.03551463132162028,0.5033036940649173,0.03896473263695816,0.7790495073954237,0.0356795858259179,0.4686290831949407,0.07415898063040016,5.885979693530986e-16,True
