,Model,HR,CI_lower,CI_upper,p,cindex,accuracy_mean,accuracy_std,precision_mean,precision_std,recall_mean,recall_std,f1_mean,f1_std,roc_auc_mean,roc_auc_std,pr_auc_mean,pr_auc_std,FDR,Sig
0,SVM,3.4869152922962536,2.121826048982718,5.730242713100228,8.299648684342253e-07,0.6328101475459199,0.8109161793372319,0.007293679116518384,0.4549808429118774,0.0343494656648297,0.3243727598566308,0.11228996557577449,0.36926406926406924,0.09275862003703256,0.7763575223424227,0.020893817903927116,0.44100287534151583,0.06677136053064996,8.299648684342253e-07,True
1,RandomForest,5.24011459661436,3.262565357721946,8.416322119236781,7.315501300281456e-12,0.6850910870219813,0.8362573099415204,0.021881037349555193,0.5317460317460317,0.0836012322683409,0.44301075268817197,0.17631785800231942,0.47342275211127666,0.14748493987109149,0.7785645288390656,0.05218318439666163,0.4903012650479555,0.1291472701275653,1.4631002600562912e-11,True
2,XGBoost,4.215785495412073,2.551510186483726,6.965618807824488,1.9545274999147186e-08,0.644948810599217,0.8421052631578947,0.025266045607827914,0.6218253968253968,0.16918821934499384,0.34659498207885303,0.08116360633106771,0.4390572390572391,0.0937938604524183,0.7664881814847497,0.044970094401004905,0.481361978284087,0.10002778244230649,2.345432999897662e-08,True
3,LogisticRegression,4.068343942180376,2.762679813151956,5.991075170231964,1.1940458429272679e-12,0.712624209575429,0.7855750487329435,0.023553695854960165,0.4334650856389987,0.04760435247731137,0.5978494623655913,0.01325680430746015,0.5014696160691584,0.034923871154918205,0.7405212203084544,0.018934995877207938,0.4268059515510117,0.057657273580798835,5.532723603482028e-12,True
4,ANN,3.685593860566796,2.414818315834126,5.625103145847067,1.477379776962749e-09,0.6684357121348992,0.797270955165692,0.0055135031671465695,0.43410244922341695,0.01991089979772028,0.4240143369175627,0.02715038976975717,0.42825361512791993,0.016672841791558847,0.7229285369299095,0.0354474091887999,0.43103169368958927,0.025162963255809422,2.216069665444124e-09,True
5,Ensemble (Mean),4.906939197967267,3.1524197432660577,7.6379588549339665,1.844241201160676e-12,0.7079945799457995,0.8304093567251462,0.017215908121496752,0.533957033957034,0.05784169214173593,0.4989247311827956,0.07474471912680761,0.5117532393074188,0.04935398208538227,0.7789158704738663,0.03428093439342513,0.4754102011046644,0.08858218557149332,5.532723603482028e-12,True
