,Model,HR,CI_lower,CI_upper,p,cindex,accuracy_mean,accuracy_std,precision_mean,precision_std,recall_mean,recall_std,f1_mean,f1_std,roc_auc_mean,roc_auc_std,pr_auc_mean,pr_auc_std,FDR,Sig
0,SVM,3.6601673332138462,2.3503420624513036,5.699946880563189,9.398586409969493e-09,0.610960554049985,0.820662768031189,0.015348943224194554,0.47455648926237154,0.07722226723951073,0.26057347670250897,0.1461372563253781,0.3216193287861821,0.14435518104708145,0.7808650448664176,0.03965223241020432,0.43710081182553767,0.06456497175881287,9.398586409969493e-09,True
1,RandomForest,4.175094722726144,2.874943270322586,6.063220837668838,6.029423162821668e-14,0.7036848840710629,0.8070175438596491,0.020813018035148765,0.4554305757135946,0.06675822120957368,0.4781362007168459,0.2371860921877761,0.4422492401215805,0.13535793154206863,0.795519168545936,0.04089417537237209,0.470564446244706,0.07208771270900968,1.4160734647039793e-13,True
2,XGBoost,4.330022762352314,2.9502195821773505,6.355153099706486,7.080367323519897e-14,0.68774465522433,0.8265107212475633,0.01676866523789988,0.3610188261351052,0.25644359286881135,0.41433691756272406,0.30169589557502513,0.38210624417520966,0.27075617000282654,0.7763442675934097,0.06666350665541822,0.46442940837962127,0.09955168988799534,1.4160734647039793e-13,True
3,LogisticRegression,3.563607818904749,2.4697127713921625,5.142015231107438,1.100957243628358e-11,0.6849217103282144,0.7699805068226121,0.04004412979371178,0.4014884449667058,0.024126695800132367,0.5086021505376345,0.2791932947370102,0.41444211507104584,0.08500077271195665,0.7720145039637147,0.07880734660771894,0.49489865223777335,0.13568745940649476,1.3211486923540295e-11,True
4,ANN,4.187719430995109,2.861074529728871,6.1295131778324885,1.729730281133358e-13,0.6829268292682927,0.7933723196881092,0.043325751990044584,0.43557422969187676,0.11328099582011872,0.44623655913978494,0.0876855184424736,0.43960506301608,0.09799936539801153,0.7556392602034331,0.0719871450360925,0.45352237237059695,0.09081535667747755,2.594595421700037e-13,True
5,Ensemble (Mean),4.659276768290547,3.1863616107470554,6.813055972778392,2.062306585335033e-15,0.6841124661246613,0.8245614035087718,0.03342383664616422,0.5155677655677656,0.10711545938171951,0.4455197132616487,0.07948427697248732,0.4778860994293644,0.09179350589386943,0.7997007695017304,0.05738727141136691,0.49481176104973984,0.1124615079984813,1.2373839512010199e-14,True
