,Model,HR,CI_lower,CI_upper,p,cindex,accuracy_mean,accuracy_std,precision_mean,precision_std,recall_mean,recall_std,f1_mean,f1_std,roc_auc_mean,roc_auc_std,pr_auc_mean,pr_auc_std,FDR,Sig
0,SVM,3.557433287303116,2.0080481534505057,6.302304838589709,1.3656130935841326e-05,0.610960554049985,0.820662768031189,0.015348943224194554,0.47455648926237154,0.07722226723951073,0.26057347670250897,0.1461372563253781,0.3216193287861821,0.14435518104708145,0.7811722645284759,0.04007906447648672,0.4378001389548836,0.06474524170799746,1.3656130935841326e-05,True
1,RandomForest,4.70976260549217,2.894028771795838,7.6647005089475435,4.466865316406631e-10,0.6933717253839206,0.8323586744639376,0.026297734041388004,0.5203703703703704,0.10384415092703023,0.43405017921146954,0.2288922676708614,0.45384660207105515,0.16029668550377266,0.787098408340687,0.038582764675960515,0.4872620230871414,0.0829675138553972,8.933730632813262e-10,True
2,XGBoost,3.4720347672139895,2.0922511911247494,5.761748625537729,1.4596969794582515e-06,0.6402062631737429,0.8167641325536062,0.0027567515835732583,0.3225357018460467,0.22806877779453877,0.32759856630824374,0.23252562136660246,0.3248587570621469,0.22994419689230194,0.7647953866210558,0.06906805014840782,0.45109960595517523,0.09396781811060542,1.7516363753499017e-06,True
3,LogisticRegression,3.6621696265264925,2.416065093414225,5.5509623519708065,9.53718173731345e-10,0.6862014453477868,0.7914230019493177,0.009939609188290021,0.42156114924993643,0.021451370574619304,0.47634408602150535,0.23360323322812315,0.42605827668720747,0.10127744563904367,0.7719376990482001,0.07870215449613532,0.49424622776727806,0.1348176687038413,1.4305772605970174e-09,True
4,ANN,3.828558289483152,2.51496456041994,5.828256511703145,3.8151812229451986e-10,0.682738632941885,0.8031189083820663,0.01676866523789988,0.4431922083084874,0.05231916966071808,0.4885304659498208,0.1627800576126661,0.4596017069701281,0.10121615006932701,0.7537507308269148,0.06767487335001884,0.39313617220718217,0.06982771928392716,8.933730632813262e-10,True
5,Ensemble (Mean),5.2753847059753936,3.4237393478299096,8.128446989890909,4.712949960921607e-14,0.7196627521830774,0.8265107212475633,0.03975843675316012,0.5241279669762643,0.09447166504403355,0.5426523297491039,0.0955531624542029,0.5300091213134691,0.08755047575767595,0.797277874010887,0.053061388225985155,0.5031299095747584,0.11200443166108173,2.8277699765529644e-13,True
