,Model,HR,CI_lower,CI_upper,p,cindex,accuracy_mean,accuracy_std,precision_mean,precision_std,recall_mean,recall_std,f1_mean,f1_std,roc_auc_mean,roc_auc_std,pr_auc_mean,pr_auc_std,FDR,Sig
0,SVM,10.325242245501785,5.788139433852449,18.418807744121196,2.6625161077895688e-15,0.55371123155676,0.8304093567251462,0.012633022803913973,0.5,0.408248290463863,0.0982078853046595,0.07037513701089537,0.1627680311890838,0.11832374731436064,0.5579793589059202,0.24754392751957568,0.3460841314635575,0.1640294730762972,1.5975096646737413e-14,True
1,RandomForest,5.269012911757346,3.1910211287090555,8.700192178137376,8.314726507135386e-11,0.6889867509786209,0.8382066276803118,0.01929726108501299,0.5518654032585921,0.058527859110391586,0.4232974910394265,0.1630261039417032,0.46910430839002265,0.11991973502687468,0.7573144425924111,0.08501986918375828,0.46490038870703376,0.08309228307059448,1.2472089760703081e-10,True
2,XGBoost,3.6907409495418806,2.2813439211663105,5.970852807524713,1.0362305541893183e-07,0.5926114122252334,0.8148148148148149,0.009939609188290021,0.3236111111111111,0.23214811417192308,0.24157706093189965,0.19087224624270294,0.2664796633941094,0.19313464053142987,0.7516688273723277,0.07078533592970403,0.4704313908887676,0.024589193590391505,1.2434766650271819e-07,True
3,LogisticRegression,3.7609819888975653,2.5530682749244593,5.540386702439601,2.0530905596555912e-11,0.7075240891297802,0.7914230019493177,0.009939609188290021,0.4362884160756501,0.010205266049243206,0.5548387096774193,0.09755953739538713,0.4844452451009828,0.041169088090565,0.7573318734952229,0.05192769514478204,0.445157121860493,0.06740496594690142,4.1061811193111825e-11,True
4,ANN,2.954139955767,1.8989740500001637,4.595609338768109,1.5519297604973243e-06,0.6035079795242397,0.7855750487329435,0.0027567515835733108,0.3848339160839161,0.01739763045235589,0.33691756272401435,0.0658952555944453,0.3572426874313667,0.045238709603816624,0.707469868142483,0.03919139389254112,0.3530319659862163,0.04481184581639519,1.5519297604973243e-06,True
5,Ensemble (Mean),4.902834591337797,3.1059678083203535,7.739226068481897,8.73295426477966e-12,0.7032896717856068,0.8245614035087719,0.0172159081214968,0.51605222734255,0.05989611528219113,0.467741935483871,0.03484269192692398,0.48939851016816843,0.03883565968800667,0.760866715327937,0.06604977931730009,0.4523472733388076,0.03735277633374635,2.6198862794338983e-11,True
