,Model,HR,CI_lower,CI_upper,p,cindex,accuracy_mean,accuracy_std,precision_mean,precision_std,recall_mean,recall_std,f1_mean,f1_std,roc_auc_mean,roc_auc_std,pr_auc_mean,pr_auc_std,FDR,Sig
0,SVM,4.125660879572028,2.671290141304224,6.371856590958224,1.653745472278513e-10,0.6607008431195424,0.8167641325536062,0.007293679116518423,0.49448621553884703,0.02850760139710498,0.3605734767025089,0.128389478233388,0.4011396011396012,0.07397758343985178,0.7592211291593584,0.08452232205694155,0.4449008560350442,0.059981239226041955,3.307490944557026e-10,True
1,RandomForest,4.645669555150277,2.8543897813201875,7.5610716367083315,6.390200549265035e-10,0.6265055706112617,0.820662768031189,0.0027567515835733108,0.5013071895424837,0.025632250393630818,0.28243727598566304,0.028602060707182797,0.3601361605388378,0.022842738905649963,0.7659242191500256,0.0676357980809995,0.4434976837368143,0.043807340180299956,9.585300823897553e-10,True
2,XGBoost,3.8874511982492765,2.498421024422842,6.048731046946264,1.750572619879834e-09,0.6775255947003914,0.8031189083820661,0.0055135031671465695,0.4505376344086021,0.01362950060346347,0.44587813620071687,0.019736057201342222,0.44808743169398907,0.015455885927574825,0.7263072269249345,0.05502337637819798,0.3948650334579553,0.03429641646471111,2.100687143855801e-09,True
3,LogisticRegression,4.865610027284628,3.4112802685142145,6.9399636131111615,2.4854604917215558e-18,0.727661096055405,0.7680311890838206,0.02450254403504198,0.41201032136992727,0.026126314488817647,0.6304659498207885,0.1712129017791609,0.48533755274261603,0.04433250359274165,0.7455896184448002,0.051719173273602786,0.4152436622312412,0.03504371466192793,1.4912762950329337e-17,True
4,ANN,3.1359069210335027,2.0114475070768827,4.888972833139883,4.547137834282225e-07,0.5881135200240891,0.797270955165692,0.011027006334293139,0.3930610452349583,0.04950022943734869,0.26164874551971323,0.07310422241710085,0.3117800074321813,0.06994942291105133,0.6713129101255388,0.023476235465404522,0.3429002999769206,0.06787481432338531,4.547137834282225e-07,True
5,Ensemble (Mean),4.740486524356125,3.1117719098192205,7.221677275474715,4.308236133353979e-13,0.6654433905450166,0.8109161793372319,0.009939609188290037,0.4671394249399365,0.04605305753605587,0.4010752688172043,0.08878621657351836,0.4276353276353276,0.06083938687132119,0.7497470703373242,0.057403591939877825,0.4349267817849807,0.028860660076080086,1.2924708400061938e-12,True
