,Model,HR,CI_lower,CI_upper,p,cindex,accuracy_mean,accuracy_std,precision_mean,precision_std,recall_mean,recall_std,f1_mean,f1_std,roc_auc_mean,roc_auc_std,pr_auc_mean,pr_auc_std,FDR,Sig
0,SVM,4.266260432257448,2.8858060183090153,6.3070691378316095,3.5069368322745815e-13,0.6607008431195424,0.8167641325536062,0.007293679116518423,0.49448621553884703,0.02850760139710498,0.3605734767025089,0.128389478233388,0.4011396011396012,0.07397758343985178,0.7593747389903877,0.08509018934322927,0.4444057583138806,0.06214565326348523,7.013873664549163e-13,True
1,RandomForest,3.948525488771229,2.6155495411478085,5.960832815513859,6.346115232039254e-11,0.6393405600722674,0.8187134502923975,1.1102230246251565e-16,0.4901960784313726,0.013864838846795053,0.3254480286738351,0.04920717505872549,0.389648677007876,0.03920670196172903,0.7682283666154633,0.07046440685963071,0.44637784538388675,0.0475590302485353,7.615338278447105e-11,True
2,XGBoost,4.230283360644994,2.7727871030621882,6.4539023899768,2.2018558711388642e-11,0.620727943390545,0.8148148148148148,0.009939609188290021,0.3160919540229885,0.22450603430603,0.3064516129032258,0.21918082914666137,0.3111111111111111,0.2216659704806667,0.747380643708715,0.07560837845298912,0.45426768714689,0.040033538368113755,3.3027838067082965e-11,True
3,LogisticRegression,5.085732980688594,3.4757304036821153,7.441509250390419,5.5287866573468855e-17,0.7277740138512496,0.7660818713450293,0.021881037349555193,0.4054421768707483,0.017101775632621125,0.6197132616487455,0.18462156492770176,0.4764863286371546,0.05516032280519164,0.7448215692896544,0.052632221298049835,0.41416319024374015,0.036290130930706294,1.6586359972040658e-16,True
4,ANN,3.0908759211786077,2.0563383962802444,4.645886094138624,5.7247768169504114e-08,0.6029810298102981,0.7641325536062378,0.021530918162158425,0.34978354978354975,0.04767411220064488,0.34767025089605735,0.028222250444486778,0.34661172161172166,0.02846939845551247,0.6506249704945656,0.012492647365032732,0.31251647284429906,0.0031958535476460286,5.7247768169504114e-08,True
5,Ensemble (Mean),5.684331483006219,3.8498231292627976,8.393015295454115,2.3312372508072457e-18,0.6988482384823849,0.8128654970760234,0.009549667613189776,0.4802622498274672,0.036296829629863636,0.4562724014336917,0.06781490826028744,0.4643097643097643,0.036235589494509106,0.752689624618245,0.05853464416507937,0.4428827371073989,0.02699491033171754,1.3987423504843477e-17,True
