,Model,HR,CI_lower,CI_upper,p,cindex,accuracy_mean,accuracy_std,precision_mean,precision_std,recall_mean,recall_std,f1_mean,f1_std,roc_auc_mean,roc_auc_std,pr_auc_mean,pr_auc_std,Sig
0,SVM,1.798881198382852,1.5574915194940802,2.0776829442682727,1.3835449464068895e-15,0.7502242307161584,0.7331517285673156,0.020312670451457838,0.4674603174603175,0.03638696313126237,0.39235377026074697,0.057122133607632714,0.42143546119299374,0.019504359687956177,0.6697346886500091,0.02044064017894793,0.42387471158856416,0.027954847898338825,True
1,RandomForest,1.8397075333046882,1.5718811511078756,2.153167754262196,3.099313933535693e-14,0.7592797019456327,0.7600491661683609,0.023438293464845782,0.5412832529447315,0.07842798303933544,0.38495419309372797,0.056775486414101545,0.44357864357864357,0.03205672443881524,0.7078756470466039,0.013857437882950002,0.4860406715463137,0.04725770388003289,True
2,XGBoost,1.3369022794697807,1.1584374979803358,1.542860713648821,7.134423105755685e-05,0.6461639299020284,0.727426749053219,0.018072031399866368,0.45445134575569357,0.0323074255369094,0.39992952783650454,0.057332039463809964,0.4208030168643601,0.022536726237606518,0.7083690763346363,0.012610923636221861,0.4608214726937036,0.024637722672975686,True
3,LogisticRegression,1.5474828764220585,1.3379355929564776,1.7898494258066924,4.064069757007966e-09,0.7521043190285636,0.7485549132947976,0.003111504708523518,0.49659863945578236,0.00481025021215339,0.5005285412262156,0.052164278966390726,0.4969669636726352,0.024606979503774568,0.6782869905406742,0.03241597347338251,0.455910636555934,0.05373468300177155,True
4,ANN,1.6404342056058057,1.4021168356213802,1.9192583061232278,6.414668016959537e-10,0.7091900096591693,0.683409740216597,0.04234229541222304,0.3829674319870399,0.06035099896631716,0.36874559548978153,0.06513482875856066,0.3661138502913492,0.02398626751104916,0.6353997857282075,0.045091023849697744,0.3817979250080803,0.0632123987537902,True
5,Ensemble,1.9311051259593452,1.6817205879797603,2.2174712221286903,1.0782742231544823e-20,0.7704222436870429,0.7025668283392023,0.04213386705455326,0.43405349794238673,0.03838455168675538,0.5088090204369274,0.15335429346650023,0.4526104417670683,0.04099140738136683,0.7046670635122615,0.02009167717870123,0.4512597203023449,0.01663232836889849,True
