,Model,HR,CI_lower,CI_upper,p,cindex,accuracy_mean,accuracy_std,precision_mean,precision_std,recall_mean,recall_std,f1_mean,f1_std,roc_auc_mean,roc_auc_std,pr_auc_mean,pr_auc_std,Sig
0,SVM,2.904861385593583,2.0979209166229507,4.022181962462045,1.3419929985199058e-10,0.6628604939975162,0.7331517285673156,0.020312670451457838,0.4674603174603175,0.03638696313126237,0.39235377026074697,0.057122133607632714,0.42143546119299374,0.019504359687956177,0.6697346886500091,0.02044064017894793,0.42387471158856416,0.027954847898338825,True
1,RandomForest,3.631330735417874,2.60175813932713,5.068327724498189,3.431121272103942e-14,0.675106940803091,0.7600491661683609,0.023438293464845782,0.5412832529447315,0.07842798303933544,0.38495419309372797,0.056775486414101545,0.44357864357864357,0.03205672443881524,0.7078756470466039,0.013857437882950002,0.4860406715463137,0.04725770388003289,True
2,XGBoost,3.0545438137758314,2.218123891597479,4.206364642489209,7.924422658893215e-12,0.6592038084724714,0.727426749053219,0.018072031399866368,0.45445134575569357,0.0323074255369094,0.39992952783650454,0.057332039463809964,0.4208030168643601,0.022536726237606518,0.7083690763346363,0.012610923636221861,0.4608214726937036,0.024637722672975686,True
3,LogisticRegression,3.8714127066207,2.8530659932955005,5.253238579200253,3.558335873366979e-18,0.7220229060300815,0.7485549132947976,0.003111504708523518,0.49659863945578236,0.00481025021215339,0.5005285412262156,0.052164278966390726,0.4969669636726352,0.024606979503774568,0.6782869905406742,0.03241597347338251,0.455910636555934,0.05373468300177155,True
4,ANN,2.551684469044907,1.830460987840059,3.5570786117917055,3.256847431428453e-08,0.6398337242997102,0.7216021083870396,0.03411359092259651,0.42121126936531733,0.1072096724050381,0.3535940803382664,0.125580179282889,0.3805002518781348,0.11236703151390233,0.6464722019799244,0.024549020592417464,0.3944922542853326,0.05521984958460352,True
5,Ensemble,2.9668410530727183,2.1887246040278407,4.021586735032505,2.4304892539880046e-12,0.7097764592245067,0.7121232254778199,0.037011248472873,0.448268106162843,0.04187645208362405,0.4933051444679352,0.16147508743060757,0.4510674707378588,0.0433695549406542,0.7063773480203448,0.014294694321984238,0.4591836473302862,0.027412952412239937,True
