,Model,HR,CI_lower,CI_upper,p,cindex,accuracy_mean,accuracy_std,precision_mean,precision_std,recall_mean,recall_std,f1_mean,f1_std,roc_auc_mean,roc_auc_std,pr_auc_mean,pr_auc_std,Sig
0,SVM,0.6635947370128,0.5007017058005466,0.8794816751962551,0.004322640415834601,0.5965399475645095,0.4392952849201603,0.19760950339132585,0.2724144969907682,0.1203828822814601,0.5380549682875264,0.04192057244528672,0.3468448789959087,0.09815301324024131,0.4557281806305417,0.15492287738504992,0.27429710344183245,0.10484826423869036,True
1,RandomForest,3.692346826263315,2.573660053652577,5.297290551667076,1.309004070270149e-12,0.6625155236649648,0.7658405864505128,0.009613358993559019,0.548994708994709,0.021502062234309005,0.3387949260042283,0.032083221578714245,0.41869574937547993,0.030964248354345927,0.7171892903829704,0.014494914501067687,0.47527426652244714,0.036438380754852805,True
2,XGBoost,2.7377684185236384,1.8851186082813691,3.9760765611978295,1.2233772067005093e-07,0.5942631433696702,0.7408699311230705,0.00532855604144003,0.31503875968992245,0.22284889703923566,0.24594785059901336,0.19082477363813655,0.2709807886754297,0.1975047479004981,0.6702809617153661,0.022198507087770977,0.426726575829393,0.03604416044554978,True
3,LogisticRegression,4.176488311107605,3.088084808816646,5.648502451428023,1.7002417002565644e-20,0.7348558024009935,0.7523863309193187,0.008493178818377013,0.5038450162673765,0.013321168914390467,0.5160324171952079,0.05954845690753518,0.5081598690925845,0.03244405595114054,0.6826927215041896,0.030638816620174994,0.4672851330201276,0.05067569539493385,True
4,ANN,2.540713947988897,1.8794466332334951,3.434642543906356,1.3426887933372743e-09,0.6446288119221747,0.710019267822736,0.06035574232535793,0.4534436834094368,0.08667353913239442,0.4393939393939394,0.12102658005579207,0.4274834464526929,0.04236855021844705,0.6354332941453481,0.020467574890764263,0.3994622408534069,0.022277365629585093,True
5,Ensemble,3.5126847187307026,2.5248255678342564,4.887052036544567,8.832189079883308e-14,0.6858182696288119,0.733240316258056,0.019075733464241202,0.46716049382716046,0.034193742269080084,0.38530655391120505,0.07931054189814922,0.41482558433035494,0.035861955090635736,0.7003833967086229,0.01600172658444604,0.4426153012605651,0.025466808351657592,True
