,Model,HR,CI_lower,CI_upper,p,cindex,accuracy_mean,accuracy_std,precision_mean,precision_std,recall_mean,recall_std,f1_mean,f1_std,roc_auc_mean,roc_auc_std,pr_auc_mean,pr_auc_std,Sig
0,SVM,1.0223268860967507,0.8894240505722021,1.1750888244633035,0.7559757962465687,0.44266593072995725,0.2648550483910261,0.024613492452021605,0.19798755832951329,0.017398715726853396,0.6381254404510218,0.056639192865179794,0.302165808048161,0.02633503176115968,0.3020641143577412,0.05113427467505635,0.1887545455777079,0.029280222690720177,False
1,RandomForest,1.873140530390783,1.5730217549901546,2.230519339902343,1.860585004019676e-12,0.753208224092728,0.7505038424910858,0.014689179166168655,0.5029834494773519,0.028823776151800838,0.41525722339675825,0.01507552605023356,0.4539768728004023,0.005928776518109856,0.7102999329210938,0.0421357124903667,0.47493190437065663,0.06393408840417499,True
2,XGBoost,1.5330632725866071,1.2937958402870484,1.816579497761031,8.009750685023576e-07,0.7453429005105561,0.7427081257059331,0.043241822589061805,0.4759259259259259,0.09583221505878231,0.39464411557434814,0.2166534835357168,0.3968490222228291,0.17826582156069246,0.7090146849422546,0.024697957475928095,0.4973409786133658,0.056016865013051594,True
3,LogisticRegression,1.826047550523651,1.5340206762210682,2.1736666972361576,1.2651133133029228e-11,0.7606940803090935,0.7274931898212742,0.04333319492036348,0.47113752122241087,0.06038910257534196,0.4763918252290345,0.05239642084690936,0.4674511839015727,0.018687297196168746,0.7098590060155834,0.03451692624489872,0.45327500746969734,0.03406220895085784,True
4,ANN,1.42151998484715,1.1992224735335282,1.6850243486229544,5.0380129557994225e-05,0.6703808472471368,0.7197749872655196,0.018871835831194454,0.4113756613756614,0.05799023866873803,0.31624383368569414,0.08123311643887116,0.35617208607046363,0.074951134293326,0.6273208846304886,0.03418616371534531,0.3803644427810145,0.037522612522075685,True
5,Ensemble,1.8342681863809893,1.5901325945943217,2.1158863047064154,8.45340879094793e-17,0.7641782806678625,0.7600380927070184,0.02356692744043366,0.5476190476190476,0.08473871628596277,0.3241719520789288,0.1156602578657006,0.39158496732026143,0.08935749999246899,0.7027189613156238,0.041741563308402854,0.4739862914223744,0.05684231182363334,True
