,Model,HR,CI_lower,CI_upper,p,cindex,accuracy_mean,accuracy_std,precision_mean,precision_std,recall_mean,recall_std,f1_mean,f1_std,roc_auc_mean,roc_auc_std,pr_auc_mean,pr_auc_std,Sig
0,SVM,0.31760261864146033,0.22236081748618755,0.45363848050333216,2.8684463847039183e-10,0.6846971160480199,0.2648550483910261,0.024613492452021605,0.19798755832951329,0.017398715726853396,0.6381254404510218,0.056639192865179794,0.302165808048161,0.02633503176115968,0.3020641143577412,0.05113427467505635,0.1887545455777079,0.029280222690720177,True
1,RandomForest,3.863314989928678,2.7630747839292322,5.401664405978628,2.722560506719065e-15,0.6841451635159377,0.7562177485438398,0.013903444011634476,0.5121675155631014,0.02936031039311305,0.39270613107822405,0.06772343745688773,0.4431097764431098,0.05332203288226882,0.7007177980904237,0.03369150915930877,0.4512948663677064,0.03744290682155893,True
2,XGBoost,2.83864976047318,2.050000738104795,3.9306973470087234,3.3313350880256434e-10,0.6450082792879812,0.7388656346200696,0.04065755506635429,0.43938979963570124,0.10084893601222551,0.3796687808315715,0.25310901872311553,0.35917976324282397,0.22588777197167392,0.7058285817383988,0.02897925760785637,0.481218669766712,0.057775549522891274,True
3,LogisticRegression,2.8816504022868923,2.1068859180619235,3.941318782290209,3.4935314936727476e-11,0.681281909755761,0.7255774810090138,0.046023444844620884,0.46908939014202167,0.06324149210540463,0.4531360112755461,0.08071447342831269,0.4511280651481792,0.033878089327661086,0.7152243770786288,0.03827934676090127,0.46011885108406814,0.035317467076371886,True
4,ANN,1.418082718749702,1.0672746685643881,1.8841996877163085,0.015997042386236653,0.5813785014488754,0.5813899408677164,0.12943367900552225,0.36345505975082637,0.11962608059065696,0.5771670190274841,0.16295078296993565,0.41313184297073396,0.04335375156301848,0.5981153351648647,0.0866596044690103,0.3468702883667775,0.1111135648172453,True
5,Ensemble,3.3988203447588945,2.4783327482133193,4.661189965017824,3.150016259949088e-14,0.6875086242583138,0.7465838371758244,0.02413014198176685,0.49481658692185015,0.049457861254659286,0.4464411557434813,0.03252807583606558,0.46843337590464024,0.03582431759624699,0.7134448101162109,0.03451967115156062,0.4825539036866983,0.04730221065491328,True
