,Model,HR,CI_lower,CI_upper,p,cindex,accuracy_mean,accuracy_std,precision_mean,precision_std,recall_mean,recall_std,f1_mean,f1_std,roc_auc_mean,roc_auc_std,pr_auc_mean,pr_auc_std,Sig
0,SVM,1.9369509454839726,1.6685686050856994,2.2485014723254726,3.698376573005864e-18,0.752087070511936,0.7332956835647687,0.048430461421637525,0.48281255199494194,0.09052379270664686,0.4083861874559549,0.06448684309101835,0.43434001444564824,0.05549732480637345,0.6930556262484187,0.03219803725920842,0.42707466081256884,0.05047243704044986,True
1,RandomForest,1.9560212648672144,1.6666961174245907,2.295570949385046,2.1220661600954195e-16,0.7488271008693252,0.7659181006799104,0.030728960971952247,0.549719887955182,0.09189959236457913,0.34707540521494007,0.08937331897731941,0.42109856106334975,0.09100506040837945,0.7055857362354789,0.0281763674189645,0.48273645704462326,0.07334993233987692,True
2,XGBoost,1.2378228357759946,1.0754983756752141,1.4246468497049873,0.002931868695941993,0.6383331033531117,0.7255885544703563,0.03076270142519766,0.45061561561561564,0.05477917455723825,0.37790697674418605,0.09044389061688399,0.4023771874341134,0.06199407175591685,0.669598772137384,0.027315541129840557,0.45540329234828913,0.03333137181212079,True
3,LogisticRegression,1.1332235391022423,1.0146302091457176,1.2656784491530744,0.026589936217968756,0.7359252104319028,0.7005957522202291,0.00871570750574977,0.41194374983194854,0.018588597191379452,0.47744890768146586,0.06147055397525426,0.44152617568766644,0.03696785550259076,0.7006131140295885,0.010094583800823679,0.46103206044327116,0.02956433326309504,True
4,ANN,1.7380122986946818,1.5067352109394538,2.0047893806971993,3.2820290913057807e-14,0.7319925486408169,0.7119681970190243,0.047140464981032575,0.4494496044031648,0.06765714489659573,0.44679351656095845,0.09605436024849529,0.4342119897675453,0.012595161976992172,0.6774250721170657,0.020978544669093546,0.4340989064881968,0.026813477075860792,True
5,Ensemble,2.032549944460836,1.7591128132167488,2.3484902421768186,6.46341151490409e-22,0.7709741962191251,0.7447013487475914,0.007852153880901647,0.49099257385152395,0.020205048340747506,0.4083861874559549,0.10662859857328372,0.43680330015361485,0.052403378998158896,0.7071241543236928,0.0301870470907417,0.47019248536325575,0.05904118348187841,True
