,Model,HR,CI_lower,CI_upper,p,cindex,accuracy_mean,accuracy_std,precision_mean,precision_std,recall_mean,recall_std,f1_mean,f1_std,roc_auc_mean,roc_auc_std,pr_auc_mean,pr_auc_std,Sig
0,SVM,1.861046857177844,1.6083857048015047,2.153398525162203,7.201585913068606e-17,0.7425141437836346,0.7138617589085996,0.05596356240529925,0.45870606307038947,0.07852591636144828,0.4466173361522199,0.09548035444391924,0.4371318750079812,0.01586778694105794,0.6757025698131681,0.03206993562107304,0.44769930113891204,0.03517998486591328,True
1,RandomForest,1.863678521025828,1.5926792347608696,2.1807891720610715,8.15226476123187e-15,0.733993376569615,0.7409031515070982,0.015929311741021312,0.48093058733791,0.04326025610510829,0.3777307963354475,0.08812684227519177,0.41579611022592194,0.05738890178133924,0.683044275388497,0.029546235334117352,0.4472630980268411,0.05244938451749923,True
2,XGBoost,1.180883158556253,1.0040394275892013,1.3888747750773993,0.04457244015620076,0.5801366082516903,0.7370938808052622,0.037612174936016145,0.4849621212121213,0.08658943435738807,0.3618745595489781,0.032321303158473924,0.4089821755788772,0.03498483639321567,0.6599183776753454,0.020145295549945652,0.4492340843387758,0.041108306402894174,True
3,LogisticRegression,1.4548440031795444,1.2875998494838123,1.643811215445542,1.7768599579391257e-09,0.7178487650062094,0.7447456425929616,0.01128790433547553,0.48613928329952677,0.03256334529614343,0.3461945031712474,0.003737350851937371,0.4038941538941539,0.011097250196458611,0.6611369088335182,0.029977778369104435,0.4066377848899391,0.03977688572749093,True
4,ANN,1.4969903607789439,1.2724663710626176,1.7611311318142449,1.1374718498166085e-06,0.6590313233061956,0.6099151772861161,0.16601420919264756,0.38086653409079174,0.10075838679579462,0.48572938689217754,0.16779054372599106,0.38982259570494865,0.017866279251624578,0.6141253030654771,0.09349623886151645,0.3657442308329791,0.08913579728493282,True
5,Ensemble,1.8607199312505502,1.610353321744871,2.1500118115703697,3.700241800514112e-17,0.7424106526838692,0.7390206630788652,0.039012227066669014,0.49261904761904757,0.0834631641698458,0.3928823114869626,0.05366768733408566,0.42952699474438605,0.04097828877258953,0.6941316509397462,0.03637756689439853,0.45019213197116265,0.07090183040033297,True
