,Model,HR,CI_lower,CI_upper,p,cindex,accuracy_mean,accuracy_std,precision_mean,precision_std,recall_mean,recall_std,f1_mean,f1_std,roc_auc_mean,roc_auc_std,pr_auc_mean,pr_auc_std,Sig
0,SVM,1.9391775782874687,1.670450644039026,2.2511348620516314,3.2740507283545815e-18,0.7527770111770388,0.7313799747525082,0.04772670574074671,0.4766397124887691,0.08848700774468686,0.4083861874559549,0.06448684309101835,0.432514245014245,0.05685583414150504,0.6933465463467239,0.03228582919586315,0.42613571886987517,0.050578760342603564,True
1,RandomForest,1.8454076731344022,1.5544099639869966,2.1908824306094177,2.5981200310278362e-12,0.7226438526286739,0.7486102806015104,0.018944171375123792,0.4925855646918265,0.04519535830745791,0.3851303735024665,0.06068999546986577,0.4317489542805999,0.05548536532082962,0.6891539181571136,0.00604605225110931,0.4728066893545848,0.05606148572287643,True
2,XGBoost,1.2782084478215376,1.1183486862283591,1.4609189926197403,0.0003172182006270416,0.6247412722505864,0.7313578278298231,0.042182949519347375,0.4718278315839291,0.07585379049523171,0.461768851303735,0.03549324760113283,0.46431510875955323,0.05065983854669935,0.6924390775802104,0.027047144274120728,0.4892466727033442,0.0691661935666594,True
3,LogisticRegression,1.1333478322896398,1.0146571378846643,1.2659225082016143,0.026571054970409336,0.7357527252656272,0.6986689699466261,0.00658497696425648,0.4101673652969433,0.01628154820687598,0.485200845665962,0.07176232693453824,0.4432773712153824,0.03926595506316301,0.7004342231530231,0.01020941288917413,0.46064327344730466,0.02895668810216209,True
4,ANN,1.4580452175181084,1.2355191497603468,1.7206498634519645,8.082246114506308e-06,0.6572719746101835,0.6967532611343653,0.02194518107061191,0.39355089355089357,0.042582903589416535,0.3928823114869626,0.08489336678977513,0.3892344497607656,0.05308885017435848,0.6705515222690795,0.03140005539839128,0.3961749439560099,0.03576397013401711,True
5,Ensemble,1.683631395088209,1.5523036834176884,1.8260696697476948,2.9913389870793074e-36,0.7413239961363323,0.7390206630788652,0.031519556853098006,0.4803503010399562,0.07105866929903,0.38495419309372797,0.04220467790644134,0.42486965984145675,0.046254707292935106,0.7037326866281243,0.021457098692873995,0.4502736236215659,0.0512414030900246,True
