,Model,HR,CI_lower,CI_upper,p,cindex,accuracy_mean,accuracy_std,precision_mean,precision_std,recall_mean,recall_std,f1_mean,f1_std,roc_auc_mean,roc_auc_std,pr_auc_mean,pr_auc_std,Sig
0,SVM,1.6934841183675216,1.4535851823878738,1.9729758488950777,1.3885521849582534e-11,0.6590485718228233,0.611797665714349,0.17920764688105414,0.37328521152050564,0.14158711181200256,0.4150810429880198,0.03375315014750682,0.37519955127928556,0.09433002368306474,0.5755304551061696,0.15609796427711223,0.35414069174079527,0.1031677807004171,True
1,RandomForest,1.7927980419709102,1.5382417600660532,2.0894796271534797,7.922230194236502e-14,0.7316475783082654,0.737049586959892,0.014219523075859105,0.4759123745191857,0.04424788772898851,0.3550035236081748,0.11650015286415469,0.39096743876594386,0.07667335030597305,0.6702820272809622,0.03886494655836478,0.4459271080835692,0.04813377813352728,True
2,XGBoost,1.2881726790116539,1.1248767177501315,1.475173967749114,0.0002508122209823644,0.6189112736304678,0.7351560250703164,0.03703068457355104,0.4803312629399586,0.08357570555668492,0.39252995066948554,0.02252905900372908,0.4273877062954008,0.032405286432281806,0.6772991388160925,0.02620298023551306,0.46523791525430624,0.058222586376007614,True
3,LogisticRegression,1.4248006690455006,1.259486927163208,1.6118126379325612,1.840089038063451e-08,0.7214364564647441,0.7332292427967134,0.009100862832111235,0.4577977921631173,0.019294041285796596,0.36909795630725867,0.015465790237741178,0.4084323891769335,0.01356465969466692,0.6646554478127352,0.03056561044496229,0.4074936346396747,0.03571233213943165,True
4,ANN,1.4551194370396054,1.240150805378571,1.7073508857691742,4.247045801059021e-06,0.6725541603422106,0.6851704205700617,0.019825473189382055,0.38506441223832527,0.007184608815448777,0.43093727977448903,0.09618998561879122,0.401009503529319,0.038450450015317404,0.6310171765035958,0.016417288867236045,0.4230514350657349,0.06928146612236863,True
5,Ensemble,1.9193592896880465,1.6389302703024002,2.247771091708542,5.940772090318769e-16,0.7479301780046916,0.7313246074457954,0.025462022378414707,0.4621212121212121,0.05356869554443542,0.3780831571529246,0.11672773117239633,0.40301724137931033,0.07936403244218236,0.6793280895091652,0.04556812103924422,0.4500979497493128,0.05906399629752283,True
