,Model,HR,CI_lower,CI_upper,p,cindex,accuracy_mean,accuracy_std,precision_mean,precision_std,recall_mean,recall_std,f1_mean,f1_std,roc_auc_mean,roc_auc_std,pr_auc_mean,pr_auc_std,Sig
0,SVM,2.8126056998677877,2.0637955463351925,3.833107808075452,5.857528348939812e-11,0.6906651028011591,0.7138617589085996,0.05596356240529925,0.45870606307038947,0.07852591636144828,0.4466173361522199,0.09548035444391924,0.4371318750079812,0.01586778694105794,0.6757025698131681,0.03206993562107304,0.44769930113891204,0.03517998486591328,True
1,RandomForest,3.352007380696116,2.383586525889466,4.7138852977231,3.572566183014734e-12,0.6748309645370498,0.7409031515070982,0.015929311741021312,0.48093058733791,0.04326025610510829,0.3777307963354475,0.08812684227519177,0.41579611022592194,0.05738890178133924,0.683044275388497,0.029546235334117352,0.4472630980268411,0.05244938451749923,True
2,XGBoost,3.2454189605298547,2.3027015311303196,4.574081393951437,1.770176267658819e-11,0.6671898716710363,0.7370938808052622,0.037612174936016145,0.4849621212121213,0.08658943435738807,0.3618745595489781,0.032321303158473924,0.4089821755788772,0.03498483639321567,0.6599183776753454,0.020145295549945652,0.4492340843387758,0.041108306402894174,True
3,LogisticRegression,3.419168451170183,2.39603560739263,4.879189967547838,1.2318372515683743e-11,0.6772630053815372,0.7447456425929616,0.01128790433547553,0.48613928329952677,0.03256334529614343,0.3461945031712474,0.003737350851937371,0.4038941538941539,0.011097250196458611,0.6611369088335182,0.029977778369104435,0.4066377848899391,0.03977688572749093,True
4,ANN,2.568547408914961,1.8575601901757428,3.5516673035610116,1.1622448649703022e-08,0.6626707603146129,0.7101521493588465,0.007941872270198398,0.4215451730931607,0.008194202102081483,0.43851303735024666,0.09505941259348641,0.4251515151515151,0.04773857490035691,0.6627433782857182,0.0352572369353389,0.46592435284400097,0.0588202838831102,True
5,Ensemble,2.950912622806686,2.1469322231585055,4.055966561733859,2.593993518187245e-11,0.6634814405961087,0.7198414280335746,0.05385857485445449,0.46472107700921256,0.08965001738392415,0.4008104298801973,0.07510039950179272,0.41650326797385623,0.04155662773320927,0.6832818344446251,0.02779342098736618,0.4501858202772127,0.04735370221549648,True
