,Model,HR,CI_lower,CI_upper,p,cindex,accuracy_mean,accuracy_std,precision_mean,precision_std,recall_mean,recall_std,f1_mean,f1_std,roc_auc_mean,roc_auc_std,pr_auc_mean,pr_auc_std,Sig
0,SVM,2.7860478315258486,2.007039043868174,3.8674197909922223,9.164425235404404e-10,0.6515282185732028,0.7274599694372467,0.02854433346616054,0.4461961961961962,0.07263381489679485,0.37649753347427767,0.0545197953679792,0.4083333333333334,0.062360956446232345,0.6849874428784424,0.011167525513834693,0.43163730791733074,0.04369147224493253,True
1,RandomForest,3.5636139062315064,2.600835133244453,4.882794726340296,2.608395025240846e-15,0.7125362218849179,0.7446792018249065,0.03851756412263866,0.4992007204773163,0.09202791778983387,0.4767441860465116,0.02511914999382891,0.485148957933768,0.052734819042966244,0.6987146175322989,0.013854682307472586,0.4661437666195422,0.061450380043855085,True
2,XGBoost,3.435218851734948,2.50776990786492,4.705666386021097,1.5153857606020397e-14,0.6924244514971712,0.7216021083870396,0.05115694895094742,0.49371161876688774,0.1458691542089277,0.42389006342494717,0.08854708860556068,0.43099159139311155,0.019527874461895692,0.6835073515749887,0.011846105705905798,0.4624403769084682,0.06245654461790342,True
3,LogisticRegression,3.2957275853171493,2.4147922187456414,4.498035165221196,5.657923368311432e-14,0.6713985097281634,0.7332070958740283,0.03989136949039295,0.486266416510319,0.09744445343493142,0.4157857646229739,0.03687519507244857,0.4393753200204813,0.021846584847604544,0.6867758757604309,0.02780075924503796,0.44371418972604876,0.07499497855622334,True
4,ANN,2.4766152484686317,1.7646462404436534,3.475837223558913,1.569753706685661e-07,0.6285186973920243,0.7140278608287378,0.006462330109420325,0.41620366010609916,0.009522383715058456,0.36134601832276253,0.017690127365836802,0.38653846153846155,0.010296396412954503,0.6498492069502189,0.029054427022515854,0.39786041863095933,0.051700013662369024,True
5,Ensemble,3.621341757017025,2.6159247511105215,5.013185534311682,8.827037322242093e-15,0.7011866979439768,0.7292649436360819,0.04089440818011987,0.47810369253745927,0.08399385773147411,0.40803382663847776,0.10905211518842974,0.42445126600056177,0.045006122431658115,0.7019071658562162,0.01580835700124143,0.45831456306803364,0.04875780643989927,True
