,Model,HR,CI_lower,CI_upper,p,cindex,accuracy_mean,accuracy_std,precision_mean,precision_std,recall_mean,recall_std,f1_mean,f1_std,roc_auc_mean,roc_auc_std,pr_auc_mean,pr_auc_std,Sig
0,SVM,1.896540027778282,1.646007656891449,2.1852049484132214,8.434542293231156e-19,0.7591589623292397,0.7198192811108896,0.023068824055173603,0.4428832902670112,0.03779491511664493,0.461768851303735,0.02320905243842657,0.45198700860986,0.030805944066137823,0.6971935847157753,0.025758702575255105,0.46543059339767545,0.03526550874627349,True
1,RandomForest,1.8458296987140992,1.5932827346271305,2.138407203321844,3.2174902764961455e-16,0.748758106802815,0.7601045334750737,0.025594235673525492,0.5547138047138048,0.08092198761989608,0.36962649753347426,0.06758901399364353,0.4322327755163576,0.015987812350482054,0.6872394071399929,0.003165908713444031,0.4662777542730496,0.059520191071872924,True
2,XGBoost,1.105142505290319,0.9472794303854524,1.2893132879517861,0.20363668490181008,0.595194563267559,0.7313467543684804,0.03416491063848628,0.4621848739495798,0.0752402017846683,0.3997533474277661,0.03640502885867957,0.4279627593831324,0.05307490031378158,0.6600538700307917,0.03647131917836981,0.4382668334034839,0.07888010604123234,False
3,LogisticRegression,1.685714346698408,1.4770210883134425,1.923894574795543,9.628618905365938e-15,0.7268869877190561,0.7389210019267822,0.0195732254908127,0.48456256921373203,0.05538944542787444,0.40063424947145876,0.06131685712656263,0.43148093076124955,0.024861096773301155,0.6757294468949006,0.023969118982742156,0.44964347167177215,0.02408014987012393,True
4,ANN,1.4361811625081227,1.2183438406890594,1.6929673403007706,1.6098795452120314e-05,0.6453015040706499,0.6584058645051271,0.08244687322851019,0.3607150684615474,0.09158585801140764,0.39992952783650465,0.07622892846373852,0.3736006996501749,0.07734049563357534,0.6098267804152768,0.07795811407378482,0.3641809085154189,0.07634134760503641,True
5,Ensemble,1.8649010529254169,1.6240071422197457,2.1415274888807954,1.0349189770109003e-18,0.7521388160618186,0.7619980953646491,0.016439231220909904,0.5461538461538461,0.06147833601209916,0.3694503171247357,0.05158266318518824,0.4349349657795718,0.0216965035535775,0.6882934170392008,0.007176117283536186,0.4691325973193738,0.05676510617626979,True
