,Model,HR,CI_lower,CI_upper,p,cindex,accuracy_mean,accuracy_std,precision_mean,precision_std,recall_mean,recall_std,f1_mean,f1_std,roc_auc_mean,roc_auc_std,pr_auc_mean,pr_auc_std,Sig
0,SVM,1.8980409011729535,1.6524080805002355,2.1801873913826606,1.2724568668089742e-19,0.7599006485442252,0.7255996279316989,0.029963092179109082,0.45601851851851843,0.05448426988861029,0.4462649753347428,0.013946101076225011,0.4495338636780574,0.02797367081873612,0.6992788241700899,0.028085521348991026,0.4700837449004281,0.04108409897180135,True
1,RandomForest,1.8324242717953791,1.577962015228698,2.1279211283030626,2.0264878129000187e-15,0.7451359183110252,0.7466834983279074,0.02103425478821146,0.5005531505531505,0.051440398487682296,0.39992952783650454,0.03852514079942667,0.4403497467661588,0.011357436473990647,0.6918480921410088,0.014840189450890827,0.482355839396053,0.058842822807745186,True
2,XGBoost,1.1209692789709185,0.9667617589834836,1.2997743370795125,0.13045778928738602,0.5901924934455637,0.7332513897193985,0.03489566222971953,0.467996567996568,0.07880192561924329,0.3847780126849895,0.040813057746498266,0.42012453630100693,0.05058459799011611,0.6620921418365054,0.03685233554684668,0.4365717202881673,0.07684238034399216,False
3,LogisticRegression,1.6958329731919732,1.4835386206235124,1.9385066441724614,9.927268050017358e-15,0.7293017800469159,0.7408477842003854,0.017468510743246173,0.4880468897712233,0.051981626364971154,0.40063424947145876,0.06131685712656263,0.4331616030301571,0.0244334945592322,0.6769220527386691,0.0253140414209153,0.4510027050548322,0.022410830580730273,True
4,ANN,1.5949798737031837,1.3312559988796964,1.9109478565047335,4.132714710069491e-07,0.714778529046502,0.7409031515070982,0.015929311741021312,0.4815668202764977,0.03804751482795956,0.4002818886539817,0.025912299240099,0.43529742698767276,0.014480863805956878,0.6903480395868998,0.020289856158605436,0.4819930839959368,0.03025856264151195,True
5,Ensemble,1.7820827243942272,1.5520513923953347,2.0462072661672623,2.5299153868759766e-16,0.7494135504346626,0.7601045334750736,0.01739973089987852,0.5318223443223443,0.049831703304373774,0.39992952783650465,0.020062918739234346,0.4544709420407769,0.014398307804780254,0.6893068009568984,0.0189982602169639,0.4779223094579403,0.05636696500434317,True
