,Model,HR,CI_lower,CI_upper,p,cindex,accuracy_mean,accuracy_std,precision_mean,precision_std,recall_mean,recall_std,f1_mean,f1_std,roc_auc_mean,roc_auc_std,pr_auc_mean,pr_auc_std,Sig
0,SVM,2.4395373588355627,1.7357940174285518,3.4285995143426398,2.8104976760321027e-07,0.6141679315578861,0.7255221137023011,0.0073471560667634165,0.4265432098765432,0.03244119344066891,0.3070824524312896,0.05685852510073143,0.35601761252446185,0.04913488331819837,0.6774351794722823,0.005913029188854071,0.428313739285413,0.04259783652572706,True
1,RandomForest,3.3662014195866763,2.4639161187533696,4.598903311270388,2.4571544048974876e-14,0.7041706913205464,0.7447456425929616,0.03628329403981392,0.4972559604138551,0.07387932338130734,0.4767441860465116,0.016444343748524364,0.48483259026138653,0.043520174777925816,0.6998475103215028,0.016440498485236123,0.4703394794523826,0.0646478169889951,True
2,XGBoost,3.385670801768566,2.3161163768597945,4.9491324755837605,3.0575036277839696e-10,0.6568752587277494,0.7581223838947578,0.014692050510378906,0.5414319849803721,0.04908312559967003,0.29915433403805497,0.14586461118053456,0.3567932489451477,0.14062059949575625,0.7000634063256111,0.00801496602934933,0.5034931851199471,0.04791043867324781,True
3,LogisticRegression,3.068145232660879,2.2443977275512372,4.194227722272,2.092400704168922e-12,0.6747792189871671,0.7273160144397935,0.05274658003753412,0.487378611034525,0.10716740185603364,0.4466173361522198,0.06378655433111777,0.45199762259192006,0.01900771626675455,0.6751685766154077,0.02855663166428215,0.43407964305541125,0.07672674398602658,True
4,ANN,2.8167254479893975,2.06981998923287,3.833155680505144,4.473638183096506e-11,0.6611701393680144,0.6986025291785706,0.02040410181824406,0.4037797328119909,0.015398368192461574,0.41613812544045103,0.10279398400373113,0.4021071298179732,0.03993047737613146,0.6544937901319936,0.025550585805750814,0.40996141967916294,0.04790483307357037,True
5,Ensemble,4.024155539946487,2.7651516159241107,5.856397788976227,3.521796624848814e-13,0.6619980681661377,0.7446681283635638,0.03065679323083362,0.5418133065191889,0.16136091655612986,0.3083157152924595,0.06037001083879373,0.37319228258602005,0.023130355215509484,0.7052849570690863,0.005394537171698322,0.472855452837206,0.046803307144614184,True
