,Model,HR,CI_lower,CI_upper,p,cindex,accuracy_mean,accuracy_std,precision_mean,precision_std,recall_mean,recall_std,f1_mean,f1_std,roc_auc_mean,roc_auc_std,pr_auc_mean,pr_auc_std,Sig
0,SVM,2.819626657006241,2.035225739222447,3.906345292162815,4.59710741158176e-10,0.6942182972264386,0.7198192811108896,0.023068824055173603,0.4428832902670112,0.03779491511664493,0.461768851303735,0.02320905243842657,0.45198700860986,0.030805944066137823,0.6971935847157753,0.025758702575255105,0.46543059339767545,0.03526550874627349,True
1,RandomForest,3.794775593993572,2.670700954008921,5.3919634046460025,1.000316049664617e-13,0.6812646612391334,0.7601045334750737,0.025594235673525492,0.5547138047138048,0.08092198761989608,0.36962649753347426,0.06758901399364353,0.4322327755163576,0.015987812350482054,0.6872394071399929,0.003165908713444031,0.4662777542730496,0.059520191071872924,True
2,XGBoost,2.7691454309648758,2.0098579667825858,3.8152777681643717,4.688393616118721e-10,0.6675003449703325,0.7313467543684804,0.03416491063848628,0.4621848739495798,0.0752402017846683,0.3997533474277661,0.03640502885867957,0.4279627593831324,0.05307490031378158,0.6600538700307917,0.03647131917836981,0.4382668334034839,0.07888010604123234,True
3,LogisticRegression,2.688146728517194,1.9041953682064805,3.794848446062458,1.89740986738033e-08,0.6621360562991583,0.7389210019267822,0.0195732254908127,0.48456256921373203,0.05538944542787444,0.40063424947145876,0.06131685712656263,0.43148093076124955,0.024861096773301155,0.6757294468949006,0.023969118982742156,0.44964347167177215,0.02408014987012393,True
4,ANN,1.6015381752820361,1.1898102027434276,2.1557425890041872,0.0018950460770654463,0.5781702773561473,0.6584058645051271,0.08244687322851019,0.3607150684615474,0.09158585801140764,0.39992952783650465,0.07622892846373852,0.3736006996501749,0.07734049563357534,0.6098267804152768,0.07795811407378482,0.3641809085154189,0.07634134760503641,True
5,Ensemble,3.647401557317453,2.571787972842097,5.17287515954123,3.9137433388837794e-13,0.6832999862011867,0.7619980953646491,0.016439231220909904,0.5461538461538461,0.06147833601209916,0.3694503171247357,0.05158266318518824,0.4349349657795718,0.0216965035535775,0.6882934170392008,0.007176117283536186,0.4691325973193738,0.05676510617626979,True
