,Model,HR,CI_lower,CI_upper,p,cindex,accuracy_mean,accuracy_std,precision_mean,precision_std,recall_mean,recall_std,f1_mean,f1_std,roc_auc_mean,roc_auc_std,pr_auc_mean,pr_auc_std,FDR,Sig
0,SVM,5.337363147574011,3.5678565205163935,7.984470565245158,3.649344804038288e-16,0.6781654622101777,0.8148148148148149,0.028781331501429627,0.517921146953405,0.11483526411183362,0.3899641577060932,0.10186276512304866,0.42532855436081246,0.05846647978428166,0.780526413264917,0.0636684064658582,0.47790780495882307,0.03676183135881898,7.893353816990075e-16,True
1,RandomForest,4.722780839037196,3.2343922256565083,6.896089681593748,9.170202406552391e-16,0.6869542306534177,0.820662768031189,0.011027006334293137,0.5012345679012346,0.03888398950129291,0.4566308243727599,0.027277846007799922,0.47739463601532567,0.029159076766958555,0.788572590631616,0.07392600768391747,0.4587952036841713,0.06843584101825233,1.3755303609828588e-15,True
2,XGBoost,5.731751632898375,3.817644787087468,8.605561442581765,3.736801776465299e-17,0.6814024390243902,0.8304093567251463,0.014324501419784667,0.5532163742690058,0.08383607456120432,0.3792114695340502,0.18879330792632906,0.4216701173222912,0.11604468162632417,0.7599719289835969,0.07609477135774788,0.4471074587250165,0.035714091300379704,2.2420810658791793e-16,True
3,LogisticRegression,3.6907675761131724,2.5366370609658606,5.37000957310843,8.785024100443142e-12,0.6754930743751882,0.787524366471735,0.02715085434148953,0.43099939812559107,0.06616322964079871,0.456989247311828,0.04985816395427799,0.43605204210009507,0.009650507762006459,0.7499433495658616,0.06093612793702536,0.4436578864907355,0.03809214740901184,1.054202892053177e-11,True
4,ANN,1.458633979780115,1.0135023337837632,2.099268068802609,0.04213710328229307,0.5577009936766034,0.5886939571150097,0.28816956057231996,0.3247145641882484,0.10146083515470762,0.5405017921146954,0.32690215618696217,0.33327068300050344,0.028512637589774657,0.6771537151427337,0.0821570027613462,0.3509739693619715,0.0666173785779581,0.04213710328229307,True
5,Ensemble (Mean),5.009981889293942,3.398851634040412,7.384823238434675,3.9466769084950373e-16,0.6844700391448358,0.8148148148148149,0.014587358233036809,0.48025793650793647,0.04007764612061079,0.4336917562724014,0.08837869538306775,0.4526896368747863,0.06306642078638161,0.7753881099454195,0.06595470199799229,0.457253269345113,0.03298288394166538,7.893353816990075e-16,True
