,Model,HR,CI_lower,CI_upper,p,cindex,accuracy_mean,accuracy_std,precision_mean,precision_std,recall_mean,recall_std,f1_mean,f1_std,roc_auc_mean,roc_auc_std,pr_auc_mean,pr_auc_std,FDR,Sig
0,SVM,4.235470123333715,2.734037044353015,6.56143529682776,1.0226879940131514e-10,0.6224969888587775,0.8304093567251462,0.01263302280391394,0.5178175618073316,0.0838378966225852,0.27240143369175623,0.151133825392889,0.3393748358287365,0.16301499832186278,0.7728789678000384,0.07214659500341805,0.45886064591700587,0.11284906714937316,1.2272255928157815e-10,True
1,RandomForest,4.530522221656378,3.0349662261050323,6.763051075946933,1.4551244425930953e-13,0.6586118638964168,0.8284600389863548,0.01987921837658006,0.5075702075702075,0.08696392087193114,0.37168458781362007,0.16585263881509266,0.41849261849261854,0.14186089425203308,0.7876006362279527,0.06297915137355391,0.44768513402806215,0.0889570435084235,2.6196134214297123e-13,True
2,XGBoost,4.585625999413555,3.151407921943488,6.6725623363698086,1.7478187051642338e-15,0.7046258657031015,0.8226120857699805,0.015348943224194554,0.4732954545454546,0.07758265609123471,0.45770609318996414,0.23676487198116486,0.44347086100834393,0.17975997208109368,0.7757458065968704,0.0819600541716922,0.4637309534832644,0.11172260351339332,5.243456115492702e-15,True
3,LogisticRegression,3.9672401404069455,2.7495436298025786,5.724220616490528,1.746408947619808e-13,0.7129065040650406,0.7894736842105262,0.025266045607827914,0.4254000450755015,0.06348948786015053,0.5329749103942653,0.1598172476680827,0.46705623306233063,0.0945814533128164,0.7301747084863076,0.07665328705511361,0.4230700242004824,0.11368266577424366,2.6196134214297123e-13,True
4,ANN,3.1386593745775926,2.1353134970892484,4.6134596550119875,5.881327539180299e-09,0.6486562782294489,0.7816764132553606,0.01676866523789988,0.3727777777777777,0.07201251605891716,0.4010752688172043,0.19773839799907855,0.3781499202551834,0.12689943778328017,0.7106312165680732,0.08869253169034835,0.3881482508158252,0.09766394844283806,5.881327539180299e-09,True
5,Ensemble (Mean),4.909439386333962,3.3812627997356417,7.12828209921205,6.119156327576117e-17,0.7121537187594098,0.8245614035087719,0.037899068411741885,0.5061443932411674,0.10860225917253837,0.5007168458781363,0.1273677990562398,0.503087775278079,0.11823298893291588,0.7691512966049685,0.08151057014498743,0.46277153669548454,0.11794440190771618,3.6714937965456705e-16,True
