,Model,HR,CI_lower,CI_upper,p,cindex,accuracy_mean,accuracy_std,precision_mean,precision_std,recall_mean,recall_std,f1_mean,f1_std,roc_auc_mean,roc_auc_std,pr_auc_mean,pr_auc_std,FDR,Sig
0,SVM,4.113445608546083,2.2837251756147703,7.40913790991166,2.471252443763353e-06,0.6224969888587775,0.8304093567251462,0.01263302280391394,0.5178175618073316,0.0838378966225852,0.27240143369175623,0.151133825392889,0.3393748358287365,0.16301499832186278,0.7728789678000384,0.07214659500341805,0.45886064591700587,0.11284906714937316,2.9655029325160238e-06,True
1,RandomForest,5.834356090847883,3.538743280536121,9.619152421154652,4.7139236059998785e-12,0.7172161999397771,0.8401559454191032,0.035837770586452676,0.540920716112532,0.13366689046177246,0.45698924731182794,0.19986699242409792,0.4873971940009676,0.17102186716370918,0.7857673047103383,0.05511281782148201,0.45816102481260623,0.09930138741224483,1.4141770817999636e-11,True
2,XGBoost,3.7303324234803195,2.2136066338125016,6.28629304643077,7.642940073618614e-07,0.6471318879855466,0.8284600389863547,0.007293679116518423,0.35763888888888884,0.2529246368260321,0.32867383512544807,0.24006257668374723,0.3403714565004887,0.24265290511881482,0.768833364200557,0.07409500268757688,0.4640195951626085,0.11315839661352646,1.146441011042792e-06,True
3,LogisticRegression,3.779928845858998,2.5397288406319753,5.6257431309877965,5.602525435447135e-11,0.7120408009635651,0.787524366471735,0.02715085434148953,0.4215686274509804,0.06839362593613187,0.5329749103942653,0.1598172476680827,0.4652347394375583,0.09715676923148231,0.7309427576414537,0.07568998746155838,0.4229647370765597,0.1138281713707426,1.120505087089427e-10,True
4,ANN,2.6512834796461537,1.5830244167540761,4.4404268279436305,0.00021081301579707533,0.6090221318879856,0.7914230019493177,0.014587358233036809,0.34875650665124347,0.09847599164291625,0.27060931899641577,0.1984802422073252,0.28621503201887427,0.15155864161693317,0.682020568465318,0.08044033146906973,0.32457347668461567,0.08422877572101788,0.00021081301579707533,True
5,Ensemble (Mean),4.773433846924502,3.0983413729390286,7.354151124203073,1.3577681195617129e-12,0.7208672086720868,0.820662768031189,0.04436571803797677,0.4901085434173669,0.12438063261870724,0.5114695340501793,0.16278005761266603,0.4998752295635838,0.14340405330301112,0.7637021421853268,0.07555685817412923,0.44837357618328416,0.11419662457633481,8.146608717370279e-12,True
