,Model,HR,CI_lower,CI_upper,p,cindex,accuracy_mean,accuracy_std,precision_mean,precision_std,recall_mean,recall_std,f1_mean,f1_std,roc_auc_mean,roc_auc_std,pr_auc_mean,pr_auc_std,Sig
0,SVM,1.9158677006686204,1.6583020706802032,2.213438137335063,1.081847401468897e-18,0.7675244928936111,0.738876708081412,0.03207197491939005,0.4605768559256931,0.09039674394041221,0.39904862579281186,0.12226793434666174,0.4259027449745447,0.1096477865141236,0.7201366241309434,0.009938313139691637,0.4609958963698288,0.05928183671495676,True
1,RandomForest,1.8783600805902931,1.5776254832712542,2.236422160878935,1.4265034897824149e-12,0.7483441424037532,0.7369720727304941,0.03702835993309857,0.5106242226985261,0.12313881263875545,0.3930584918957012,0.07877490844688663,0.4247136898927247,0.015643371205688983,0.7095255460558141,0.02892678588908794,0.48332273896660327,0.07709743366523719,True
2,XGBoost,1.1488259811039572,0.9777109612363473,1.3498888599863281,0.09178928150179357,0.5980405685111081,0.7408810045844131,0.004745130006855527,0.47854561878952123,0.015590836128358808,0.4154334038054968,0.019510737420587926,0.44425356640546515,0.009858309038783366,0.6810958731782449,0.027273666047073805,0.4694326319041284,0.04232102768636964,False
3,LogisticRegression,1.239905129375743,1.1364741136223242,1.3527494479853845,1.3077335702116003e-06,0.7616944942734925,0.7427745664739884,0.036647218377264375,0.5070866822227984,0.09623551967506491,0.4619450317124736,0.08465024052259496,0.47160086379008276,0.036717578569319655,0.7171063107553431,0.01008292559491249,0.4750470748815084,0.06281462793606485,True
4,ANN,1.5561587247802595,1.2949120978867426,1.8701114775757757,2.402637115300722e-06,0.7141920794811646,0.738976369233495,0.03318628610546025,0.5034036012296882,0.0794858565057355,0.42389006342494717,0.11352691518675571,0.441466657514675,0.031118103516651414,0.6882026267123019,0.008245575660090576,0.44739762553305,0.05329019077010566,True
5,Ensemble,1.951356133473311,1.6206189922941439,2.349590358837898,1.72234779128331e-12,0.7470332551400579,0.7389099284654398,0.021864234656364948,0.4744623655913978,0.06057997144456491,0.38460183227625083,0.047487075306355014,0.42337967253629905,0.04557844003615908,0.7077695042988847,0.022009782444656005,0.4612010292471463,0.06857635949796134,True
