,Model,HR,CI_lower,CI_upper,p,cindex,accuracy_mean,accuracy_std,precision_mean,precision_std,recall_mean,recall_std,f1_mean,f1_std,roc_auc_mean,roc_auc_std,pr_auc_mean,pr_auc_std,Sig
0,SVM,3.4112547020763477,2.426912460512084,4.79484070059232,1.6170394713084695e-12,0.6987891541327446,0.7447345691316191,0.019360521361173662,0.49826086956521737,0.051134575401701444,0.42389006342494717,0.07534756379581199,0.44978431691842996,0.03605754235215617,0.705003585679957,0.021064235466233382,0.47385814683589284,0.052133373061000174,True
1,RandomForest,4.323665134948083,3.1093373025310136,6.012239387456795,3.2094533028731074e-18,0.7240409824755071,0.752330963612606,0.034395215512983565,0.5632352941176471,0.1428263478095144,0.45507399577167024,0.13604436240159315,0.46944422605270675,0.04085926686160992,0.6984833484167764,0.004969951092526653,0.476610227235748,0.05118054240094709,True
2,XGBoost,2.6063790851531357,1.8479217510925436,3.6761361413205713,4.77108566559129e-08,0.6618945770663723,0.7216353287710673,0.050929245620514964,0.5966036887089518,0.28533766274643646,0.393939393939394,0.15029252519556435,0.3965991902834008,0.06287253434418354,0.6723332927797688,0.013689524599988904,0.45533114941395253,0.07483967380513247,True
3,LogisticRegression,3.7959557716185426,2.741443926848027,5.256091535912311,9.484321363007355e-16,0.7099661929074099,0.7543020397315793,0.0380336499907675,0.5316492450638792,0.10666691579934245,0.461768851303735,0.02320905243842657,0.48682999769956287,0.03004724418183971,0.6997561820391575,0.006070059658553838,0.4578770227126288,0.042194633250608696,True
4,ANN,3.4983291793072424,2.506160193363382,4.883290014421669,1.8545978481372574e-13,0.7015489167931558,0.7216242553097247,0.03515769742037398,0.46282154756731025,0.08068617017419959,0.4314658210007047,0.0922879328911967,0.43305322128851537,0.028991258337110602,0.697622516249358,0.01811910819818921,0.471723321026505,0.0362286262698279,True
5,Ensemble,3.8272719627862624,2.748315037284125,5.329814987878872,1.967135773009851e-15,0.7020836208086104,0.7600491661683609,0.03215253822001344,0.573376036790671,0.14517024741514964,0.41613812544045103,0.06926556912257231,0.4625244981196038,0.01022103201648547,0.6932095953043937,0.008987097088711996,0.4848340887756261,0.06877603858513419,True
