,Model,HR,CI_lower,CI_upper,p,cindex,accuracy_mean,accuracy_std,precision_mean,precision_std,recall_mean,recall_std,f1_mean,f1_std,roc_auc_mean,roc_auc_std,pr_auc_mean,pr_auc_std,Sig
0,SVM,2.751979659004998,1.9819286162423562,3.8212234192047054,1.4986275473605712e-09,0.6678453153028839,0.738876708081412,0.03207197491939005,0.4605768559256931,0.09039674394041221,0.39904862579281186,0.12226793434666174,0.4259027449745447,0.1096477865141236,0.7202558847153203,0.009769660075285878,0.4608265473642598,0.05943788005579785,True
1,RandomForest,3.7962177517438636,2.707143148359066,5.323423413124874,1.0507269392514202e-14,0.695322202290603,0.7446459814408787,0.04309134435707792,0.572039072039072,0.20166675085004995,0.39323467230443976,0.09754223198571872,0.43052838150886047,0.023075104743833307,0.7077759390736489,0.025816039578420755,0.4905417270192363,0.09214654528299465,True
2,XGBoost,3.2784074510981975,2.3706912084375893,4.533680041147008,7.03540269435904e-13,0.6837829446667587,0.7562288220051823,0.019072396966137096,0.5211382113821138,0.05772930236122512,0.4154334038054968,0.019510737420587926,0.4601419601419601,0.019145186276867336,0.6800821582110416,0.025979594270924652,0.47621573704782166,0.04937305569982096,True
3,LogisticRegression,3.3528750838708943,2.393893362118715,4.6960200925962425,1.945292652918263e-12,0.6990823789154132,0.7542798928088942,0.027459487073426967,0.5243016125369067,0.08395444296374416,0.45419309372797745,0.07371502834840009,0.4785460992907801,0.03811108244197676,0.7173457423102372,0.010656194859252843,0.47510950616093356,0.06290536870812319,True
4,ANN,3.047067026573096,2.0952419702687797,4.431286503504876,5.511272593006737e-09,0.6649475645094521,0.7293203109427946,0.01768780864541181,0.45076784101174344,0.046234011907025085,0.35429880197322056,0.06312522163880367,0.3927466345187864,0.04273502490367547,0.6793679085575056,0.04609783203683787,0.42439913109801974,0.02582502603672001,True
5,Ensemble,4.186960890316217,2.9566554720569322,5.929213485547432,7.208400397298351e-16,0.7042914309369395,0.7580891635107302,0.037742011490355075,0.5551587301587302,0.1474151604444013,0.3847780126849894,0.040813057746498266,0.44491813407476055,0.044903386396140964,0.7120478225839489,0.01910967195836785,0.4762779390483705,0.08597579454974526,True
