,Model,HR,CI_lower,CI_upper,p,cindex,accuracy_mean,accuracy_std,precision_mean,precision_std,recall_mean,recall_std,f1_mean,f1_std,roc_auc_mean,roc_auc_std,pr_auc_mean,pr_auc_std,Sig
0,SVM,3.696023075370264,2.69502693542576,5.068812631926948,4.978198453164467e-16,0.7161756588933351,0.744712422208934,0.023709617683971156,0.5104847576211894,0.07160591115010505,0.49365750528541225,0.13653151899131138,0.48182805762521363,0.05608344544958103,0.7058441514104571,0.02669950293203793,0.4753984234321382,0.05118946960587699,True
1,RandomForest,3.3852608889380242,2.48384542021232,4.613810180342808,1.170662618517295e-14,0.7043949220367048,0.7523863309193187,0.017097675328631327,0.5051490514905149,0.04040758551678225,0.4920718816067653,0.023664642742894988,0.49821322468381296,0.030382815217752688,0.6976458759300939,0.006306072100803,0.4726363374063817,0.06361602783407791,True
2,XGBoost,3.374105005375689,2.4295390688969314,4.685903072334685,3.94301047756859e-13,0.6913205464330068,0.7409142249684407,0.03703555855954604,0.4966970102835349,0.08217453496334835,0.4001057082452431,0.030094378108851506,0.4370764451169454,0.02176786243747501,0.6882736989030261,0.01116691534003301,0.4640688833777473,0.07119459077857783,True
3,LogisticRegression,2.839657418566703,2.093719973491346,3.8513527868650486,1.912848203845455e-11,0.6981682075341521,0.7293978251721923,0.013485193752688076,0.4651079882270033,0.02158309094277803,0.5306553911205074,0.030343974829613794,0.49447705642844647,0.007649043874169368,0.7007242328651878,0.006272400479787307,0.45940677663796575,0.05087198123949129,True
4,ANN,3.4978536665747026,2.5331985642938424,4.829854416162094,2.8295025026370297e-14,0.7039982061542708,0.7370938808052622,0.020586204968542843,0.4740643893030674,0.044031370661175774,0.4536645525017618,0.02528296290194383,0.46323484630978173,0.032273859948487076,0.69709345775829,0.03687269687812397,0.473955420956299,0.050282615886739886,True
5,Ensemble,3.3938389786195815,2.4171494760439223,4.765176141133402,1.6996526211452101e-12,0.6978059886849731,0.7562509689278675,0.0331930139207692,0.5339074636946978,0.0887235815951374,0.4154334038054968,0.03824048430621216,0.46093353627600203,0.027735755857121493,0.6963682420898825,0.007857357125577117,0.46384757427876483,0.0562813805926319,True
