,Model,HR,CI_lower,CI_upper,p,cindex,accuracy_mean,accuracy_std,precision_mean,precision_std,recall_mean,recall_std,f1_mean,f1_std,roc_auc_mean,roc_auc_std,pr_auc_mean,pr_auc_std,FDR,Sig
0,SVM,3.6419608008382163,2.206856885167543,6.010302962548093,4.26001356678584e-07,0.6613783498946101,0.8245614035087719,0.024810764252159587,0.5068627450980392,0.1052358622211272,0.3594982078853047,0.16643256384134955,0.4024765478424015,0.1470570468260809,0.7456237539628067,0.04021322938614935,0.44306584075770816,0.08865845312082532,4.26001356678584e-07,True
1,RandomForest,4.676475299994901,3.0392127341555595,7.195752039890944,2.2901721369350556e-12,0.7232573020174646,0.8226120857699805,0.012016401565241693,0.49430199430199434,0.0385932113508378,0.5340501792114695,0.1952006997016502,0.4993197278911565,0.12273586951122625,0.7796396160843656,0.05151480023231151,0.493417602515892,0.11671287114260773,6.870516410805167e-12,True
2,XGBoost,3.5609613721904627,2.3189675727754637,5.468142824893386,6.490521343856825e-09,0.6830021077988557,0.8070175438596491,0.05030599571369959,0.494136769998839,0.16183960243853782,0.4347670250896057,0.2502187478388028,0.4163322632423756,0.16002529414061217,0.7702265654221728,0.061255527755330885,0.44832018639130117,0.09274690698579685,9.735782015785238e-09,True
3,LogisticRegression,4.2368188493124945,2.754255612684298,6.517417584345034,5.0042503450849073e-11,0.7183265582655827,0.8089668615984406,0.019297261085012996,0.45571999060371154,0.06602439008415568,0.5007168458781361,0.1774385420999514,0.46971229990097907,0.11921533572408298,0.7307791613556884,0.05564112864384173,0.4241493755266775,0.1034655790536317,1.0008500690169815e-10,True
4,ANN,3.148194714276958,2.071552313691931,4.784397619839835,7.849424117030253e-08,0.6574638663053297,0.7777777777777777,0.021881037349555193,0.3933738601823708,0.03461570628187001,0.42329749103942654,0.11270791549570856,0.40017383746197305,0.050033187899017256,0.7044730238621796,0.06405629711353523,0.37454996363858123,0.06692189123924665,9.419308940436303e-08,True
5,Ensemble (Mean),4.734141305091679,3.0895907180880493,7.254065648683903,9.289606130450887e-13,0.7208672086720868,0.8148148148148148,0.072308916144216,0.5079475308641975,0.1667562702094544,0.5218637992831541,0.13194248953405097,0.5126431101227246,0.14969097604804665,0.7596621673148783,0.060446966328326676,0.4547235745892005,0.11297177413663557,5.573763678270532e-12,True
