,Model,HR,CI_lower,CI_upper,p,cindex,accuracy_mean,accuracy_std,precision_mean,precision_std,recall_mean,recall_std,f1_mean,f1_std,roc_auc_mean,roc_auc_std,pr_auc_mean,pr_auc_std,FDR,Sig
0,SVM,3.7531504702184977,2.13527830010215,6.59686301847748,4.30304898224543e-06,0.6294602529358627,0.8304093567251462,0.004774833806594889,0.5448343079922028,0.033109722712403575,0.28136200716845877,0.08216411029639893,0.36605442176870745,0.08308576303251908,0.7736848746972288,0.020405595388063934,0.4560928427106101,0.0633694340925885,5.163658778694516e-06,True
1,RandomForest,5.914323820364569,3.488573943977325,10.026798002238106,4.134759812533147e-11,0.689965371875941,0.8401559454191032,0.01929726108501299,0.5553376906318084,0.06339157998267413,0.42186379928315415,0.206750704297398,0.4614980652294085,0.14461016041939437,0.7875777581680121,0.049255847280662395,0.4898106601236562,0.11148293587359086,8.269519625066293e-11,True
2,XGBoost,4.491153271119416,2.8759113889187553,7.013588034181414,3.977065955152267e-11,0.6839430894308943,0.8284600389863548,0.01676866523789988,0.49981238273921197,0.07117398711431648,0.4645161290322581,0.2214322877642647,0.46559454191033134,0.1530362789395614,0.7707677404829086,0.053813545061460244,0.49058400564703497,0.12849115694401525,8.269519625066293e-11,True
3,LogisticRegression,4.0470300008349165,2.7328874642104592,5.993094132908124,2.9798904253966157e-12,0.6973991267690455,0.797270955165692,0.014587358233036809,0.4464326523150053,0.02737439794620146,0.5308243727598566,0.14041856213780832,0.47648083623693377,0.06098805248855157,0.7158178180141118,0.013085731425760075,0.39267035068505035,0.022550992780932207,1.7879342552379696e-11,True
4,ANN,2.1313606363371713,1.3946471176828332,3.2572384114450084,0.0004701942553148895,0.604957091237579,0.7699805068226121,0.013783757917866448,0.3445340501792115,0.05439075481385933,0.32616487455197135,0.07917821517696963,0.3339230485713827,0.06741920223533178,0.6824866635436299,0.04971537255163443,0.3581743086666509,0.032377187318997414,0.0004701942553148895,True
5,Ensemble (Mean),4.021030135833337,2.649288483984514,6.10302858711795,6.294540061728354e-11,0.6850722673893406,0.8050682261208578,0.03250162183339781,0.4791767881241566,0.06386773950209393,0.47634408602150535,0.15507001838647524,0.45779034505368416,0.06400041530445821,0.7676673094312078,0.03491589243316565,0.44253969504070395,0.06765128377389835,9.441810092592531e-11,True
