,Model,HR,CI_lower,CI_upper,p,cindex,accuracy_mean,accuracy_std,precision_mean,precision_std,recall_mean,recall_std,f1_mean,f1_std,roc_auc_mean,roc_auc_std,pr_auc_mean,pr_auc_std,FDR,Sig
0,SVM,3.9671556957525853,2.6152303980548957,6.0179494418723944,9.066453932182977e-11,0.6445724179464016,0.820662768031189,0.01807722903605402,0.505151768309663,0.08833991205273249,0.3146953405017921,0.03642536492017922,0.38729625183406696,0.053621433183553134,0.7697447643741399,0.024638724069353295,0.455751949674482,0.06382757103871997,1.0879744718619571e-10,True
1,RandomForest,5.679384859848169,3.8775025452885927,8.31860508395151,4.683133394714328e-19,0.6987917795844625,0.8323586744639376,0.007293679116518384,0.5486111111111112,0.054680610236193125,0.4652329749103942,0.24235540353378626,0.468756464751734,0.12033198280451655,0.7858620852443776,0.052223652884052486,0.48686689049268944,0.1189700982840503,2.809880036828597e-18,True
2,XGBoost,5.492007357095068,3.753801372088365,8.035093448113411,1.73763158600497e-18,0.687085968081903,0.8362573099415204,0.020813018035148765,0.5416020671834625,0.1094924461815535,0.453763440860215,0.2391065189208562,0.46837041122755413,0.1566776901941664,0.7588654297988547,0.05475774549936725,0.4818370936460179,0.1326780798168689,5.21289475801491e-18,True
3,LogisticRegression,4.270326789069164,2.96237342408759,6.15577048361428,7.233962807959155e-15,0.6979448961156278,0.797270955165692,0.014587358233036809,0.4482641541465071,0.02589429163123354,0.5419354838709678,0.12773541853692474,0.48345948976731146,0.051476054534941106,0.7171195069959655,0.015069999420433964,0.39415679417508526,0.02239078708962484,1.446792561591831e-14,True
4,ANN,2.6988149981308136,1.8249233248462606,3.9911826951685354,6.58658653624604e-07,0.6251129177958447,0.7816764132553606,0.005513503167146569,0.37235228539576365,0.04532107376711003,0.3577060931899641,0.1348775570517811,0.3594356261022928,0.08929249653078802,0.7006719976177765,0.022625936861535,0.3377220720673348,0.022078736749598683,6.58658653624604e-07,True
5,Ensemble (Mean),4.000634818048558,2.748682072352194,5.822819273414918,4.4870262600953935e-13,0.6762458596808191,0.8031189083820663,0.01929726108501299,0.45654135338345864,0.04497690481314342,0.4544802867383512,0.16951851528088052,0.43860544217687075,0.083034658429114,0.7745928250046301,0.03269134813458696,0.4519951494818691,0.07443222769408775,6.730539390143091e-13,True
