,Model,HR,CI_lower,CI_upper,p,cindex,accuracy_mean,accuracy_std,precision_mean,precision_std,recall_mean,recall_std,f1_mean,f1_std,roc_auc_mean,roc_auc_std,pr_auc_mean,pr_auc_std,Sig
0,SVM,1.8594694724608896,1.5959466626465215,2.1665051846283365,1.78824768187258e-15,0.7558644956533738,0.7409363718911258,0.020912881865040082,0.49060606060606066,0.052864676418718705,0.4376321353065539,0.08981261831942725,0.4530615376500318,0.041974387834460204,0.7092477851753549,0.021853532896007354,0.4855537985291878,0.038449074502137345,True
1,RandomForest,1.869117618216953,1.5965365022363331,2.1882372660038705,7.424858841677633e-15,0.7471022492065682,0.7447788629769893,0.03153001622090649,0.5087301587301587,0.06330329080193421,0.4298801973220578,0.09011623601491629,0.45314963643321854,0.02603276671541234,0.7083343885536323,0.01693334423060685,0.45162378016339993,0.01615840947050475,True
2,XGBoost,1.1348608015546446,0.9929164531242558,1.2970970869228597,0.06349769542416124,0.6116668966468883,0.7466945717892499,0.025654669647521878,0.5092592592592592,0.057077907434897955,0.3833685694150811,0.1161743821564193,0.4219717737841406,0.053796858607967624,0.7220662703176463,0.032343132101532765,0.46137864701224657,0.024600987685282915,False
3,LogisticRegression,1.675933006251872,1.350892162865095,2.079182571825261,2.678061159703928e-06,0.7634193459362495,0.735189245454344,0.04053810139757203,0.4885464145115123,0.06799295380220499,0.4844961240310078,0.06735715967822778,0.47754194265822175,0.024117355922707244,0.7095923146029661,0.042348699119724144,0.46494641210206894,0.03457158686030657,True
4,ANN,1.6611806983459831,1.4251670235236495,1.936279233948649,8.504868088345947e-11,0.7123637367186422,0.6658915243726885,0.059709309059045805,0.3962712954034073,0.05455253426472257,0.5230796335447497,0.12342415325512855,0.4356015512265512,0.01542698339955461,0.6683426151338453,0.027832308046251107,0.3987822592185342,0.03233353126010226,True
5,Ensemble,1.3559240545286353,1.1863725937892167,1.549707108267899,7.915273057225617e-06,0.7511728991306748,0.7255442606249861,0.02650903847555374,0.45874504898895146,0.046176984147426076,0.4693446088794926,0.0303439748296138,0.46109608502035354,0.014795490060841163,0.7187317741729244,0.038049186652133055,0.462709972244691,0.04640523518885512,True
