,Model,HR,CI_lower,CI_upper,p,cindex,accuracy_mean,accuracy_std,precision_mean,precision_std,recall_mean,recall_std,f1_mean,f1_std,roc_auc_mean,roc_auc_std,pr_auc_mean,pr_auc_std,Sig
0,SVM,3.598297661604649,2.650592449093151,4.884849825154865,2.2092703605749609e-16,0.6977887401683455,0.7466502779438796,0.004123106342175374,0.48809523809523814,0.016835875742536838,0.46863988724453837,0.11771593912685997,0.4718029470019672,0.07471122623189344,0.7128180454671668,0.029062863292662704,0.4764812770188711,0.03530595717021102,True
1,RandomForest,3.163872386565717,2.1884492266956044,4.574055617268094,9.10188763368967e-10,0.676711052849455,0.7390095896175226,0.02708885980515249,0.49046015712682384,0.049261405942434874,0.37579281183932345,0.10561923666316182,0.41099490717196957,0.04254598258844978,0.705029076491885,0.015252670681815544,0.4623502198429496,0.01961221017583007,True
2,XGBoost,2.3539676192697376,1.7165465099338741,3.228088211127991,1.0755629868815736e-07,0.6535117979853733,0.7157774677208603,0.05696219298056385,0.4898989898989899,0.08072912809669588,0.4693446088794926,0.25655545740672125,0.4166066334005265,0.11592478081428073,0.7111140560723377,0.03461421864746313,0.44822053892615826,0.024207450728290725,True
3,LogisticRegression,3.0801031690860636,2.23223458739956,4.2500172633136755,7.47184349480293e-12,0.685093831930454,0.7313246074457954,0.018440162751873608,0.46575757575757576,0.03365956066075604,0.4381606765327695,0.06332356237908682,0.4466148448693743,0.027302212683574686,0.6915317329572611,0.03516037743210071,0.47098218138903086,0.04154353520691808,True
4,ANN,2.4172013529043994,1.7178252485165508,3.4013136001630753,4.0885724985169115e-07,0.6516317096729681,0.7082696609306137,0.013179196214857658,0.4031357531357531,0.04325676533143252,0.37737843551797035,0.11251184923633561,0.38517973254815363,0.07365576661992793,0.6359271682811537,0.0357597548563454,0.3919305113500819,0.04107105463269771,True
5,Ensemble,3.596862264856991,2.451977696162807,5.276319671503709,5.841675021639623e-11,0.6850420863805713,0.7581888246628131,0.028287945395587395,0.5699849170437405,0.09854939383779708,0.37579281183932345,0.12870024079115636,0.4237975074672984,0.07277689857677602,0.7127111009589262,0.026346837140247204,0.4552138801424251,0.011958486488243597,True
