,Model,HR,CI_lower,CI_upper,p,cindex,accuracy_mean,accuracy_std,precision_mean,precision_std,recall_mean,recall_std,f1_mean,f1_std,roc_auc_mean,roc_auc_std,pr_auc_mean,pr_auc_std,Sig
0,SVM,4.073606871004132,2.9297063567624546,5.664142039760597,6.74894679852888e-17,0.7170380847247136,0.7409363718911258,0.020912881865040082,0.49060606060606066,0.052864676418718705,0.4376321353065539,0.08981261831942725,0.4530615376500318,0.041974387834460204,0.7092477851753549,0.021853532896007354,0.4855537985291878,0.038449074502137345,True
1,RandomForest,3.6361933597101492,2.6152721091694535,5.05565065403429,1.6251870979947e-14,0.6994273492479647,0.7447788629769893,0.03153001622090649,0.5087301587301587,0.06330329080193421,0.4298801973220578,0.09011623601491629,0.45314963643321854,0.02603276671541234,0.7083343885536323,0.01693334423060685,0.45162378016339993,0.01615840947050475,True
2,XGBoost,3.0935731573889567,2.1573871434192533,4.4360118253739245,8.193823460560667e-10,0.6642058782944666,0.7466945717892499,0.025654669647521878,0.5092592592592592,0.057077907434897955,0.3833685694150811,0.1161743821564193,0.4219717737841406,0.053796858607967624,0.7220662703176463,0.032343132101532765,0.46137864701224657,0.024600987685282915,True
3,LogisticRegression,3.3900986368358965,2.4726248395861297,4.64800344293244,3.392582867721894e-14,0.7045674072029805,0.735189245454344,0.04053810139757203,0.4885464145115123,0.06799295380220499,0.4844961240310078,0.06735715967822778,0.47754194265822175,0.024117355922707244,0.7095923146029661,0.042348699119724144,0.46494641210206894,0.03457158686030657,True
4,ANN,2.342161138169685,1.736213599394298,3.1595875064370436,2.5183493388266995e-08,0.6587898440734097,0.6658915243726885,0.059709309059045805,0.3962712954034073,0.05455253426472257,0.5230796335447497,0.12342415325512855,0.4356015512265512,0.01542698339955461,0.6683426151338453,0.027832308046251107,0.3987822592185342,0.03233353126010226,True
5,Ensemble,2.9598186702306406,2.138678388833485,4.0962337331253424,5.93975965678671e-11,0.6973057817027736,0.7255442606249861,0.02650903847555374,0.45874504898895146,0.046176984147426076,0.4693446088794926,0.0303439748296138,0.46109608502035354,0.014795490060841163,0.7187317741729244,0.038049186652133055,0.462709972244691,0.04640523518885512,True
