,Model,HR,CI_lower,CI_upper,p,cindex,accuracy_mean,accuracy_std,precision_mean,precision_std,recall_mean,recall_std,f1_mean,f1_std,roc_auc_mean,roc_auc_std,pr_auc_mean,pr_auc_std,Sig
0,SVM,1.9383182238085892,1.6800370478259912,2.2363063609878333,1.1832629236782942e-19,0.7734234855802401,0.7466502779438796,0.004123106342175374,0.48809523809523814,0.016835875742536838,0.46863988724453837,0.11771593912685997,0.4718029470019672,0.07471122623189344,0.7128180454671668,0.029062863292662704,0.4764812770188711,0.03530595717021102,True
1,RandomForest,1.8357247881004242,1.5521810781863083,2.171064668295009,1.2839436335677829e-12,0.7555195253208224,0.7390095896175226,0.02708885980515249,0.49046015712682384,0.049261405942434874,0.37579281183932345,0.10561923666316182,0.41099490717196957,0.04254598258844978,0.705029076491885,0.015252670681815544,0.4623502198429496,0.01961221017583007,True
2,XGBoost,1.507147007063923,1.2456865830005903,1.8234860452861317,2.4447297905069237e-05,0.6993238581481993,0.7157774677208603,0.05696219298056385,0.4898989898989899,0.08072912809669588,0.4693446088794926,0.25655545740672125,0.4166066334005265,0.11592478081428073,0.7111140560723377,0.03461421864746313,0.44822053892615826,0.024207450728290725,True
3,LogisticRegression,1.9047058415888982,1.5719436928963213,2.3079098566809506,4.804026324749802e-11,0.7369946184628122,0.7313246074457954,0.018440162751873608,0.46575757575757576,0.03365956066075604,0.4381606765327695,0.06332356237908682,0.4466148448693743,0.027302212683574686,0.6915317329572611,0.03516037743210071,0.47098218138903086,0.04154353520691808,True
4,ANN,1.4633156356264376,1.238453906486643,1.7290047197181653,7.737328901905144e-06,0.6796260521595143,0.7082696609306137,0.013179196214857658,0.4031357531357531,0.04325676533143252,0.37737843551797035,0.11251184923633561,0.38517973254815363,0.07365576661992793,0.6359271682811537,0.0357597548563454,0.3919305113500819,0.04107105463269771,True
5,Ensemble,1.6949282140972586,1.4658816596659265,1.959763690336113,1.0552890083011808e-12,0.7560714778529046,0.7581888246628131,0.028287945395587395,0.5699849170437405,0.09854939383779708,0.37579281183932345,0.12870024079115636,0.4237975074672984,0.07277689857677602,0.7127111009589262,0.026346837140247204,0.4552138801424251,0.011958486488243597,True
