,Model,HR,CI_lower,CI_upper,p,cindex,accuracy_mean,accuracy_std,precision_mean,precision_std,recall_mean,recall_std,f1_mean,f1_std,roc_auc_mean,roc_auc_std,pr_auc_mean,pr_auc_std,Sig
0,SVM,4.073606871004132,2.9297063567624546,5.664142039760597,6.74894679852888e-17,0.7170380847247136,0.7409363718911258,0.020912881865040082,0.49060606060606066,0.052864676418718705,0.4376321353065539,0.08981261831942725,0.4530615376500318,0.041974387834460204,0.7092477851753549,0.021853532896007354,0.4855537985291878,0.038449074502137345,True
1,RandomForest,3.6361933597101492,2.6152721091694535,5.05565065403429,1.6251870979947e-14,0.6994273492479647,0.7447788629769893,0.03153001622090649,0.5087301587301587,0.06330329080193421,0.4298801973220578,0.09011623601491629,0.45314963643321854,0.02603276671541234,0.7083343885536323,0.01693334423060685,0.45162378016339993,0.01615840947050475,True
2,XGBoost,3.0935731573889567,2.1573871434192533,4.4360118253739245,8.193823460560667e-10,0.6642058782944666,0.7466945717892499,0.025654669647521878,0.5092592592592592,0.057077907434897955,0.3833685694150811,0.1161743821564193,0.4219717737841406,0.053796858607967624,0.7220662703176463,0.032343132101532765,0.46137864701224657,0.024600987685282915,True
3,LogisticRegression,3.3900986368358965,2.4726248395861297,4.64800344293244,3.392582867721894e-14,0.7045674072029805,0.735189245454344,0.04053810139757203,0.4885464145115123,0.06799295380220499,0.4844961240310078,0.06735715967822778,0.47754194265822175,0.024117355922707244,0.7095923146029661,0.042348699119724144,0.46494641210206894,0.03457158686030657,True
4,ANN,2.482630773950782,1.7866754550535904,3.4496783074588047,6.03566093536428e-08,0.654563957499655,0.6814165171749386,0.04862162310575809,0.3871224165341813,0.055836595640177886,0.40785764622973925,0.07745889433465696,0.38871649427204985,0.028989756107402755,0.6632229241851113,0.021689787835505635,0.3907151906321789,0.04492548429855598,True
5,Ensemble,3.6037912708279882,2.5689552315040762,5.055483787505387,1.1435060770923948e-13,0.6657064992410653,0.7505149159524285,0.013745480026375635,0.5060869565217391,0.03812888962876605,0.36821705426356593,0.09509956702624262,0.4178649237472767,0.05566779213298532,0.720841221622333,0.032573791566525685,0.4734355164063295,0.028297546831312196,True
