,Model,HR,CI_lower,CI_upper,p,cindex,accuracy_mean,accuracy_std,precision_mean,precision_std,recall_mean,recall_std,f1_mean,f1_std,roc_auc_mean,roc_auc_std,pr_auc_mean,pr_auc_std,Sig
0,SVM,1.9580581620108608,1.683248410318849,2.277733780892802,3.07252190232279e-18,0.7778736028701532,0.7332513897193985,0.02061553171087705,0.46910165484633576,0.03913010190957072,0.5229034531360113,0.041188553054834265,0.4945106902553711,0.03994507643603318,0.7122611632996864,0.02364833321707264,0.4842981363197243,0.03986884843718113,True
1,RandomForest,1.838755291587385,1.5411546547585235,2.1938233206519864,1.3655766851232331e-11,0.7498275148337243,0.7447345691316191,0.03318852147270575,0.5317460317460317,0.09976035785695661,0.4143763213530655,0.1326824471967561,0.4355850990167567,0.06418007798815172,0.7078468147037293,0.011060884317668551,0.45455477664742566,0.02487956160503926,True
2,XGBoost,1.132762343124562,0.9881684862707312,1.2985139111686865,0.07359188934297883,0.6108907133986478,0.7735144951608973,0.002461349245202175,0.5649294805641555,0.013256731879830353,0.4149048625792812,0.06479464188912744,0.4745373544063023,0.04076167420041868,0.7232793598495711,0.03075565207101661,0.463408808799475,0.027017367491247564,False
3,LogisticRegression,1.6652019734571333,1.3169412398193887,2.1055591005607956,2.0468762923572273e-05,0.7661446115634055,0.731335680907138,0.037604548658703565,0.47596348154422796,0.05859828993760284,0.5387596899224807,0.027407239580873932,0.5021665672828464,0.03006397196660274,0.7097102199534296,0.04242729892146921,0.468061523665707,0.03706995259834898,True
4,ANN,1.5077445882001128,1.2917529127829968,1.7598518422142093,1.9385707831547634e-07,0.7095004829584656,0.7197860607268621,0.021962317228126048,0.43333543333543334,0.05417400616202344,0.39992952783650454,0.057332039463809964,0.41522599134037314,0.05253194162164868,0.654306540255413,0.03785214805265205,0.3915324604778925,0.03745031733483617,True
5,Ensemble,1.9192400022595506,1.6420727254573353,2.2431906511615374,2.562115479018566e-16,0.7630053815371878,0.75626204238921,0.009161400556060486,0.5172413793103449,0.02438299245470853,0.39992952783650465,0.020062918739234346,0.45004688232536333,0.004593630624937653,0.7235603794986006,0.02238565271058601,0.4686601202984871,0.02338694343062788,True
