,Model,HR,CI_lower,CI_upper,p,cindex,accuracy_mean,accuracy_std,precision_mean,precision_std,recall_mean,recall_std,f1_mean,f1_std,roc_auc_mean,roc_auc_std,pr_auc_mean,pr_auc_std,Sig
0,SVM,1.8317308101164609,1.5834917858045365,2.1188854851085854,3.7621955414365965e-16,0.7520525734786808,0.7409363718911258,0.022922198716136842,0.48414376321353064,0.05187249110522321,0.43816067653276963,0.02765639630433642,0.4583491607929206,0.028346731313712837,0.6855183738682761,0.008427720283536983,0.4649498639672121,0.030545408313130414,True
1,RandomForest,1.8152878535268266,1.5518593317093747,2.1234334348669925,9.098140647286352e-14,0.7509659169311439,0.7562731158505526,0.01911806082380262,0.536270277341706,0.04765822855035436,0.36028893587033123,0.12821116931164844,0.4114970034574475,0.079111373703215,0.7092870766135456,0.02988769713848613,0.47007545258071776,0.05972711662391389,True
2,XGBoost,1.126547978400185,0.9817063030502099,1.2927597018521277,0.08969335317447945,0.6170139368014351,0.7409695922751535,0.03227418391667206,0.4963988370556363,0.07932326598741922,0.44591261451726566,0.03609678185069315,0.4633281168492436,0.014252366290453199,0.7173139408671098,0.01584478227614738,0.4888869584788989,0.044190091372278646,False
3,LogisticRegression,1.5621748212714779,1.3566191940459056,1.7988763412203317,5.753443161785053e-10,0.7329239685387057,0.7485549132947976,0.003111504708523518,0.4959349593495935,0.00574883561940283,0.46124031007751937,0.03334234599628924,0.4772955595740405,0.01810382141045945,0.6778748442515529,0.024084479877201786,0.44684840255342567,0.03705538072179893,True
4,ANN,1.5308964298347356,1.3348573659170186,1.7557260713549765,1.1213756344700153e-09,0.7172968124741272,0.696764334595708,0.01729905048086918,0.38960027100271005,0.02575777936816104,0.36909795630725856,0.03098872662539549,0.3775335775335775,0.016974991157003936,0.6533722875148403,0.005718635196987554,0.41186081783222384,0.024421959814566945,True
5,Ensemble,2.0617639565705215,1.7648503415178949,2.408629509603225,7.498336375814344e-20,0.7494135504346626,0.7524749186100591,0.03025041432565391,0.520776744532856,0.07720319147081378,0.41367159971811135,0.17482778862112114,0.4364567332309268,0.10514525298527468,0.7202662507029629,0.02012471546185612,0.4848500136463137,0.0495279484191009,True
