,Model,HR,CI_lower,CI_upper,p,cindex,accuracy_mean,accuracy_std,precision_mean,precision_std,recall_mean,recall_std,f1_mean,f1_std,roc_auc_mean,roc_auc_std,pr_auc_mean,pr_auc_std,Sig
0,SVM,1.6520412962895688,1.432083047289086,1.9057836413974274,5.726454903354696e-12,0.7312681109424589,0.7619870219033066,0.005775465648554332,0.5348190089043747,0.02612597334876179,0.4452078928823115,0.12191200542774448,0.47282608695652173,0.0714145048711124,0.6934347193134694,0.01181559295796389,0.46012836006517305,0.03443329032998045,True
1,RandomForest,1.9467316898627751,1.683745005136456,2.250794663535671,2.336302179641932e-19,0.7513108872636953,0.7467056452505925,0.023787903364612863,0.5453932032879402,0.12873828346828847,0.33016208597603947,0.1020594114953602,0.3832614408250285,0.061757997203481095,0.7065218821654113,0.02443558829928999,0.4737082891712481,0.03292995096062838,True
2,XGBoost,1.4820985285959178,1.2577913345124188,1.7464073636011335,2.6103756443733427e-06,0.6606181868359321,0.7504927690297434,0.004760712720765202,0.545751633986928,0.08633885499099937,0.19873150105708245,0.12977597677144023,0.25822527332824813,0.1365247120332559,0.7183862722873906,0.02852274199771544,0.4621086525058649,0.023251750171305662,True
3,LogisticRegression,1.569556015195884,1.3395261052969827,1.8390877752183896,2.4727001541530306e-08,0.705912791499931,0.7524084778420038,0.004135993400732914,0.5030000987447796,0.012888690947905485,0.4531360112755462,0.0712222240627069,0.4745083863504916,0.043447131270740194,0.6764649561338714,0.03355077630415769,0.4637525664006599,0.02118254589226147,True
4,ANN,1.527395418768365,1.308961318234351,1.7822809068349488,7.482268483742067e-08,0.6807989512901891,0.6661683609062522,0.10530904703101315,0.412071454433457,0.09728935578347105,0.48484848484848486,0.06982792204885173,0.4293890026989237,0.041185076090599966,0.6247988150082949,0.07468111553906823,0.37572259456434454,0.07637461330227197,True
5,Ensemble,1.7255342950884385,1.5105121724839814,1.97116491860507,9.432379418123128e-16,0.750482958465572,0.756284189311895,0.023648376813464482,0.5313811348294107,0.057245947724900874,0.3532417195207893,0.08662523932708123,0.41398384659917253,0.06214125433483204,0.7115522932006155,0.02018183051847571,0.46965823594872647,0.02325946113445159,True
