,Model,HR,CI_lower,CI_upper,p,cindex,accuracy_mean,accuracy_std,precision_mean,precision_std,recall_mean,recall_std,f1_mean,f1_std,roc_auc_mean,roc_auc_std,pr_auc_mean,pr_auc_std,Sig
0,SVM,3.934468753904246,2.825922170209099,5.477873572966595,4.964863742640863e-16,0.7181419897888781,0.7409363718911258,0.022922198716136842,0.48414376321353064,0.05187249110522321,0.43816067653276963,0.02765639630433642,0.4583491607929206,0.028346731313712837,0.6856963543587012,0.008388852291251275,0.46490144948731027,0.030449467028021718,True
1,RandomForest,3.512500997963993,2.424288881591736,5.089188567575907,3.1189676835975214e-11,0.697288533186146,0.756284189311895,0.017175855951560952,0.5229276895943563,0.05021037335268697,0.3927061310782241,0.05276066437709794,0.4443788326141267,0.028099710196639892,0.7163781466772768,0.01990500658889322,0.4837170153365215,0.047728653824246244,True
2,XGBoost,3.936532813957665,2.766117629330943,5.6021806271173045,2.7105732884224993e-14,0.734717814267973,0.7697052244590615,0.013578818143573795,0.5529315029315028,0.04017193069135981,0.4610641296687808,0.05208090753707078,0.4985757240069631,0.015538225651003249,0.71792087875436,0.015898432460915695,0.49065445579640504,0.04479079107033768,True
3,LogisticRegression,3.31072932772429,2.366975532234959,4.630773969642238,2.698284170439927e-12,0.7123119911687595,0.7485549132947976,0.003111504708523518,0.4959349593495935,0.00574883561940283,0.46124031007751937,0.03334234599628924,0.4772955595740405,0.01810382141045945,0.6778748442515529,0.024084479877201786,0.4468546730580556,0.03705474993145202,True
4,ANN,3.602666436373876,2.6185656188434487,4.956608823691582,3.4473020444359785e-15,0.7049986201186698,0.7485549132947976,0.016550442888152425,0.4967532467532468,0.0397432305145438,0.45348837209302323,0.043507644032255134,0.4731590248831628,0.037117659609360046,0.6695045575171618,0.014273961038842993,0.4286505449866112,0.03294004825682924,True
5,Ensemble,3.5655152277374333,2.482961834967307,5.12005406615318,5.741016118393046e-12,0.7146750379467366,0.7543352601156069,0.006564592212773263,0.5120893070489845,0.017528176715708024,0.42353770260747003,0.0636204019917822,0.46,0.030307070437746338,0.7254304678101945,0.01829794785749988,0.48963739923732025,0.04639246605926037,True
