,Model,HR,CI_lower,CI_upper,p,cindex,accuracy_mean,accuracy_std,precision_mean,precision_std,recall_mean,recall_std,f1_mean,f1_std,roc_auc_mean,roc_auc_std,pr_auc_mean,pr_auc_std,Sig
0,SVM,3.934468753904246,2.825922170209099,5.477873572966595,4.964863742640863e-16,0.7181419897888781,0.7409363718911258,0.022922198716136842,0.48414376321353064,0.05187249110522321,0.43816067653276963,0.02765639630433642,0.4583491607929206,0.028346731313712837,0.6855183738682761,0.008427720283536983,0.4649498639672121,0.030545408313130414,True
1,RandomForest,3.43482107770698,2.3362943370953695,5.049875629338793,3.487648239480656e-10,0.6741582723885746,0.7562731158505526,0.01911806082380262,0.536270277341706,0.04765822855035436,0.36028893587033123,0.12821116931164844,0.4114970034574475,0.079111373703215,0.7092870766135456,0.02988769713848613,0.47007545258071776,0.05972711662391389,True
2,XGBoost,3.4925066681185726,2.5336964880977124,4.814153109558357,2.2154897940752754e-14,0.7047398923692563,0.7409695922751535,0.03227418391667206,0.4963988370556363,0.07932326598741922,0.44591261451726566,0.03609678185069315,0.4633281168492436,0.014252366290453199,0.7173139408671098,0.01584478227614738,0.4888869584788989,0.044190091372278646,True
3,LogisticRegression,3.31072932772429,2.366975532234959,4.630773969642238,2.698284170439927e-12,0.7123119911687595,0.7485549132947976,0.003111504708523518,0.4959349593495935,0.00574883561940283,0.46124031007751937,0.03334234599628924,0.4772955595740405,0.01810382141045945,0.6778748442515529,0.024084479877201786,0.44684840255342567,0.03705538072179893,True
4,ANN,2.4471381848303606,1.7658904395575399,3.3911986618803502,7.614167913651145e-08,0.6478197874982752,0.696764334595708,0.01729905048086918,0.38960027100271005,0.02575777936816104,0.36909795630725856,0.03098872662539549,0.3775335775335775,0.016974991157003936,0.6533722875148403,0.005718635196987554,0.41186081783222384,0.024421959814566945,True
5,Ensemble,3.3274914485812945,2.393601123765182,4.625749558040336,8.496534518562906e-13,0.6778494549468745,0.7524749186100591,0.03025041432565391,0.520776744532856,0.07720319147081378,0.41367159971811135,0.17482778862112114,0.4364567332309268,0.10514525298527468,0.7202662507029629,0.02012471546185612,0.4848500136463137,0.0495279484191009,True
