,Model,HR,CI_lower,CI_upper,p,cindex,accuracy_mean,accuracy_std,precision_mean,precision_std,recall_mean,recall_std,f1_mean,f1_std,roc_auc_mean,roc_auc_std,pr_auc_mean,pr_auc_std,Sig
0,SVM,3.934468753904246,2.825922170209099,5.477873572966595,4.964863742640863e-16,0.7181419897888781,0.7409363718911258,0.022922198716136842,0.48414376321353064,0.05187249110522321,0.43816067653276963,0.02765639630433642,0.4583491607929206,0.028346731313712837,0.6855183738682761,0.008427720283536983,0.4649498639672121,0.030545408313130414,True
1,RandomForest,3.43482107770698,2.3362943370953695,5.049875629338793,3.487648239480656e-10,0.6741582723885746,0.7562731158505526,0.01911806082380262,0.536270277341706,0.04765822855035436,0.36028893587033123,0.12821116931164844,0.4114970034574475,0.079111373703215,0.7092870766135456,0.02988769713848613,0.47007545258071776,0.05972711662391389,True
2,XGBoost,3.4925066681185726,2.5336964880977124,4.814153109558357,2.2154897940752754e-14,0.7047398923692563,0.7409695922751535,0.03227418391667206,0.4963988370556363,0.07932326598741922,0.44591261451726566,0.03609678185069315,0.4633281168492436,0.014252366290453199,0.7173139408671098,0.01584478227614738,0.4888869584788989,0.044190091372278646,True
3,LogisticRegression,3.31072932772429,2.366975532234959,4.630773969642238,2.698284170439927e-12,0.7123119911687595,0.7485549132947976,0.003111504708523518,0.4959349593495935,0.00574883561940283,0.46124031007751937,0.03334234599628924,0.4772955595740405,0.01810382141045945,0.6778748442515529,0.024084479877201786,0.44684840255342567,0.03705538072179893,True
4,ANN,2.0566612581476265,1.509099058122974,2.8029011800103407,4.986762112360272e-06,0.6432489305919691,0.6891790135760636,0.05940918305530447,0.4149351282801678,0.07704746713501688,0.46124031007751937,0.04683351152556036,0.4288448393711552,0.0344021703274173,0.656707890606346,0.04523725634238755,0.4130014365954231,0.06026240656985929,True
5,Ensemble,4.5922277194314,3.256904061534552,6.4750312040747815,3.45040539028617e-18,0.6987201600662343,0.7697162979204039,0.01637817715959822,0.5586770482603817,0.05059968317307958,0.39235377026074697,0.004235664298862331,0.4602020202020202,0.01866938291702671,0.7149058971089861,0.02178547057814583,0.47941261361316423,0.0546461768693153,True
