,Model,HR,CI_lower,CI_upper,p,cindex,accuracy_mean,accuracy_std,precision_mean,precision_std,recall_mean,recall_std,f1_mean,f1_std,roc_auc_mean,roc_auc_std,pr_auc_mean,pr_auc_std,Sig
0,SVM,3.1877522247344556,2.3549190405231815,4.315122546226421,6.200270573003966e-14,0.6886297778391058,0.7331185081832879,0.038340663386403136,0.4921210029905681,0.0832772125068425,0.49312896405919665,0.08917896581201448,0.47823279077254055,0.00872185334414126,0.7118197708558084,0.012688481604694213,0.4971002786957781,0.04600577038806776,True
1,RandomForest,4.0499778875360475,2.7355799496988378,5.995920861803615,2.8108606529729865e-12,0.6499413550434663,0.7830265984541448,0.03581814075722597,0.6867484367484368,0.1581673560597288,0.29140239605355883,0.1008478574205068,0.393627499261302,0.11442380382135059,0.7106421863833545,0.009367316258607712,0.5344529961112804,0.07554742273964352,True
2,XGBoost,2.702815768821206,1.896503031136025,3.851938520663829,3.784117927278011e-08,0.6296398509728164,0.7293424578654796,0.012930579007222363,0.2913265306122449,0.20623144891939502,0.3023255813953489,0.21898367274148114,0.2959664745940283,0.21114666483064215,0.6916573352087289,0.02645604439390193,0.4753651540402934,0.06442007359883417,True
3,LogisticRegression,2.9890942115758747,2.2046237345920283,4.052702538526279,1.7897259885978153e-12,0.6923037118807782,0.7370274400372069,0.006154474010726079,0.4741167775314117,0.014201092514417672,0.49260042283298094,0.046543649685576796,0.48216246083157027,0.024420673111644777,0.6981330463134121,0.012241045278112858,0.45358389857369213,0.048445744554947816,True
4,ANN,3.1028483839285297,2.3024534117276865,4.181482259145299,1.0166417941933091e-13,0.6856285359459087,0.7293203109427946,0.041232220294953506,0.4761485826001955,0.08767636419149766,0.5001761804087386,0.07766059595613606,0.4802255894355414,0.04927022389204285,0.6800772131590525,0.03182143197254804,0.4516534030007275,0.011217640614341603,True
5,Ensemble,3.8036364502736846,2.6277829917997844,5.505648788731071,1.4380602224099963e-12,0.6778667034635021,0.7427302726286182,0.03120760352683722,0.5416666666666666,0.1504622507105649,0.33949964763918256,0.09958697927313843,0.388267355134825,0.05571952259272261,0.7057300634746045,0.013844406492273349,0.5024130213384705,0.06297874692266708,True
