,Model,HR,CI_lower,CI_upper,p,cindex,accuracy_mean,accuracy_std,precision_mean,precision_std,recall_mean,recall_std,f1_mean,f1_std,roc_auc_mean,roc_auc_std,pr_auc_mean,pr_auc_std,Sig
0,SVM,2.7767686304731782,2.055063247031674,3.751925415588463,2.920226244772374e-11,0.6969780598868497,0.7042610679246118,0.057760815402603465,0.443859649122807,0.06996679509687462,0.5003523608174771,0.09138041500637321,0.45844044347095286,0.02231843459675122,0.7010296777605495,0.019162216305779613,0.4965746600539831,0.057357298411018075,True
1,RandomForest,3.3743432514709646,2.3451349768952148,4.855239673164619,5.7071637984195356e-11,0.6557023595970747,0.7504152548003454,0.028913276200992728,0.6004437617340843,0.20520713647861782,0.3164200140944327,0.09934825589823348,0.37694053654098053,0.05358431535356318,0.7082129451115781,0.01741257018653259,0.5026932395461933,0.07794113328693446,True
2,XGBoost,3.24858895686583,2.3768091833119036,4.4401251412052165,1.4620349209190823e-13,0.6892852214709535,0.7331185081832879,0.06273919284766032,0.4949648107388385,0.1620637770722455,0.4304087385482735,0.03447108256721973,0.4539020340390203,0.08605161801516364,0.6730833371610933,0.03708311592761434,0.4968730587302785,0.09568215844107554,True
3,LogisticRegression,3.573637057200803,2.6006286116969837,4.910690345848904,4.036180082757008e-15,0.7153477300952118,0.7408477842003854,0.04193381938152646,0.5045818767712514,0.10744036933214175,0.46952078928823116,0.026659769410486454,0.47800770750348126,0.031153816866409122,0.6911719545618,0.007745088390470632,0.45835390465068976,0.053887870863897146,True
4,ANN,3.4121009319313855,2.4844840476313395,4.6860565600277075,3.4002433425635036e-14,0.686214985511246,0.7523641839966336,0.0374876132997052,0.5249641662685142,0.10916459190746115,0.43851303735024666,0.01956951201206745,0.4720801234229571,0.03961298941493618,0.688755727673711,0.009813763983956258,0.4924220873354726,0.06019160729412357,True
5,Ensemble,3.2916700591926213,2.351238679929781,4.60824835482408,3.912001091164684e-12,0.6596695184214157,0.7523198901512634,0.0422458660170326,0.5496443812233286,0.17131341212000223,0.3539464411557434,0.029937193834523666,0.42005494505494506,0.047980862227300865,0.7010287984103002,0.016347174013222058,0.5086443556356017,0.07812531031618206,True
