,Model,HR,CI_lower,CI_upper,p,cindex,accuracy_mean,accuracy_std,precision_mean,precision_std,recall_mean,recall_std,f1_mean,f1_std,roc_auc_mean,roc_auc_std,pr_auc_mean,pr_auc_std,Sig
0,SVM,1.9157992441816305,1.6478442461315232,2.2273262492030215,2.7355933978833044e-17,0.7658168897474817,0.7331185081832879,0.038340663386403136,0.4921210029905681,0.0832772125068425,0.49312896405919665,0.08917896581201448,0.47823279077254055,0.00872185334414126,0.7118197708558084,0.012688481604694213,0.4971002786957781,0.04600577038806776,True
1,RandomForest,1.9815436268797741,1.691041235367959,2.321951152405498,2.792814739920266e-17,0.7568994066510281,0.7830265984541448,0.03581814075722597,0.6867484367484368,0.1581673560597288,0.29140239605355883,0.1008478574205068,0.393627499261302,0.11442380382135059,0.7106421863833545,0.009367316258607712,0.5344529961112804,0.07554742273964352,True
2,XGBoost,1.5917547602007152,1.3757683395247065,1.8416496032296834,4.166304957586739e-10,0.6784186559955844,0.7293424578654796,0.012930579007222363,0.2913265306122449,0.20623144891939502,0.3023255813953489,0.21898367274148114,0.2959664745940283,0.21114666483064215,0.6916573352087289,0.02645604439390193,0.4753651540402934,0.06442007359883417,True
3,LogisticRegression,1.1986642053737049,1.0842069500974738,1.3252044520790083,0.00040179302185006365,0.7350282875672692,0.7370274400372069,0.006154474010726079,0.4741167775314117,0.014201092514417672,0.49260042283298094,0.046543649685576796,0.48216246083157027,0.024420673111644777,0.6981330463134121,0.012241045278112858,0.45358389857369213,0.048445744554947816,True
4,ANN,1.6610023765266972,1.436371342515323,1.9207629762342633,7.66949966428094e-12,0.7353387608665655,0.7293203109427946,0.041232220294953506,0.4761485826001955,0.08767636419149766,0.5001761804087386,0.07766059595613606,0.4802255894355414,0.04927022389204285,0.6800772131590525,0.03182143197254804,0.4516534030007275,0.011217640614341603,True
5,Ensemble,1.893840051236988,1.6529547670361222,2.1698295750103473,3.565171314464923e-20,0.7662136056299158,0.7427302726286182,0.03120760352683722,0.5416666666666666,0.1504622507105649,0.33949964763918256,0.09958697927313843,0.388267355134825,0.05571952259272261,0.7057300634746045,0.013844406492273349,0.5024130213384705,0.06297874692266708,True
