,Model,HR,CI_lower,CI_upper,p,cindex,accuracy_mean,accuracy_std,precision_mean,precision_std,recall_mean,recall_std,f1_mean,f1_std,roc_auc_mean,roc_auc_std,pr_auc_mean,pr_auc_std,FDR,Sig
0,SVM,4.634345159454563,2.7441915200547147,7.82640530006875,9.70669227196392e-09,0.6758882866606444,0.8343079922027291,0.014587358233036809,0.5381836945304438,0.03698650348288427,0.4014336917562724,0.1778442470258821,0.44488633060061633,0.12690423947262308,0.745593249882886,0.08843886595924547,0.42797389693059745,0.0854050873462237,1.4560038407945879e-08,True
1,RandomForest,3.7834828549117727,2.415524341987106,5.926142934927107,6.172620106606911e-09,0.6427657332128877,0.8148148148148149,0.019297261085012965,0.48427128427128424,0.07542937220840895,0.3810035842293907,0.0643745958499581,0.42335107240767617,0.05937706863355137,0.7522100932190156,0.09191012490158111,0.42844187672337486,0.0682307771170942,1.2345240213213823e-08,True
2,XGBoost,3.628202059303255,2.2018424174596043,5.978561444156523,4.25025578426159e-07,0.628613369467028,0.8226120857699805,0.007293679116518384,0.5217086834733894,0.044078725439373134,0.3272401433691756,0.0761663503968335,0.3929438058748404,0.03992283337423702,0.7584476328470838,0.0735644852071399,0.42787153472668776,0.055421404780589184,4.25025578426159e-07,True
3,LogisticRegression,4.048566488022126,2.7073579174368207,6.054201589811892,9.681386577211243e-12,0.7024804275820536,0.7953216374269005,0.042439651183386405,0.4422702054281002,0.0974139104982904,0.5426523297491039,0.11826436309327265,0.48730786122090475,0.10678957624477622,0.7423463810903757,0.08927474103106758,0.4243386822944973,0.08596772818311868,5.808831946326746e-11,True
4,ANN,3.213469134884707,2.097989900182737,4.922036984047077,8.044209372884834e-08,0.6651046371574827,0.7914230019493177,0.02153091816215838,0.40873015873015867,0.06896090157532846,0.44480286738351255,0.16741152398527837,0.42166587938907263,0.11225396960922396,0.7123323637393644,0.08182957701422217,0.36717076216466776,0.06441670144863221,9.653051247461801e-08,True
5,Ensemble (Mean),4.424591484941327,2.7753244801520425,7.053953492149066,4.1185829466719015e-10,0.6819482083709726,0.8245614035087719,0.01263302280391394,0.49682539682539684,0.036126370402352545,0.4336917562724014,0.22233781246266413,0.4422138917111415,0.13763217608292921,0.7498523820418125,0.08873664328433457,0.4183269840602159,0.07338395292102946,1.2355748840015705e-09,True
