,Model,HR,CI_lower,CI_upper,p,cindex,accuracy_mean,accuracy_std,precision_mean,precision_std,recall_mean,recall_std,f1_mean,f1_std,roc_auc_mean,roc_auc_std,pr_auc_mean,pr_auc_std,FDR,Sig
0,SVM,4.326107574481543,2.630165020711601,7.115601720276512,7.982142651436586e-09,0.5836532670882264,0.8109161793372319,0.01987921837658006,0.3036437246963563,0.22236514241948824,0.2186379928315412,0.15466271692036856,0.25301348609619284,0.18042965689427623,0.5004319595603055,0.2604417969013305,0.27860795197466465,0.12232103564827637,9.578571181723903e-09,True
1,RandomForest,4.4102995609046465,2.936296750968088,6.624242665698849,8.693186178236612e-13,0.64331150255947,0.8382066276803118,0.01929726108501299,0.561391694725028,0.07651391166918858,0.33655913978494617,0.16013204171167444,0.4081007115489874,0.14223137917733722,0.7696433564655939,0.07796090798577972,0.4464581509128817,0.06727173168923274,1.3039779267354918e-12,True
2,XGBoost,4.245876520892593,2.860086027117212,6.303120696281137,7.340062402819242e-13,0.6562594098163204,0.8206627680311892,0.014587358233036809,0.5144359192952543,0.06344896654486798,0.3810035842293907,0.04541941367071966,0.4314814814814815,0.011415581486979569,0.7792461497677695,0.0713225417341934,0.45538365844369877,0.04915531825056981,1.3039779267354918e-12,True
3,LogisticRegression,4.330967691247587,2.999779115267866,6.252887436665656,5.1710433558740554e-15,0.7041177356218007,0.797270955165692,0.041717221362636815,0.44597390913180385,0.09550647957740291,0.5426523297491039,0.11826436309327265,0.4894834633965069,0.10554179020843109,0.7418695732697106,0.08948871902771902,0.4221716646294343,0.0877513278876997,1.5513130067622166e-14,True
4,ANN,2.718905758086714,1.7894021920243672,4.131239222968619,2.784808632187262e-06,0.6126919602529358,0.7797270955165692,0.01676866523789988,0.3512955643390426,0.06561303036658839,0.2949820788530466,0.10131266764667533,0.3186815746564174,0.08594422579987432,0.6949671899568948,0.07785620537081428,0.35553132527861897,0.059684882186345475,2.784808632187262e-06,True
5,Ensemble (Mean),4.76493856685954,3.2468640730348843,6.992790284787971,1.4954004846734862e-15,0.6894196025293586,0.8187134502923975,0.019099335226379553,0.4920634920634921,0.05557822666670347,0.4336917562724014,0.08837869538306775,0.45858780670738236,0.07122603509626617,0.7606780621193799,0.08605800725768674,0.43205751745479076,0.07536533760031537,8.972402908040917e-15,True
