,Model,HR,CI_lower,CI_upper,p,cindex,accuracy_mean,accuracy_std,precision_mean,precision_std,recall_mean,recall_std,f1_mean,f1_std,roc_auc_mean,roc_auc_std,pr_auc_mean,pr_auc_std,FDR,Sig
0,SVM,4.426913491722651,2.5366339938415945,7.725814252578311,1.6393374980047198e-07,0.6395287563986751,0.8362573099415204,0.008270254750719828,0.5932940516273849,0.05307741717929655,0.33584229390681003,0.08960430106379909,0.41658465007247286,0.05802944065674444,0.7768198044107447,0.061977043196420264,0.46971469113337433,0.030644732598435143,2.45900624700708e-07,True
1,RandomForest,4.385211971876912,2.731512560646374,7.040086256730253,9.333681311641984e-10,0.6791817223727793,0.8187134502923977,0.017215908121496752,0.48992063492063487,0.058118760959000336,0.4125448028673835,0.0734041078572618,0.44754581054016085,0.06731546414331635,0.7820257432645902,0.07366326050754393,0.4607038883568884,0.07320857505654513,1.8667362623283968e-09,True
2,XGBoost,3.444360307488502,2.108288767857519,5.627131400912556,7.885550853922998e-07,0.6283498946100572,0.8148148148148148,0.007293679116518423,0.4748534823497342,0.03325181643882092,0.3272401433691756,0.1188527439455529,0.3744058828804591,0.09639844570357842,0.7552412545892299,0.06238627052896485,0.4491665082122746,0.03678739224757127,9.462661024707597e-07,True
3,LogisticRegression,4.484881192850255,2.982668862095857,6.743678310923239,5.552110571881013e-13,0.7217705510388437,0.8050682261208578,0.030697886448389125,0.4633594633594633,0.07503039914005497,0.5655913978494623,0.10812735561270136,0.5079656862745098,0.08648609999368927,0.7593676576861204,0.05612428209414613,0.4669997170604267,0.06218993584267867,3.331266343128608e-12,True
4,ANN,2.737302825688141,1.8250987872566145,4.1054362710870445,1.121145799876557e-06,0.6198057813911473,0.7602339181286549,0.023874169032974443,0.3513155933214073,0.02468713057322783,0.37992831541218636,0.051443369514004744,0.3615758615758616,0.012315044125802893,0.7031740584588904,0.03416405309558227,0.37120432610382775,0.04686528707512338,1.121145799876557e-06,True
5,Ensemble (Mean),4.601513248832513,2.832256132690099,7.475991996200565,7.074609290244205e-10,0.6707693465823548,0.8265107212475633,0.012016401565241645,0.5142857142857142,0.03829313676766609,0.40143369175627236,0.10400443102901008,0.4473308112652375,0.0780675026588385,0.7773153141375516,0.0641095135161592,0.46399687392025907,0.03605348519517855,1.8667362623283968e-09,True
