,Model,HR,CI_lower,CI_upper,p,cindex,accuracy_mean,accuracy_std,precision_mean,precision_std,recall_mean,recall_std,f1_mean,f1_std,roc_auc_mean,roc_auc_std,pr_auc_mean,pr_auc_std,Sig
0,SVM,2.079667441420755,1.5245224649204214,2.836964863703279,3.8096457748198573e-06,0.6421277770111771,0.6889907647332403,0.04924251596604216,0.4245826985765066,0.07228098157152946,0.45278365045806906,0.1573937043771669,0.4069428745326493,0.0609240905575582,0.673209984287563,0.029717720761224014,0.4170706936613757,0.016090952019662062,True
1,RandomForest,3.3890789530803107,2.422977813918658,4.740388493956523,1.010210812276516e-12,0.7070511935973506,0.7505592097977986,0.03748776049389162,0.519304152637486,0.07051780201564745,0.4605355884425652,0.10836799513015909,0.47543859649122805,0.054414254102704625,0.6916130573373606,0.01778588620130834,0.4564790756780464,0.034775475386758535,True
2,XGBoost,3.4991772101177125,2.439618315477662,5.018916717474239,1.0019749373454628e-11,0.6993928522147095,0.7543463335769496,0.011237146479020627,0.5199335548172758,0.03672060826487098,0.4149048625792812,0.09615674281526009,0.4506254225828263,0.05367594293931655,0.7009755615116879,0.016959835333726837,0.4661716714206543,0.009461293691869838,True
3,LogisticRegression,3.0611377333556704,2.177950828346507,4.302468219490516,1.1811369893508092e-10,0.7006864909617773,0.7466392044825372,0.004742829550674794,0.4916675340295366,0.016488044709844614,0.43851303735024666,0.01956951201206745,0.46325690770135214,0.013610625400106085,0.6840476554039486,0.031053972575773255,0.45117105028423526,0.007908643011111613,True
4,ANN,2.0106919421387883,1.4829090793612996,2.726318250019181,6.915593381443377e-06,0.6502863253760177,0.6680619227958275,0.042869108954928126,0.3851444851444851,0.04195299705534948,0.4917195207892882,0.08567405287576382,0.4231952360977455,0.013825372261477982,0.6345454607526327,0.013175587608280023,0.3626928431684202,0.01684598421767686,True
5,Ensemble,3.690648378171077,2.605078520697195,5.228589212601337,2.023740459398621e-13,0.7337691458534567,0.7563284831572652,0.0394585171321591,0.5309796893667862,0.09194959069439528,0.461768851303735,0.02320905243842657,0.4890511479221156,0.037639582339536355,0.7008763294223973,0.01927606581828416,0.4659308561657755,0.02974068459544672,True
