,Model,HR,CI_lower,CI_upper,p,cindex,accuracy_mean,accuracy_std,precision_mean,precision_std,recall_mean,recall_std,f1_mean,f1_std,roc_auc_mean,roc_auc_std,pr_auc_mean,pr_auc_std,Sig
0,SVM,1.6106214327288069,1.3906924559281768,1.8653307483673935,1.9826014977646454e-10,0.7197978473851249,0.6889907647332403,0.04924251596604216,0.4245826985765066,0.07228098157152946,0.45278365045806906,0.1573937043771669,0.4069428745326493,0.0609240905575582,0.673209984287563,0.029717720761224014,0.4170706936613757,0.016090952019662062,True
1,RandomForest,1.8593934494272217,1.5797041240264882,2.1886022497431235,8.817705602330453e-14,0.746550296674486,0.7505592097977986,0.03748776049389162,0.519304152637486,0.07051780201564745,0.4605355884425652,0.10836799513015909,0.47543859649122805,0.054414254102704625,0.6916130573373606,0.01778588620130834,0.4564790756780464,0.034775475386758535,True
2,XGBoost,1.3113135004976677,1.114598045491282,1.5427472742691943,0.0010821202957981303,0.7113633227542432,0.7543463335769496,0.011237146479020627,0.5199335548172758,0.03672060826487098,0.4149048625792812,0.09615674281526009,0.4506254225828263,0.05367594293931655,0.7009755615116879,0.016959835333726837,0.4661716714206543,0.009461293691869838,True
3,LogisticRegression,1.698093574237384,1.444965605444437,1.9955643068607098,1.2823930676416407e-10,0.7403753277218159,0.7466392044825372,0.004742829550674794,0.4916675340295366,0.016488044709844614,0.43851303735024666,0.01956951201206745,0.46325690770135214,0.013610625400106085,0.6840476554039486,0.031053972575773255,0.45117105028423526,0.007908643011111613,True
4,ANN,1.2909467097598908,1.0874401267382223,1.5325380832126236,0.003526383775664334,0.660583689802677,0.6680619227958275,0.042869108954928126,0.3851444851444851,0.04195299705534948,0.4917195207892882,0.08567405287576382,0.4231952360977455,0.013825372261477982,0.6345454607526327,0.013175587608280023,0.3626928431684202,0.01684598421767686,True
5,Ensemble,2.423398782311442,1.3020751173314418,4.510386213465785,0.005225839443795263,0.7704912377535532,0.7563284831572652,0.0394585171321591,0.5309796893667862,0.09194959069439528,0.461768851303735,0.02320905243842657,0.4890511479221156,0.037639582339536355,0.7008763294223973,0.01927606581828416,0.4659308561657755,0.02974068459544672,True
