,Model,HR,CI_lower,CI_upper,p,cindex,accuracy_mean,accuracy_std,precision_mean,precision_std,recall_mean,recall_std,f1_mean,f1_std,roc_auc_mean,roc_auc_std,pr_auc_mean,pr_auc_std,Sig
0,SVM,2.079667441420755,1.5245224649204214,2.836964863703279,3.8096457748198573e-06,0.6421277770111771,0.6889907647332403,0.04924251596604216,0.4245826985765066,0.07228098157152946,0.45278365045806906,0.1573937043771669,0.4069428745326493,0.0609240905575582,0.673209984287563,0.029717720761224014,0.4170706936613757,0.016090952019662062,True
1,RandomForest,3.3890789530803107,2.422977813918658,4.740388493956523,1.010210812276516e-12,0.7070511935973506,0.7505592097977986,0.03748776049389162,0.519304152637486,0.07051780201564745,0.4605355884425652,0.10836799513015909,0.47543859649122805,0.054414254102704625,0.6916130573373606,0.01778588620130834,0.4564790756780464,0.034775475386758535,True
2,XGBoost,3.4991772101177125,2.439618315477662,5.018916717474239,1.0019749373454628e-11,0.6993928522147095,0.7543463335769496,0.011237146479020627,0.5199335548172758,0.03672060826487098,0.4149048625792812,0.09615674281526009,0.4506254225828263,0.05367594293931655,0.7009755615116879,0.016959835333726837,0.4661716714206543,0.009461293691869838,True
3,LogisticRegression,3.0611377333556704,2.177950828346507,4.302468219490516,1.1811369893508092e-10,0.7006864909617773,0.7466392044825372,0.004742829550674794,0.4916675340295366,0.016488044709844614,0.43851303735024666,0.01956951201206745,0.46325690770135214,0.013610625400106085,0.6840476554039486,0.031053972575773255,0.45117105028423526,0.007908643011111613,True
4,ANN,3.3236772321208896,2.3125467386229586,4.77691116846217,8.585327635915889e-11,0.6916137712156755,0.7331074347219454,0.0406714472191419,0.4824440052700923,0.1001834105877094,0.37649753347427767,0.043482666910940444,0.41481315619246656,0.03516141091902672,0.6476800464462457,0.04549995343053642,0.3825817328820486,0.04783885852610172,True
5,Ensemble,3.7203920289468475,2.625877491061415,5.2711205668077055,1.4594806659459315e-13,0.7249724023733959,0.7524749186100591,0.03025041432565391,0.5115440115440116,0.07291799130229519,0.4536645525017618,0.02528296290194383,0.479405764753882,0.04243863132107206,0.6962414811651453,0.020222578797577613,0.4503726911875259,0.0137357273177014,True
