,Model,HR,CI_lower,CI_upper,p,cindex,accuracy_mean,accuracy_std,precision_mean,precision_std,recall_mean,recall_std,f1_mean,f1_std,roc_auc_mean,roc_auc_std,pr_auc_mean,pr_auc_std,Sig
0,SVM,2.056676783039408,1.511940973778318,2.7976749511079273,4.365112922404062e-06,0.6402476886987719,0.6928221823577614,0.028421875963234176,0.4016495487083722,0.03621116257466916,0.4610641296687808,0.0959292214163968,0.4242010567378561,0.05343021921775342,0.6650887812702121,0.027992555819705,0.39445649210337147,0.013027362366525706,True
1,RandomForest,2.8559417490455816,1.917410088560705,4.253864795331342,2.43955452274913e-07,0.6428177176762798,0.744712422208934,0.0034139321484434617,0.47607655502392343,0.018633686516025403,0.3070824524312896,0.13555888975102265,0.3551756885090218,0.12025207206529168,0.7003217077023219,0.02360295224254636,0.44596615137953516,0.032471580466128865,True
2,XGBoost,3.4832892353111355,1.7611311363244906,6.889494851676314,0.0003352917659847257,0.5555747205740307,0.7504595486457157,0.010269427988631053,0.5833333333333334,0.31180478223116176,0.09143763213530655,0.08054085024977077,0.1405882203411373,0.10755474018723861,0.6890048320813454,0.03955400875175261,0.4410651404974378,0.014728067881137397,True
3,LogisticRegression,2.812909389306593,1.9905886712796776,3.974934323002328,4.571813516784544e-09,0.6784014074789568,0.7466392044825372,0.009410279310810175,0.49118154283147114,0.01834889418472186,0.40803382663847776,0.042388874536497714,0.44460510249983926,0.02698829634881995,0.6779294570746729,0.03358146909199486,0.44698471736526474,0.012044836292886022,True
4,ANN,2.494455118446174,1.8066725031813786,3.4440698726445587,2.7962285848378126e-08,0.68164412860494,0.6986578964852833,0.0305060937325721,0.4116717057193247,0.05033619283497248,0.44626497533474274,0.013946101076225013,0.4263053794653974,0.025466939708991256,0.6497311774561907,0.03485802494922037,0.4096097326482897,0.06906544773170478,True
5,Ensemble,3.0385933594062973,1.9687646861848882,4.689767989347694,5.187532814233607e-07,0.6445080723057817,0.7581334573561004,0.009987697393036345,0.5823065823065824,0.09630806149267124,0.27695560253699786,0.13295167124199386,0.34235033259423503,0.10858679695296777,0.6986309240791755,0.02314397822126122,0.4416276339007516,0.018935012365000402,True
