,Model,HR,CI_lower,CI_upper,p,cindex,accuracy_mean,accuracy_std,precision_mean,precision_std,recall_mean,recall_std,f1_mean,f1_std,roc_auc_mean,roc_auc_std,pr_auc_mean,pr_auc_std,Sig
0,SVM,2.079667441420755,1.5245224649204214,2.836964863703279,3.8096457748198573e-06,0.6421277770111771,0.6889907647332403,0.04924251596604216,0.4245826985765066,0.07228098157152946,0.45278365045806906,0.1573937043771669,0.4069428745326493,0.0609240905575582,0.673209984287563,0.029717720761224014,0.4170706936613757,0.016090952019662062,True
1,RandomForest,3.3890789530803107,2.422977813918658,4.740388493956523,1.010210812276516e-12,0.7070511935973506,0.7505592097977986,0.03748776049389162,0.519304152637486,0.07051780201564745,0.4605355884425652,0.10836799513015909,0.47543859649122805,0.054414254102704625,0.6916130573373606,0.01778588620130834,0.4564790756780464,0.034775475386758535,True
2,XGBoost,3.4991772101177125,2.439618315477662,5.018916717474239,1.0019749373454628e-11,0.6993928522147095,0.7543463335769496,0.011237146479020627,0.5199335548172758,0.03672060826487098,0.4149048625792812,0.09615674281526009,0.4506254225828263,0.05367594293931655,0.7009755615116879,0.016959835333726837,0.4661716714206543,0.009461293691869838,True
3,LogisticRegression,3.0611377333556704,2.177950828346507,4.302468219490516,1.1811369893508092e-10,0.7006864909617773,0.7466392044825372,0.004742829550674794,0.4916675340295366,0.016488044709844614,0.43851303735024666,0.01956951201206745,0.46325690770135214,0.013610625400106085,0.6840476554039486,0.031053972575773255,0.45117105028423526,0.007908643011111613,True
4,ANN,2.5936592017715308,1.8281867107003538,3.6796395114135168,9.244436537656358e-08,0.656530288395198,0.73125816667774,0.02776956968892028,0.4706006459256374,0.06692912855799063,0.3763213530655391,0.06221538676347637,0.4095205206316317,0.021246371542683155,0.6601479087809641,0.020031195012354664,0.4221627210398881,0.017048284183086702,True
5,Ensemble,3.9359962096338723,2.74378602049062,5.646237004838319,9.873547948481365e-14,0.7266455084862702,0.7620534626713619,0.02824794626429444,0.5346361752387577,0.07030431672383973,0.43851303735024666,0.01956951201206745,0.4806889017415333,0.04016703288803837,0.6983150407790918,0.019434789221525712,0.4696900354630675,0.035814373047210614,True
