,Model,HR,CI_lower,CI_upper,p,cindex,accuracy_mean,accuracy_std,precision_mean,precision_std,recall_mean,recall_std,f1_mean,f1_std,roc_auc_mean,roc_auc_std,pr_auc_mean,pr_auc_std,Sig
0,SVM,1.6106214327288069,1.3906924559281768,1.8653307483673935,1.9826014977646454e-10,0.7197978473851249,0.6889907647332403,0.04924251596604216,0.4245826985765066,0.07228098157152946,0.45278365045806906,0.1573937043771669,0.4069428745326493,0.0609240905575582,0.673209984287563,0.029717720761224014,0.4170706936613757,0.016090952019662062,True
1,RandomForest,1.8593934494272217,1.5797041240264882,2.1886022497431235,8.817705602330453e-14,0.746550296674486,0.7505592097977986,0.03748776049389162,0.519304152637486,0.07051780201564745,0.4605355884425652,0.10836799513015909,0.47543859649122805,0.054414254102704625,0.6916130573373606,0.01778588620130834,0.4564790756780464,0.034775475386758535,True
2,XGBoost,1.3113135004976677,1.114598045491282,1.5427472742691943,0.0010821202957981303,0.7113633227542432,0.7543463335769496,0.011237146479020627,0.5199335548172758,0.03672060826487098,0.4149048625792812,0.09615674281526009,0.4506254225828263,0.05367594293931655,0.7009755615116879,0.016959835333726837,0.4661716714206543,0.009461293691869838,True
3,LogisticRegression,1.698093574237384,1.444965605444437,1.9955643068607098,1.2823930676416407e-10,0.7403753277218159,0.7466392044825372,0.004742829550674794,0.4916675340295366,0.016488044709844614,0.43851303735024666,0.01956951201206745,0.46325690770135214,0.013610625400106085,0.6840476554039486,0.031053972575773255,0.45117105028423526,0.007908643011111613,True
4,ANN,1.6204065250666941,1.3717876872172967,1.9140843229210251,1.3490362861710452e-08,0.7182972264385263,0.7331074347219454,0.0406714472191419,0.4824440052700923,0.1001834105877094,0.37649753347427767,0.043482666910940444,0.41481315619246656,0.03516141091902672,0.6476800464462457,0.04549995343053642,0.3825817328820486,0.04783885852610172,True
5,Ensemble,1.7400528632102379,1.498614912606718,2.0203882540442386,3.6479991737889096e-13,0.7597971574444597,0.7524749186100591,0.03025041432565391,0.5115440115440116,0.07291799130229519,0.4536645525017618,0.02528296290194383,0.479405764753882,0.04243863132107206,0.6962414811651453,0.020222578797577613,0.4503726911875259,0.0137357273177014,True
