,Model,HR,CI_lower,CI_upper,p,cindex,accuracy_mean,accuracy_std,precision_mean,precision_std,recall_mean,recall_std,f1_mean,f1_std,roc_auc_mean,roc_auc_std,pr_auc_mean,pr_auc_std,Sig
0,SVM,1.5888856717335416,1.3774181832059673,1.8328186084811158,2.0943892766784534e-10,0.7103284117565889,0.6928221823577614,0.028421875963234176,0.4016495487083722,0.03621116257466916,0.4610641296687808,0.0959292214163968,0.4242010567378561,0.05343021921775342,0.6650887812702121,0.027992555819705,0.39445649210337147,0.013027362366525706,True
1,RandomForest,1.805469660053864,1.530297217486747,2.130122603717827,2.507567935688803e-12,0.7531047329929627,0.744712422208934,0.0034139321484434617,0.47607655502392343,0.018633686516025403,0.3070824524312896,0.13555888975102265,0.3551756885090218,0.12025207206529168,0.7003217077023219,0.02360295224254636,0.44596615137953516,0.032471580466128865,True
2,XGBoost,1.6007937012494304,1.3452350117917775,1.9049017097367176,1.1460982230481287e-07,0.7213674623982338,0.7504595486457157,0.010269427988631053,0.5833333333333334,0.31180478223116176,0.09143763213530655,0.08054085024977077,0.1405882203411373,0.10755474018723861,0.6890048320813454,0.03955400875175261,0.4410651404974378,0.014728067881137397,True
3,LogisticRegression,1.6737777473765814,1.4484738609935046,1.9341266853731551,2.89037418924143e-12,0.7257485856216366,0.7466392044825372,0.009410279310810175,0.49118154283147114,0.01834889418472186,0.40803382663847776,0.042388874536497714,0.44460510249983926,0.02698829634881995,0.6779294570746729,0.03358146909199486,0.44698471736526474,0.012044836292886022,True
4,ANN,1.3482858456465323,1.1375619974188926,1.5980445247779982,0.0005681117219998516,0.6906995998344142,0.6986578964852833,0.0305060937325721,0.4116717057193247,0.05033619283497248,0.44626497533474274,0.013946101076225013,0.4263053794653974,0.025466939708991256,0.6497311774561907,0.03485802494922037,0.4096097326482897,0.06906544773170478,True
5,Ensemble,1.6243143328120457,1.4003373330560458,1.8841153409948008,1.4757834291350834e-10,0.7530702359597075,0.7581334573561004,0.009987697393036345,0.5823065823065824,0.09630806149267124,0.27695560253699786,0.13295167124199386,0.34235033259423503,0.10858679695296777,0.6986309240791755,0.02314397822126122,0.4416276339007516,0.018935012365000402,True
