,Model,HR,CI_lower,CI_upper,p,cindex,accuracy_mean,accuracy_std,precision_mean,precision_std,recall_mean,recall_std,f1_mean,f1_std,roc_auc_mean,roc_auc_std,pr_auc_mean,pr_auc_std,Sig
0,SVM,1.6106118841789872,1.390801474215549,1.8651624186131353,1.9369357881730952e-10,0.7199013384848904,0.6889907647332403,0.04924251596604216,0.42570314675577836,0.07164090029870321,0.46035940803382663,0.16425703055596635,0.4100757066128498,0.06395830719967044,0.6730351591127377,0.02947790192473293,0.41694545087088747,0.01591424829586361,True
1,RandomForest,1.8437037776581093,1.557636479193283,2.182308687012318,1.1472902234154965e-12,0.7457913619428729,0.7505592097977986,0.02961183530890507,0.5026581605528974,0.07317525426522399,0.4001057082452431,0.048455057673372874,0.44522892597347025,0.05790961493680604,0.6971019409018698,0.012429969949196016,0.45924460179767196,0.03288435065216281,True
2,XGBoost,1.3571010310806841,1.1347767687954384,1.622982827287907,0.0008227201995385189,0.7153649786118393,0.7619648749806215,0.012444550759183071,0.5090509962850388,0.058649478810134936,0.3444326990838618,0.2066374642897677,0.37840132470269455,0.18588479520164264,0.7030612768496667,0.016606168776796878,0.46122343928475007,0.020579063175375546,True
3,LogisticRegression,1.698513325484918,1.4455870024147714,1.9956927615084348,1.1983767333903049e-10,0.7404788188215814,0.7466392044825372,0.004742829550674794,0.4916675340295366,0.016488044709844614,0.43851303735024666,0.01956951201206745,0.46325690770135214,0.013610625400106085,0.6840476554039486,0.031053972575773255,0.45117105028423526,0.007908643011111613,True
4,ANN,1.3410941853858969,1.1542145554492882,1.5582316178431552,0.00012652272893933468,0.65765144197599,0.6544526388058379,0.04942209481951159,0.36002886002886,0.06976719847652511,0.46124031007751937,0.04683351152556036,0.40233877130566403,0.05634269468299455,0.6274689775577402,0.05176833921339952,0.33566464706691795,0.03736872514009699,True
5,Ensemble,1.6423536289200045,1.400790130334701,1.9255742769848156,9.832923556227523e-10,0.7534842003587692,0.7581777512014706,0.012014465714322844,0.5328185328185329,0.03510471479275636,0.3534178999295278,0.12053933448415902,0.4083820662768031,0.0930888517194832,0.6965526263191805,0.01687823230879064,0.43387066069696784,0.008464731432987175,True
