,Model,HR,CI_lower,CI_upper,p,cindex,accuracy_mean,accuracy_std,precision_mean,precision_std,recall_mean,recall_std,f1_mean,f1_std,roc_auc_mean,roc_auc_std,pr_auc_mean,pr_auc_std,Sig
0,SVM,1.6827454238669126,1.4503143000797702,1.9524265611869716,6.788315160665165e-12,0.7258348282047744,0.7331849489513432,0.010303687682606102,0.4620525157814653,0.01670055829704667,0.3921775898520085,0.04895406549173165,0.421494764588068,0.02329325207244279,0.6896429300033063,0.015147930389134461,0.443302761070578,0.010939229508089279,True
1,RandomForest,1.8063083305699716,1.5485308196118157,2.1069969959683346,5.217518626726881e-14,0.7424796467503795,0.7428188603193586,0.006535350121452691,0.48304297328687573,0.015054881406045391,0.39235377026074697,0.03821206448785552,0.4312398677753282,0.01692141398292335,0.703354566020996,0.017514523638876185,0.45570853970165154,0.011223592011256814,True
2,XGBoost,1.2482634944565953,1.0700104167198041,1.4562117594795483,0.004791793774146414,0.6426624810266317,0.7524084778420038,0.007819573162991558,0.5552981552981553,0.07956300756795218,0.2915785764622974,0.1747633284493864,0.33077875619152447,0.17336801561636825,0.7015508841711576,0.012707521900906644,0.45453545101871184,0.01635996950347802,True
3,LogisticRegression,1.5600343168778343,1.3329366077859088,1.8258235655175163,3.020324462470085e-08,0.7279218987167103,0.7371381746506324,0.03464044913925196,0.4828169515669516,0.07967354787463383,0.4531360112755462,0.0712222240627069,0.46223549582434603,0.05136956086803976,0.6792585691129984,0.03564200448348464,0.44345869985579506,0.05372513263857565,True
4,ANN,1.44974761799274,1.2424179444411914,1.6916756275771165,2.3984213436794477e-06,0.6519939285221471,0.6470112727836468,0.12433885858767296,0.3988215488215488,0.10353768030015335,0.5156800563777307,0.04668814073039747,0.4355938030351813,0.05919598215245355,0.6362552590317546,0.07321984050196818,0.3953638806989919,0.06239917898575856,True
5,Ensemble,1.6387167254231012,1.4129661009556822,1.9005356918082488,6.52952674768615e-11,0.7545536083896784,0.7351338781476314,0.00409739018930367,0.4661345598845599,0.010328940234886603,0.42265680056377736,0.0541633708839292,0.44144385026737964,0.03179533025032998,0.710175344508737,0.019070617999991022,0.46585947616614637,0.009275904369037974,True
