,Model,HR,CI_lower,CI_upper,p,cindex,accuracy_mean,accuracy_std,precision_mean,precision_std,recall_mean,recall_std,f1_mean,f1_std,roc_auc_mean,roc_auc_std,pr_auc_mean,pr_auc_std,Sig
0,SVM,2.992555721633428,2.1508306367990877,4.16368894596395,7.778614382922968e-11,0.6682075341520629,0.7428077868580161,0.023549355156847977,0.4790641457308124,0.05522086908866916,0.4066243833685694,0.1022162231564446,0.4357090064407137,0.07798105184524236,0.6894463124602481,0.04300660799568895,0.4243939345702214,0.032993621591379634,True
1,RandomForest,2.8121146524116596,1.8504900024608186,4.273456656232753,1.2827889713011905e-06,0.6240513315854836,0.7466502779438796,0.00781276448828193,0.48765432098765427,0.031475429096251756,0.2688513037350247,0.045033311578780745,0.34410176908445206,0.0405421706458632,0.700675982399753,0.016092329096363666,0.43752518050898753,0.020916748603553435,True
2,XGBoost,2.48250210880573,1.6447142151492413,3.7470441146917928,1.4998662277656475e-05,0.5675106940803091,0.7428188603193586,0.013222278560497357,0.48666666666666664,0.018856180831641256,0.1897463002114165,0.23545310367205335,0.19275019700551613,0.20973600664981595,0.6937086938152089,0.03630805714333036,0.4245068460320727,0.027024019386486343,True
3,LogisticRegression,3.4708177602528276,2.488111674475774,4.841654033645646,2.3510043825677487e-13,0.6856630329791638,0.7562177485438398,0.013903444011634476,0.5177177177177178,0.035049046247366794,0.4076814658210007,0.00954631232145461,0.4552511415525114,0.007426235601502537,0.6703721555088501,0.0434665974513671,0.4357928959136383,0.017002967755390303,True
4,ANN,2.0922686074354364,1.5160771706903746,2.8874439971062964,7.0592457608948565e-06,0.6278977507934318,0.7197971341882047,0.011151838762681112,0.4332820924897227,0.020175713305486107,0.39164904862579286,0.07146977118256448,0.40754985754985756,0.04134540232586785,0.6510010212877247,0.03830757450701343,0.38084847953685785,0.021358771139659605,True
5,Ensemble,3.2696066201693674,2.0598737559411453,5.1897973940500055,5.021035252043412e-07,0.6390575410514696,0.7524195513033464,0.015943992485026263,0.5119147157190636,0.05541650391166434,0.25405214940098664,0.05110811157822232,0.3364631032995182,0.049100017907252956,0.7028841239830056,0.03357376234352578,0.43252539813800134,0.027371643916138652,True
