,Model,HR,CI_lower,CI_upper,p,cindex,accuracy_mean,accuracy_std,precision_mean,precision_std,recall_mean,recall_std,f1_mean,f1_std,roc_auc_mean,roc_auc_std,pr_auc_mean,pr_auc_std,Sig
0,SVM,2.5698438485903066,1.8640053914182522,3.54296046381745,8.370288317942908e-09,0.6715537463778115,0.7043828759993799,0.026210164873767927,0.4215593929879644,0.030436731575820303,0.4448555320648344,0.13660265893413565,0.41876080308469615,0.060387518405249634,0.679368327542036,0.041803719531601044,0.4338836441128593,0.041666918289482664,True
1,RandomForest,2.863947796422787,2.046215074938034,4.008472560433719,8.574682117169795e-10,0.6849903408306885,0.7351449516089739,0.008795033496244288,0.4676190476190476,0.012848321488792417,0.43005637773079636,0.06621243239375206,0.4451718494271686,0.032953733832443044,0.7000571577661937,0.014465764172592242,0.43976671656386473,0.022122164204458398,True
2,XGBoost,3.9027270049267537,2.7936835362585377,5.45204132010713,1.4281215064174741e-15,0.6976162550020698,0.7581777512014706,0.020213438219250854,0.5337572710243518,0.045519966570165195,0.406800563777308,0.09034224894453476,0.4514388248369689,0.04233210742339587,0.7170178481202804,0.020933111819333324,0.46338983618178653,0.021528976027086123,True
3,LogisticRegression,3.043626114348643,2.186425273431376,4.23689756815088,4.2497959886308504e-11,0.683368980267697,0.7466502779438796,0.00781276448828193,0.4925667828106852,0.02142282640820712,0.42318534178999295,0.013764640581130796,0.45459111914808115,0.0015628239085899104,0.6666881952298249,0.040456314464968245,0.43430999082342225,0.014608137164557253,True
4,ANN,2.6899956462723353,1.9404807640165749,3.7290122690967893,2.8804385766185373e-09,0.6435594038912653,0.7197417668814919,0.015598738141590488,0.42178245507003226,0.047791344358765656,0.37579281183932345,0.10561923666316182,0.3947497365218884,0.0792670445787511,0.6494010279914773,0.023708615291533317,0.4051662351724759,0.06015147257489892,True
5,Ensemble,3.2010014345339357,2.240618173472147,4.573028240688635,1.6299757976214926e-10,0.6881640678901615,0.7562177485438398,0.01025803047878635,0.5163288288288288,0.033110789252227824,0.39992952783650465,0.020062918739234346,0.45011695906432747,0.019195010067125127,0.7169002945099164,0.025186389572075397,0.45381740439168494,0.02212927979159794,True
