,Model,HR,CI_lower,CI_upper,p,cindex,accuracy_mean,accuracy_std,precision_mean,precision_std,recall_mean,recall_std,f1_mean,f1_std,roc_auc_mean,roc_auc_std,pr_auc_mean,pr_auc_std,Sig
0,SVM,3.488449348366916,2.497024547033343,4.873511904630492,2.4038013583480027e-13,0.686456464744032,0.7331849489513432,0.010303687682606102,0.4624232981322254,0.017162124665734503,0.39992952783650465,0.03852514079942667,0.42700027009357355,0.015626039725578102,0.6893569549569905,0.014669941105402581,0.44152181803151586,0.012449517538193308,True
1,RandomForest,3.528328776288366,2.5546719891789595,4.873073336348574,1.962832542064868e-14,0.68533531116324,0.7409142249684407,0.013511919024506425,0.47863247863247865,0.03239130069249567,0.4001057082452431,0.013585326038517987,0.4355174515717894,0.019490180493319274,0.7105625482866741,0.020746291355035203,0.4709734726021919,0.021401170736506856,True
2,XGBoost,3.227500402927714,2.1003590451442187,4.959513410328995,9.007465876428317e-08,0.6147026355733407,0.7485992071401678,0.014465848764508632,0.5765857811834824,0.15855827144867665,0.2302677942212826,0.09708707526650351,0.29799165362545643,0.09288399999232085,0.7047624781869413,0.011832026503372381,0.44574365255694964,0.007743021383939038,True
3,LogisticRegression,3.1674221741672652,2.297540251106417,4.366653957237591,1.9534971922946895e-12,0.6925624396301918,0.7352224658383717,0.03607144636177351,0.4793228914691179,0.08148891234301324,0.4455602536997885,0.061551797185402685,0.45704579107646753,0.049057486106257486,0.6793114439262139,0.036361779661641544,0.44319552392318035,0.05446411140353681,True
4,ANN,2.003934716800212,1.4547543732206145,2.7604346294604025,2.101507516987075e-05,0.6363322754243135,0.6871525701503777,0.01480643940673244,0.38147018970189706,0.01971306060300014,0.40785764622973925,0.04090497830867822,0.3935417084084685,0.0262705308150379,0.6609919608765694,0.025813640019793166,0.4052788115514186,0.05317697456942807,True
5,Ensemble,2.940116186293832,1.9949757782273252,4.333026637841204,5.028393178055383e-08,0.6463536635849317,0.7389431488494673,0.013928715395653381,0.47595379236966107,0.03996544352851541,0.32205778717406625,0.10108764525463626,0.37197816616805746,0.06617743420748695,0.7165456784176828,0.020289785811108615,0.45039455287992763,0.01613310908314505,True
