,Model,HR,CI_lower,CI_upper,p,cindex,accuracy_mean,accuracy_std,precision_mean,precision_std,recall_mean,recall_std,f1_mean,f1_std,roc_auc_mean,roc_auc_std,pr_auc_mean,pr_auc_std,Sig
0,SVM,1.6791617667598822,1.4417368579134888,1.9556857574056399,2.6721674152892797e-11,0.7303194425279426,0.7197749872655196,0.00958699584837305,0.42586367880485526,0.03447414497956229,0.3761451726568006,0.07398612306636607,0.39806261154575756,0.05562515729940976,0.6507773456202357,0.034304080008645314,0.41640840435697307,0.025223181413224466,True
1,RandomForest,1.8618793487490146,1.5902492914576112,2.179906463671868,1.1136165769093589e-14,0.7474817165723747,0.740858857661728,0.010029194263158951,0.4660003117449926,0.035767335865296686,0.3678646934460888,0.127002492193207,0.4041700967604213,0.08930576329202936,0.7049004223777878,0.05179520311733151,0.4612814994284698,0.05056361235580986,True
2,XGBoost,1.7208911868027916,1.5091247101010223,1.9623735911244056,5.386790676635007e-16,0.7280598868497309,0.740925298429783,0.032194423982621755,0.4952536824877251,0.06505520726014513,0.4374559548978154,0.13250851686965248,0.4469207206049311,0.0818202354990419,0.6963292713559001,0.05384426387122358,0.45311548837457916,0.05488609919323183,True
3,LogisticRegression,1.190149215710673,1.0694007053517367,1.324531720026165,0.001426374675327051,0.7178832620394646,0.7390095896175226,0.030886934790386168,0.4841643863382994,0.0659754087718361,0.4223044397463003,0.08052697506012206,0.4443395853996733,0.05543101666578232,0.6767961401282899,0.05121843472216021,0.4577598822057844,0.03555595042550836,True
4,ANN,1.7134286369255851,1.4456853108014274,2.0307584727475465,5.244317746730173e-10,0.7327859804056851,0.6987021903306535,0.01702073498954365,0.40298821548821545,0.015294059184012315,0.41525722339675825,0.0674828463152332,0.40481807387136604,0.02699407606901653,0.6542227536946159,0.02951664955894194,0.44948470744649033,0.014275547303783815,True
5,Ensemble,1.88709432541137,1.6461216000234358,2.1633426066149024,8.195053246432836e-20,0.7575203532496205,0.7581334573561004,0.012876840597583455,0.5202150537634408,0.04350362760186686,0.29915433403805497,0.08279054650825064,0.37600771456123433,0.07723435590054602,0.6949435912333124,0.046814430829563984,0.45528999774372836,0.042390705957041225,True
