,Model,HR,CI_lower,CI_upper,p,cindex,accuracy_mean,accuracy_std,precision_mean,precision_std,recall_mean,recall_std,f1_mean,f1_std,roc_auc_mean,roc_auc_std,pr_auc_mean,pr_auc_std,Sig
0,SVM,2.367473165800653,1.726850794817904,3.2457518666962804,8.629061110208597e-08,0.6513729819235545,0.6946825238633091,0.05320480250092282,0.4200800800800801,0.07229688549630113,0.40856236786469347,0.13920013982940221,0.3918954727980595,0.03826465301860625,0.6844078786471828,0.01529904004310481,0.4374876456433911,0.033658919166511383,True
1,RandomForest,3.766559473660611,2.7113646455670835,5.232409551336938,2.6289095504775145e-15,0.6950462260245619,0.7543020397315793,0.015345300518635197,0.5276809910956253,0.06477972476076184,0.40856236786469347,0.07997930823145938,0.4489262371615313,0.034671590559178844,0.6822196931419371,0.01225733713257334,0.4556288455025805,0.03841581228906621,True
2,XGBoost,2.8784350630226725,2.1033042335500336,3.9392249014085596,3.98105405123566e-11,0.6700358769145853,0.735167098531659,0.015597598256191204,0.4629483595000837,0.040722892047687594,0.42212825933756165,0.10964254784795635,0.43611111111111106,0.07338802674234948,0.676780001464894,0.03180807199139035,0.47501247549741926,0.06684610239449494,True
3,LogisticRegression,2.5441147945680114,1.8418816341479878,3.5140803664801585,1.4593107634449248e-08,0.6448012970884504,0.7236064048900405,0.042239270865198075,0.46274030628869345,0.08502766041890318,0.4231853417899929,0.08602656817625917,0.4316743314597173,0.04675888889213678,0.6937796418623686,0.014136951453707195,0.4640303268287025,0.057483139096266345,True
4,ANN,1.8128757962844502,1.31176849310311,2.505410573613805,0.00031343474142860815,0.6181005933489719,0.6718379731136359,0.019645437723375837,0.3503833503833504,0.03067148277274462,0.3777307963354475,0.1131994430229068,0.35770629688565575,0.0593672661332563,0.6159460443101487,0.05273024841283001,0.36252421981050137,0.04476681603751229,True
5,Ensemble,3.4382114300939866,2.3744789477556245,4.978480794366493,6.20473516942101e-11,0.6965813440044156,0.7504484751843732,0.039278839545085716,0.5412236814675838,0.14921374507004967,0.38495419309372797,0.04220467790644134,0.43712495160665893,0.03381677106882803,0.6880375468072965,0.02496534291023122,0.45845327270481673,0.04600503993899907,True
