,Model,HR,CI_lower,CI_upper,p,cindex,accuracy_mean,accuracy_std,precision_mean,precision_std,recall_mean,recall_std,f1_mean,f1_std,roc_auc_mean,roc_auc_std,pr_auc_mean,pr_auc_std,Sig
0,SVM,1.7226290570418468,1.489373486974312,1.9924155318444063,2.3681690231327164e-13,0.7343383469021664,0.6985139414878302,0.054347995495822345,0.42632897603485836,0.07128407300962895,0.4008104298801974,0.12828377784472267,0.39174352217830477,0.030904896066331445,0.6855390334264824,0.015253261029966892,0.43797999827193995,0.03335152664068969,True
1,RandomForest,1.8942332419399113,1.5939397397608321,2.251101146024866,4.0510071355320955e-13,0.7611770387746654,0.7409031515070982,0.03368276463344541,0.5109469074986316,0.08415157012327203,0.43957011980267796,0.10875141564695799,0.4523917451986163,0.037146802870680555,0.6805928331092543,0.008181291636081592,0.45469081904571396,0.03909528991667988,True
2,XGBoost,1.1523193854163543,0.9918666493583176,1.3387283127881786,0.06385150282979732,0.5657168483510419,0.7638916572542245,0.020730962918776148,0.5388471177944862,0.07432672995657606,0.34566596194503174,0.09650184389875013,0.4153395943922689,0.09023172728116062,0.6777053779405989,0.03088517093158298,0.4647717295321366,0.07172476364510873,False
3,LogisticRegression,1.6243178874766258,1.4378847207475576,1.8349235940172015,6.2640109764200865e-15,0.7040844487374086,0.7408477842003854,0.0247673948745162,0.4778196713680585,0.07273007678136728,0.36116983791402396,0.035190245028178704,0.41101214574898787,0.049227750457911425,0.6957324201332722,0.013762676665228027,0.4636864435665849,0.057777510133583,True
4,ANN,1.680026176087052,1.4536789312788998,1.941617156034963,2.1146467116315886e-12,0.7161584103767076,0.7139835669833676,0.03219239002872525,0.4414431673052363,0.06106401764099344,0.461768851303735,0.051980685313361245,0.44651215121512156,0.02763881574322777,0.6812212581784746,0.013319619346427084,0.4482325594354091,0.06408120278059773,True
5,Ensemble,1.5727382673105503,1.4103812270670315,1.7537851539663418,3.7804562632700046e-16,0.736201186697944,0.7581223838947578,0.033115585590609245,0.5537280701754386,0.13956916350122223,0.36169837914023967,0.040722454161681625,0.42884259259259255,0.04048578685044743,0.6842685895677195,0.022170246966053977,0.4558304180874179,0.04479430219051169,True
