,Model,HR,CI_lower,CI_upper,p,cindex,accuracy_mean,accuracy_std,precision_mean,precision_std,recall_mean,recall_std,f1_mean,f1_std,roc_auc_mean,roc_auc_std,pr_auc_mean,pr_auc_std,Sig
0,SVM,2.3952368345847583,1.7416668609364225,3.294062499798026,7.751355753564484e-08,0.6497343728439354,0.6985139414878302,0.054347995495822345,0.42632897603485836,0.07128407300962895,0.4008104298801974,0.12828377784472267,0.39174352217830477,0.030904896066331445,0.6855390334264824,0.015253261029966892,0.43797999827193995,0.03335152664068969,True
1,RandomForest,3.0827499383759736,2.209714828798014,4.300712046054586,3.42199993527978e-11,0.6869566717262315,0.7409031515070982,0.03368276463344541,0.5109469074986316,0.08415157012327203,0.43957011980267796,0.10875141564695799,0.4523917451986163,0.037146802870680555,0.6805928331092543,0.008181291636081592,0.45469081904571396,0.03909528991667988,True
2,XGBoost,3.4703225895071306,2.4332571698303735,4.949390070463872,6.456418621305135e-12,0.675382917069132,0.7638916572542245,0.020730962918776148,0.5388471177944862,0.07432672995657606,0.34566596194503174,0.09650184389875013,0.4153395943922689,0.09023172728116062,0.6777053779405989,0.03088517093158298,0.4647717295321366,0.07172476364510873,True
3,LogisticRegression,3.0534139657045754,2.164529580708949,4.307327064990291,2.0318681690825387e-10,0.6514247274734373,0.7408477842003854,0.0247673948745162,0.4778196713680585,0.07273007678136728,0.36116983791402396,0.035190245028178704,0.41101214574898787,0.049227750457911425,0.6957324201332722,0.013762676665228027,0.4636864435665849,0.057777510133583,True
4,ANN,2.5735572122785246,1.8983040129898265,3.4890073874096084,1.1437116222955866e-09,0.6618945770663723,0.7139835669833676,0.03219239002872525,0.4414431673052363,0.06106401764099344,0.461768851303735,0.051980685313361245,0.44651215121512156,0.02763881574322777,0.6812212581784746,0.013319619346427084,0.4482325594354091,0.06408120278059773,True
5,Ensemble,4.0019520641299975,2.79952235186628,5.720840311533022,2.8170090412435415e-14,0.6917000137988133,0.7581223838947578,0.033115585590609245,0.5537280701754386,0.13956916350122223,0.36169837914023967,0.040722454161681625,0.42884259259259255,0.04048578685044743,0.6842685895677195,0.022170246966053977,0.4558304180874179,0.04479430219051169,True
