,Model,HR,CI_lower,CI_upper,p,cindex,accuracy_mean,accuracy_std,precision_mean,precision_std,recall_mean,recall_std,f1_mean,f1_std,roc_auc_mean,roc_auc_std,pr_auc_mean,pr_auc_std,Sig
0,SVM,1.729028559526961,1.4798181739749925,2.0202074905118703,5.372841030159513e-12,0.7287325789982062,0.6812393417934578,0.05754088472552413,0.4068803536888643,0.06839515139253084,0.5001761804087386,0.07766059595613606,0.4405684754521964,0.0364386897627403,0.6720998925330542,0.003286365705676597,0.42426748602558106,0.047141192749207986,True
1,RandomForest,1.8774047797744047,1.5762737004030802,2.236063893103379,1.6455593666169352e-12,0.7560024837863943,0.7523974043806613,0.014093623670285075,0.506323396567299,0.03788118581077101,0.4460887949260042,0.005979761363099757,0.4738389182833627,0.019722793882676372,0.6842597857199313,0.010567540517521304,0.45953444038719454,0.04845975775019832,True
2,XGBoost,1.6545203341560621,1.407959415940009,1.9442588366854783,9.622750736647806e-10,0.7172968124741272,0.7484995459880849,0.022926483238798864,0.5070453008789723,0.04827535449342354,0.4309372797744891,0.05902227758954901,0.45970039518426614,0.011777975806341934,0.6869850576667549,0.0047757522866175555,0.4836451721683062,0.0346984824262626,True
3,LogisticRegression,1.8165672447427967,1.531028559247058,2.1553592418258325,7.823746506210868e-12,0.753449703325514,0.723617478351383,0.04470287357188463,0.4669344213523737,0.08889890336067346,0.45419309372797745,0.033275251213045885,0.45335779255522435,0.032127563871346076,0.6939125582388496,0.013460485463939496,0.4563572028358707,0.062487283818151454,True
4,ANN,1.3500475496704885,1.150194096518812,1.584626796370868,0.00024080442706102045,0.598282047743894,0.5871481407658405,0.08377513578168792,0.2717181467181467,0.09648245518875574,0.4175475687103594,0.2621777594829576,0.30985069847496294,0.12350997432163031,0.5999292588587813,0.10611459364930304,0.34268007691902214,0.07155183883385277,True
5,Ensemble,1.8308523090524558,1.5570353176929863,2.152822186801324,2.534522243008672e-13,0.7514143783634607,0.7562177485438398,0.013903444011634476,0.5215977882644549,0.050201897405716046,0.39252995066948554,0.02252905900372908,0.44553388708318287,0.006820062410667642,0.688576888523631,0.015933618622507636,0.48181727986799566,0.021146334356172948,True
