,Model,HR,CI_lower,CI_upper,p,cindex,accuracy_mean,accuracy_std,precision_mean,precision_std,recall_mean,recall_std,f1_mean,f1_std,roc_auc_mean,roc_auc_std,pr_auc_mean,pr_auc_std,Sig
0,SVM,2.7844670259693243,1.9380486289688639,4.000548026927252,3.045902704276605e-08,0.6551159100317373,0.7447567160543042,0.022777805822773556,0.493968253968254,0.046561808551870754,0.36116983791402396,0.044265831691372784,0.4131045855742743,0.02319164064204029,0.708079180420739,0.007332847104850208,0.4558625130180635,0.022977781743309555,True
1,RandomForest,3.3843137633171914,2.421979962328148,4.729015031804113,9.193555118180135e-13,0.6747792189871671,0.7428520807033863,0.02311848084729838,0.48317262242389863,0.05051310407053795,0.39341085271317827,0.11631136502421438,0.42432631967515694,0.08343745934646093,0.6829188593523762,0.015985585862693413,0.46551415449711975,0.07047623066195707,True
2,XGBoost,2.831684652186655,2.064686310276988,3.883610759425118,1.0602702283762111e-10,0.680557472057403,0.7082807343919563,0.07575446764561895,0.4602050370130876,0.12083566299931851,0.47692036645525016,0.047471385311607585,0.45684724632093054,0.05861003156851284,0.6613209309774195,0.03420492458372153,0.44953449158488684,0.03944886257568759,True
3,LogisticRegression,3.2250151497432977,2.271682260670835,4.5784231783376335,5.779689211899648e-11,0.6917172623154408,0.7486324275241955,0.030018403380013475,0.49772727272727274,0.06527765566680646,0.4156095842142354,0.05177965891322814,0.4524867019870351,0.056367494703873894,0.7001354820101491,0.03894698522486669,0.4829085952441721,0.07639807149143239,True
4,ANN,2.6615375336696228,1.9226484908405497,3.684387487821691,3.639444968400871e-09,0.6716744859942045,0.733240316258056,0.012872716633121633,0.46230158730158727,0.029295283849669458,0.4457364341085271,0.06868234552972616,0.4523313004131419,0.04831799724993537,0.7143601516537785,0.004181759566610461,0.49083680318728157,0.04164575142131386,True
5,Ensemble,3.503622525394237,2.4532131530476016,5.003792999071575,5.383481886460559e-12,0.6740030357389265,0.763902730715567,0.005272386486106811,0.5440310147956325,0.02115082498658996,0.35377026074700496,0.038612057876822335,0.42655465979186236,0.023354112664763425,0.6880592822763957,0.019098304158755373,0.4600229413022811,0.040094811540526014,True
