,Model,HR,CI_lower,CI_upper,p,cindex,accuracy_mean,accuracy_std,precision_mean,precision_std,recall_mean,recall_std,f1_mean,f1_std,roc_auc_mean,roc_auc_std,pr_auc_mean,pr_auc_std,Sig
0,SVM,0.7444689506445152,0.5551257625152024,0.9983936179841189,0.04875811685770242,0.5508141299848213,0.40276393595109955,0.2072273833595477,0.25617307448293364,0.08650588788868596,0.5324171952078929,0.1517845090861561,0.3145272777331065,0.02276927357901589,0.3979178020630178,0.16842381603977635,0.25120375460254724,0.11175878112746478,True
1,RandomForest,3.744052348844772,2.7411306945200344,5.1139217910748185,1.0535805509184729e-16,0.6906823513177867,0.7543020397315793,0.02880986929948833,0.5256030389363723,0.07439009705277468,0.45331219168428466,0.05262871833129836,0.4794968739960956,0.011468936032079617,0.7055176227997105,0.029003892891506317,0.5072281098565864,0.031552428632731604,True
2,XGBoost,4.140371369859899,2.9464803234712806,5.81801783768899,2.699009358572885e-16,0.7220574030633365,0.7715766394259518,0.03802613403926658,0.5585331693653072,0.08846368739581839,0.4385130373502466,0.07610055602151072,0.48899887739987163,0.07730406100765935,0.7066673680778065,0.03179908422783422,0.48465506523442664,0.06703655435118568,True
3,LogisticRegression,2.9245890339734637,2.074489774926806,4.123048048255442,9.104772600152346e-10,0.6929419069959983,0.7351781719930015,0.02886322286459976,0.47252368647717485,0.05750823233899045,0.4233615221987315,0.06268507855916713,0.44305358736157036,0.04470241088038167,0.6804943872625392,0.0367712111555839,0.4563862137934107,0.06621386203800328,True
4,ANN,2.771729077225105,1.9935606798545982,3.853648476902875,1.3342564609082944e-09,0.6566337794949635,0.7254888933182734,0.017142090130963638,0.4452991452991453,0.04136257652158242,0.3694503171247357,0.022303354248173445,0.4018605734738559,0.012138373482694795,0.6675428202190141,0.03291501351156718,0.4704417300244172,0.015227946555119469,True
5,Ensemble,3.825900000982283,2.6968601164318304,5.427612180672861,5.4678566360191756e-14,0.6902856354353526,0.7753969835891302,0.02471842140252881,0.5728366615463389,0.06682787808440749,0.3927061310782241,0.05276066437709794,0.4656814348595171,0.058524273083921934,0.7137815805710356,0.03810376124231366,0.49357728813924756,0.03941862609029154,True
