,Model,HR,CI_lower,CI_upper,p,cindex,accuracy_mean,accuracy_std,precision_mean,precision_std,recall_mean,recall_std,f1_mean,f1_std,roc_auc_mean,roc_auc_std,pr_auc_mean,pr_auc_std,Sig
0,SVM,0.7444689506445152,0.5551257625152024,0.9983936179841189,0.04875811685770242,0.5508141299848213,0.40276393595109955,0.2072273833595477,0.25617307448293364,0.08650588788868596,0.5324171952078929,0.1517845090861561,0.3145272777331065,0.02276927357901589,0.3979178020630178,0.16842381603977635,0.25120375460254724,0.11175878112746478,True
1,RandomForest,3.744052348844772,2.7411306945200344,5.1139217910748185,1.0535805509184729e-16,0.6906823513177867,0.7543020397315793,0.02880986929948833,0.5256030389363723,0.07439009705277468,0.45331219168428466,0.05262871833129836,0.4794968739960956,0.011468936032079617,0.7055176227997105,0.029003892891506317,0.5072281098565864,0.031552428632731604,True
2,XGBoost,4.140371369859899,2.9464803234712806,5.81801783768899,2.699009358572885e-16,0.7220574030633365,0.7715766394259518,0.03802613403926658,0.5585331693653072,0.08846368739581839,0.4385130373502466,0.07610055602151072,0.48899887739987163,0.07730406100765935,0.7066673680778065,0.03179908422783422,0.48465506523442664,0.06703655435118568,True
3,LogisticRegression,2.9245890339734637,2.074489774926806,4.123048048255442,9.104772600152346e-10,0.6929419069959983,0.7351781719930015,0.02886322286459976,0.47252368647717485,0.05750823233899045,0.4233615221987315,0.06268507855916713,0.44305358736157036,0.04470241088038167,0.6804943872625392,0.0367712111555839,0.4563862137934107,0.06621386203800328,True
4,ANN,1.3468047753168597,1.0083954088430356,1.7987815958993936,0.04373836035241431,0.5545053125431213,0.5503399552632161,0.19467599752277634,0.32834327834327837,0.09276653412430638,0.4933051444679351,0.1319881727220062,0.3665855737154202,0.035231303107205215,0.5470931060181904,0.13925153582022623,0.3227822465547679,0.09155423235044112,True
5,Ensemble,3.7906919043217804,2.6946481041283192,5.332549764652467,1.966836744522599e-14,0.6780564371464054,0.7639138041769096,0.01409216191079743,0.543684710351377,0.03798076876699186,0.3764975334742777,0.043482666910940444,0.4421181975794914,0.025810208765404564,0.7119950408784068,0.035218707996557595,0.48298723944532235,0.02692894887701403,True
