,Model,HR,CI_lower,CI_upper,p,cindex,accuracy_mean,accuracy_std,precision_mean,precision_std,recall_mean,recall_std,f1_mean,f1_std,roc_auc_mean,roc_auc_std,pr_auc_mean,pr_auc_std,Sig
0,SVM,1.3150572669451626,1.1111082138669677,1.5564421122642673,0.001446002963135065,0.5632848075065544,0.40276393595109955,0.2072273833595477,0.25617307448293364,0.08650588788868596,0.5324171952078929,0.1517845090861561,0.3145272777331065,0.02276927357901589,0.3979178020630178,0.16842381603977635,0.25120375460254724,0.11175878112746478,True
1,RandomForest,1.9216191211143676,1.5930901057970275,2.3178977969892833,8.614819574320065e-12,0.7566234303849869,0.7543020397315793,0.02880986929948833,0.5256030389363723,0.07439009705277468,0.45331219168428466,0.05262871833129836,0.4794968739960956,0.011468936032079617,0.7055176227997105,0.029003892891506317,0.5072281098565864,0.031552428632731604,True
2,XGBoost,1.407326859336941,1.2113327760221229,1.635032856549245,7.98587132374039e-06,0.6476817993652546,0.7715766394259518,0.03802613403926658,0.5585331693653072,0.08846368739581839,0.4385130373502466,0.07610055602151072,0.48899887739987163,0.07730406100765935,0.7066673680778065,0.03179908422783422,0.48465506523442664,0.06703655435118568,True
3,LogisticRegression,1.6491307830301725,1.399602048964323,1.9431468691762648,2.283090085563491e-09,0.742134676417828,0.7351781719930015,0.02886322286459976,0.47252368647717485,0.05750823233899045,0.4233615221987315,0.06268507855916713,0.44305358736157036,0.04470241088038167,0.6804943872625392,0.0367712111555839,0.4563862137934107,0.06621386203800328,True
4,ANN,1.4224145903540795,1.2248057308622011,1.6519054539595344,3.890332824312824e-06,0.6298813302056023,0.5503399552632161,0.19467599752277634,0.32834327834327837,0.09276653412430638,0.4933051444679351,0.1319881727220062,0.3665855737154202,0.035231303107205215,0.5470931060181904,0.13925153582022623,0.3227822465547679,0.09155423235044112,True
5,Ensemble,1.9187511996239666,1.6250047284914813,2.2655972019700563,1.509279495706449e-14,0.7638678073685663,0.7639138041769096,0.01409216191079743,0.543684710351377,0.03798076876699186,0.3764975334742777,0.043482666910940444,0.4421181975794914,0.025810208765404564,0.7119950408784068,0.035218707996557595,0.48298723944532235,0.02692894887701403,True
