,Model,HR,CI_lower,CI_upper,p,cindex,accuracy_mean,accuracy_std,precision_mean,precision_std,recall_mean,recall_std,f1_mean,f1_std,roc_auc_mean,roc_auc_std,pr_auc_mean,pr_auc_std,Sig
0,SVM,1.3150572669451626,1.1111082138669677,1.5564421122642673,0.001446002963135065,0.5632848075065544,0.40276393595109955,0.2072273833595477,0.25617307448293364,0.08650588788868596,0.5324171952078929,0.1517845090861561,0.3145272777331065,0.02276927357901589,0.3979178020630178,0.16842381603977635,0.25120375460254724,0.11175878112746478,True
1,RandomForest,1.9216191211143676,1.5930901057970275,2.3178977969892833,8.614819574320065e-12,0.7566234303849869,0.7543020397315793,0.02880986929948833,0.5256030389363723,0.07439009705277468,0.45331219168428466,0.05262871833129836,0.4794968739960956,0.011468936032079617,0.7055176227997105,0.029003892891506317,0.5072281098565864,0.031552428632731604,True
2,XGBoost,1.407326859336941,1.2113327760221229,1.635032856549245,7.98587132374039e-06,0.6476817993652546,0.7715766394259518,0.03802613403926658,0.5585331693653072,0.08846368739581839,0.4385130373502466,0.07610055602151072,0.48899887739987163,0.07730406100765935,0.7066673680778065,0.03179908422783422,0.48465506523442664,0.06703655435118568,True
3,LogisticRegression,1.6491307830301725,1.399602048964323,1.9431468691762648,2.283090085563491e-09,0.742134676417828,0.7351781719930015,0.02886322286459976,0.47252368647717485,0.05750823233899045,0.4233615221987315,0.06268507855916713,0.44305358736157036,0.04470241088038167,0.6804943872625392,0.0367712111555839,0.4563862137934107,0.06621386203800328,True
4,ANN,1.6683366456433393,1.4169159473155817,1.9643699885442465,8.180051212321985e-10,0.7160894163101973,0.7254888933182734,0.017142090130963638,0.4452991452991453,0.04136257652158242,0.3694503171247357,0.022303354248173445,0.4018605734738559,0.012138373482694795,0.6675428202190141,0.03291501351156718,0.4704417300244172,0.015227946555119469,True
5,Ensemble,1.9671472670917567,1.6568645409966507,2.335536958319388,1.1171276554258483e-14,0.7651441975990065,0.7753969835891302,0.02471842140252881,0.5728366615463389,0.06682787808440749,0.3927061310782241,0.05276066437709794,0.4656814348595171,0.058524273083921934,0.7137815805710356,0.03810376124231366,0.49357728813924756,0.03941862609029154,True
