,Model,HR,CI_lower,CI_upper,p,cindex,accuracy_mean,accuracy_std,precision_mean,precision_std,recall_mean,recall_std,f1_mean,f1_std,roc_auc_mean,roc_auc_std,pr_auc_mean,pr_auc_std,Sig
0,SVM,1.6020838155659778,1.3729182142538514,1.869501420733476,2.1762486452869687e-09,0.6767972954325928,0.5809802227980422,0.22116378678443674,0.3816143118382435,0.17488462827350468,0.3851303735024665,0.1233735940673826,0.33515360947167433,0.06031804942506254,0.5418669412722315,0.19613912989238894,0.3445903436322775,0.13912780507279224,True
1,RandomForest,1.9396162737538551,1.6614348111763542,2.2643749030075297,4.965931655573584e-17,0.7547950876224645,0.758166677740128,0.021391731996353875,0.5326617826617827,0.06331424098303012,0.38460183227625083,0.047487075306355014,0.4416927157336365,0.027382117060617665,0.7052540039403167,0.013473310646428422,0.4642656100897729,0.07644354739885044,True
2,XGBoost,1.3431847124309204,1.1493467591642665,1.569713541472894,0.00020688062761946765,0.6240168345522286,0.7427191991672757,0.03369721061430844,0.469047619047619,0.09764807930671368,0.28382663847780126,0.16832247114886897,0.3215488215488216,0.170404136870223,0.6820374814250191,0.031063922989948173,0.46127571127120487,0.06955912494421702,True
3,LogisticRegression,1.6465075971148033,1.4347645064833798,1.8894998134581797,1.2480195474029105e-12,0.7094314888919553,0.7043496556153522,0.03876267317791276,0.4162810873337189,0.07787900188113206,0.4150810429880198,0.047126859752785015,0.4135820181731229,0.05588922325507964,0.675290682156473,0.016606820558957142,0.4361891650652794,0.047303716950246176,True
4,ANN,1.4168024561857833,1.202570248474657,1.6691991194694606,3.110156274620428e-05,0.6472333379329378,0.6660244059087991,0.01410679876670528,0.35323565323565326,0.014913219142357844,0.4143763213530655,0.09268630112804638,0.3780724132855811,0.044321942266298854,0.6511727014922469,0.007676959947273899,0.3735063639904628,0.023856260412409066,True
5,Ensemble,1.693564138205214,1.4889245891604357,1.9263295878752646,1.0740735311255324e-15,0.7459983441424037,0.7427524195513033,0.039703018142104377,0.4923978433106222,0.11510064968174882,0.3764975334742777,0.043482666910940444,0.42480940376028914,0.0685633114662309,0.6914075583567861,0.019055342881235688,0.44772940222443075,0.08096143973433807,True
