,Model,HR,CI_lower,CI_upper,p,cindex,accuracy_mean,accuracy_std,precision_mean,precision_std,recall_mean,recall_std,f1_mean,f1_std,roc_auc_mean,roc_auc_std,pr_auc_mean,pr_auc_std,Sig
0,SVM,1.2414786039534635,0.9145614210463551,1.6852549086433866,0.1653818954557742,0.563785014488754,0.5790645139857817,0.22018710613139134,0.3782529673004283,0.17549926226188506,0.3851303735024665,0.1233735940673826,0.333821608139673,0.060863183923844204,0.5416876158931903,0.19604206039473715,0.34452568708491466,0.13918402724741574,False
1,RandomForest,3.293959800120839,2.3880480105709117,4.5435314184567686,3.736594348948423e-13,0.6812991582723886,0.7543352601156069,0.017530817698066296,0.5144913565966198,0.04429803792282234,0.4149048625792812,0.06479464188912744,0.4550170156433022,0.043799804474253246,0.700475449161762,0.010180704016838361,0.45762984623749575,0.0676615441267251,True
2,XGBoost,3.485344646782809,2.334660456065337,5.203166599793398,1.0141265891725456e-09,0.6363840209741962,0.7696387836910062,0.020862548109675274,0.6155555555555555,0.08189122565639236,0.28382663847780126,0.16832247114886897,0.34513544915306066,0.18318584739163774,0.6929366760229533,0.03533917196049515,0.47175651038071775,0.08670432119888895,True
3,LogisticRegression,2.54446031657633,1.8454372725712342,3.5082624583663864,1.2069994829169146e-08,0.6507347868083345,0.6986025291785706,0.030737579076676444,0.4027472527472527,0.05876295921890166,0.39235377026074697,0.03821206448785552,0.3944403077686771,0.03185765923937723,0.6749450871632657,0.015615976690756029,0.4391568873965914,0.05106648424491528,True
4,ANN,2.2608525354085347,1.680709520892266,3.0412478321355603,6.973396056393768e-08,0.639161032151235,0.6679733351050872,0.04797370317482755,0.3689567098438844,0.0636826398579866,0.4834390415785765,0.1640927340644917,0.4097680097680098,0.10109064278233618,0.6648602433131103,0.02769455829880272,0.4251441195832361,0.09480433266948986,True
5,Ensemble,3.5180151206620707,2.5055724955553336,4.939561881031847,3.7434788073821027e-13,0.6803504898578723,0.7446792018249065,0.034283053607551926,0.5076252723311546,0.11324785549775185,0.3847780126849894,0.058893819353844044,0.429590017825312,0.04709392090418147,0.6964146821283338,0.022082600016758023,0.4635058866418195,0.08922625370391343,True
