,Model,HR,CI_lower,CI_upper,p,cindex,accuracy_mean,accuracy_std,precision_mean,precision_std,recall_mean,recall_std,f1_mean,f1_std,roc_auc_mean,roc_auc_std,pr_auc_mean,pr_auc_std,Sig
0,SVM,2.819626657006241,2.035225739222447,3.906345292162815,4.59710741158176e-10,0.6942182972264386,0.7198192811108896,0.023068824055173603,0.4428832902670112,0.03779491511664493,0.461768851303735,0.02320905243842657,0.45198700860986,0.030805944066137823,0.6971935847157753,0.025758702575255105,0.46543059339767545,0.03526550874627349,True
1,RandomForest,3.794775593993572,2.670700954008921,5.3919634046460025,1.000316049664617e-13,0.6812646612391334,0.7601045334750737,0.025594235673525492,0.5547138047138048,0.08092198761989608,0.36962649753347426,0.06758901399364353,0.4322327755163576,0.015987812350482054,0.6872394071399929,0.003165908713444031,0.4662777542730496,0.059520191071872924,True
2,XGBoost,2.7691454309648758,2.0098579667825858,3.8152777681643717,4.688393616118721e-10,0.6675003449703325,0.7313467543684804,0.03416491063848628,0.4621848739495798,0.0752402017846683,0.3997533474277661,0.03640502885867957,0.4279627593831324,0.05307490031378158,0.6600538700307917,0.03647131917836981,0.4382668334034839,0.07888010604123234,True
3,LogisticRegression,2.688146728517194,1.9041953682064805,3.794848446062458,1.89740986738033e-08,0.6621360562991583,0.7389210019267822,0.0195732254908127,0.48456256921373203,0.05538944542787444,0.40063424947145876,0.06131685712656263,0.43148093076124955,0.024861096773301155,0.6757294468949006,0.023969118982742156,0.44964347167177215,0.02408014987012393,True
4,ANN,3.0579365013643205,2.1625343248569044,4.3240819527777985,2.5621072505079903e-10,0.6746929764040293,0.7312913870617678,0.014217323922467792,0.45845756310872593,0.036938975339549866,0.36997885835095135,0.07855670864751924,0.40276711932646,0.04664358928221118,0.6705995451379794,0.024515159801214725,0.458941703168991,0.026569729639120673,True
5,Ensemble,4.026033260612505,2.817063801615103,5.75384334790895,2.0951073346181133e-14,0.6793500758934732,0.7620091688259917,0.014870788676606067,0.5579276538201488,0.07037955382837258,0.3546511627906977,0.07929175405224335,0.4209771691501891,0.04300239112323232,0.685232543656119,0.010498597552540062,0.46395713917185794,0.05901902668955843,True
