,Model,HR,CI_lower,CI_upper,p,cindex,accuracy_mean,accuracy_std,precision_mean,precision_std,recall_mean,recall_std,f1_mean,f1_std,roc_auc_mean,roc_auc_std,pr_auc_mean,pr_auc_std,Sig
0,SVM,1.7581931449641193,1.5663797990600068,1.9734952767227287,1.0287159746231703e-21,0.7485511246032841,0.7466613514052223,0.03827606266091769,0.5769537480063796,0.17988864642783756,0.2774841437632135,0.08412388523653516,0.34688599004505566,0.031114165932069594,0.7045393508201959,0.03172133168974311,0.47825782615741885,0.06650302157407376,True
1,RandomForest,1.895996222413631,1.5920589748853393,2.257957608426948,7.144500675535455e-13,0.7604181040430523,0.7581445308174429,0.008484425091133074,0.5416666666666666,0.05892556509887896,0.36257928118393234,0.09982575363913772,0.41893982857838274,0.06273634511060472,0.6897979542795803,0.014126914825490874,0.47561594079264496,0.059838614469832595,True
2,XGBoost,1.2331743712898227,1.0719560642273684,1.4186393274449496,0.003367896239437569,0.6294328687732855,0.7562288220051823,0.009976002595783628,0.5359195402298851,0.06338145114974936,0.3160676532769556,0.06894576684617475,0.38792688792688795,0.044187951577869915,0.681291523436029,0.010305062006433358,0.4537467110986313,0.0105402572464983,True
3,LogisticRegression,1.7534776355897697,1.5079175373872873,2.0390264999774983,2.970377939237625e-13,0.7463088174417,0.7023121387283237,0.06845353887736387,0.4599952752185212,0.08630373432926193,0.5169133192389007,0.1483259083927378,0.45891761987969204,0.04281268333717111,0.6792471789409479,0.027974779499306796,0.4642194614617428,0.012188376175997988,True
4,ANN,1.3909418530865314,1.1636163388131153,1.6626779584765894,0.0002897421179736849,0.7036014902718366,0.7178482049919164,0.009416336588362825,0.43425953891070174,0.023223213526423647,0.43058491895701195,0.016942657195449323,0.43236421005183684,0.019782343003570704,0.6725811454064604,0.012045317639320315,0.449430276995974,0.031174532985645837,True
5,Ensemble,1.74216674714057,1.5421148869225234,1.9681704654958314,4.656453265171789e-19,0.7636608251690354,0.7620091688259917,0.010537653831052506,0.5362889983579638,0.03665530742932668,0.37702607470049326,0.013408243545060206,0.44159544159544156,0.004029098468299402,0.7067161254627968,0.021158770625183686,0.4875671115006949,0.04892289815114141,True
