,Model,HR,CI_lower,CI_upper,p,cindex,accuracy_mean,accuracy_std,precision_mean,precision_std,recall_mean,recall_std,f1_mean,f1_std,roc_auc_mean,roc_auc_std,pr_auc_mean,pr_auc_std,Sig
0,SVM,1.6039395332695985,1.374246078409522,1.8720242806604992,2.080913632729504e-09,0.6769180350489857,0.5790645139857817,0.22018710613139134,0.3782529673004283,0.17549926226188506,0.3851303735024665,0.1233735940673826,0.333821608139673,0.060863183923844204,0.5416876158931903,0.19604206039473715,0.34452568708491466,0.13918402724741574,True
1,RandomForest,1.903934355278089,1.6318189626956654,2.2214265871870795,2.765033540394695e-16,0.752449289361115,0.7543352601156069,0.017530817698066296,0.5144913565966198,0.04429803792282234,0.4149048625792812,0.06479464188912744,0.4550170156433022,0.043799804474253246,0.700475449161762,0.010180704016838361,0.45762984623749575,0.0676615441267251,True
2,XGBoost,1.2681059973826747,1.0889293777426874,1.4767650257828735,0.0022421037452541354,0.6041120463640127,0.7696387836910062,0.020862548109675274,0.6155555555555555,0.08189122565639236,0.28382663847780126,0.16832247114886897,0.34513544915306066,0.18318584739163774,0.6929366760229533,0.03533917196049515,0.47175651038071775,0.08670432119888895,True
3,LogisticRegression,1.638540388078182,1.426341543744941,1.8823083539404355,2.9877215762045578e-12,0.7081550986615152,0.6986025291785706,0.030737579076676444,0.4027472527472527,0.05876295921890166,0.39235377026074697,0.03821206448785552,0.3944403077686771,0.03185765923937723,0.6749450871632657,0.015615976690756029,0.4391568873965914,0.05106648424491528,True
4,ANN,1.5463992573876706,1.3230037411859064,1.8075161761111833,4.348028496550398e-08,0.6701738650476059,0.6679733351050872,0.04797370317482755,0.3689567098438844,0.0636826398579866,0.4834390415785765,0.1640927340644917,0.4097680097680098,0.10109064278233618,0.6648602433131103,0.02769455829880272,0.4251441195832361,0.09480433266948986,True
5,Ensemble,2.0044776685586703,1.726469603892602,2.3272525126948858,6.946763893507772e-20,0.7556230164205878,0.7446792018249065,0.034283053607551926,0.5076252723311546,0.11324785549775185,0.3847780126849894,0.058893819353844044,0.429590017825312,0.04709392090418147,0.6964146821283338,0.022082600016758023,0.4635058866418195,0.08922625370391343,True
