,Model,HR,CI_lower,CI_upper,p,cindex,accuracy_mean,accuracy_std,precision_mean,precision_std,recall_mean,recall_std,f1_mean,f1_std,roc_auc_mean,roc_auc_std,pr_auc_mean,pr_auc_std,Sig
0,SVM,1.8419645342789037,1.5809773755480776,2.146035356366251,4.662894004793848e-15,0.7439802676969781,0.7504706221070583,0.019075180635916414,0.5027128427128428,0.0528668309183748,0.3842494714587738,0.07448619320059224,0.43116883116883115,0.058475185513547086,0.6946804999840683,0.039996052999338706,0.46346646790039175,0.04708051364543531,True
1,RandomForest,1.9686472519511697,1.70120853445852,2.278128709158195,9.678925839635485e-20,0.7631088726369533,0.7581777512014706,0.007501254583047768,0.5280830280830281,0.031093605807684593,0.368569415081043,0.07168096470726658,0.42786479250334675,0.04366127548672403,0.7113736816470707,0.04670509349180354,0.4748656172823478,0.05455113822594223,True
2,XGBoost,1.2241229245200649,1.0587956744986875,1.4152654477409408,0.006300352825929304,0.5990409824755071,0.7658627333731977,0.021382438091839744,0.5681818181818182,0.08725834617763129,0.3528893587033122,0.09994539275358194,0.42152147610405327,0.07595431581701016,0.7017535899215289,0.0492515905345232,0.4689312433283455,0.07707663310974552,True
3,LogisticRegression,1.1756592600450826,1.0237091829278986,1.3501634241246223,0.021916411513804048,0.7323720160066234,0.7389652957721524,0.00706870308727767,0.47301587301587295,0.01995207157139132,0.43005637773079636,0.08091611541623982,0.4472438594920464,0.05207201634464984,0.6819305524347242,0.034197308173631626,0.44529755237529606,0.02528499699709709,True
4,ANN,1.4111831651466797,1.1933393880404317,1.6687942638544073,5.6710179889572975e-05,0.6528908513867807,0.6335348703297677,0.09850114192372014,0.3470444330659384,0.06890015409454532,0.4378083157152924,0.14585205562332873,0.3680063574725665,0.07736415344936952,0.5819168552614319,0.05471487417977056,0.4258563171067999,0.06779552374486529,True
5,Ensemble,1.8708218848689808,1.639924841348733,2.134228616249402,1.1652069646459656e-20,0.7666275700289775,0.7620202422873342,0.022904185332241936,0.5458333333333333,0.07240894665409485,0.421599718111346,0.1555889478521406,0.4532248374485414,0.1021684969400267,0.7058383580441099,0.039333484673027316,0.4740441840970244,0.0657440105947379,True
