,Model,HR,CI_lower,CI_upper,p,cindex,accuracy_mean,accuracy_std,precision_mean,precision_std,recall_mean,recall_std,f1_mean,f1_std,roc_auc_mean,roc_auc_std,pr_auc_mean,pr_auc_std,Sig
0,SVM,3.401049540716431,2.41921723385624,4.781355645342107,1.880138753256794e-12,0.678556644128605,0.7504706221070583,0.019075180635916414,0.5027128427128428,0.0528668309183748,0.3842494714587738,0.07448619320059224,0.43116883116883115,0.058475185513547086,0.6946804999840683,0.039996052999338706,0.46346646790039175,0.04708051364543531,True
1,RandomForest,4.00962218149093,2.837067584465229,5.666791346930327,3.599390897850632e-15,0.6831619980681661,0.7581777512014706,0.007501254583047768,0.5280830280830281,0.031093605807684593,0.368569415081043,0.07168096470726658,0.42786479250334675,0.04366127548672403,0.7113736816470707,0.04670509349180354,0.4748656172823478,0.05455113822594223,True
2,XGBoost,4.193377426283886,2.9506815220390545,5.959441609650792,1.3072808537054716e-15,0.6781081826962881,0.7658627333731977,0.021382438091839744,0.5681818181818182,0.08725834617763129,0.3528893587033122,0.09994539275358194,0.42152147610405327,0.07595431581701016,0.7017535899215289,0.0492515905345232,0.4689312433283455,0.07707663310974552,True
3,LogisticRegression,3.3945320058367945,2.4745022692661007,4.656632439487667,3.52692774494913e-14,0.6913895404995171,0.7389652957721524,0.00706870308727767,0.47301587301587295,0.01995207157139132,0.43005637773079636,0.08091611541623982,0.4472438594920464,0.05207201634464984,0.6819305524347242,0.034197308173631626,0.44529755237529606,0.02528499699709709,True
4,ANN,2.16584145352444,1.61654350059765,2.901789651853232,2.242124319573803e-07,0.6268800883124052,0.6335348703297677,0.09850114192372014,0.3470444330659384,0.06890015409454532,0.4378083157152924,0.14585205562332873,0.3680063574725665,0.07736415344936952,0.5819168552614319,0.05471487417977056,0.4258563171067999,0.06779552374486529,True
5,Ensemble,3.764235882466577,2.7153676141145295,5.21825174064674,1.8011896669114727e-15,0.6936663446943563,0.7620202422873342,0.022904185332241936,0.5458333333333333,0.07240894665409485,0.421599718111346,0.1555889478521406,0.4532248374485414,0.1021684969400267,0.7058383580441099,0.039333484673027316,0.4740441840970244,0.0657440105947379,True
