,Model,HR,CI_lower,CI_upper,p,cindex,accuracy_mean,accuracy_std,precision_mean,precision_std,recall_mean,recall_std,f1_mean,f1_std,roc_auc_mean,roc_auc_std,pr_auc_mean,pr_auc_std,Sig
0,SVM,1.7866877576542035,1.5381567784997696,2.0753756625933457,3.0902631700640715e-14,0.7340451221194977,0.7485770602174827,0.00654996876495571,0.5006944444444444,0.02637060770284378,0.3298097251585624,0.11043687322505706,0.3840175150519978,0.08256087674823986,0.688662599309679,0.027871077163579054,0.4469669785065766,0.03561828534846902,True
1,RandomForest,1.9985967157506834,1.7093548618051284,2.3367815083119883,3.906862145520348e-18,0.7564509452187111,0.7543241866542644,0.014226221929505227,0.5085323418656752,0.03667715946129048,0.41455250176180414,0.08162193247329233,0.4532945736434108,0.05858806315421262,0.7160202718164728,0.048141709342258476,0.4770722999390547,0.05246985098453733,True
2,XGBoost,1.1826991886501035,1.0085166691192589,1.3869650484361058,0.03898987033881163,0.6351593762936387,0.7352003189156866,0.044871504522572894,0.48707264957264956,0.08686639879540016,0.4080338266384778,0.03279795991041606,0.43747747747747745,0.03285411551723669,0.686941100499595,0.0632860886409153,0.44349130318158553,0.08220270924092316,True
3,LogisticRegression,1.1712742279306023,1.021632436224087,1.3428345345855062,0.02340014268100715,0.7372016006623431,0.7159435696409985,0.028539195193436912,0.43973965189410563,0.05009064014765414,0.4765680056377731,0.03399231946915498,0.4565460809646857,0.03993067956880743,0.6849550827892742,0.03992987869336347,0.45127851750769626,0.020708917814846742,True
4,ANN,1.4499271883413454,1.2333513679855082,1.704533603368202,6.765585560878304e-06,0.6758313785014489,0.6910947223883243,0.04869881183967285,0.4116453641712315,0.0667430397495698,0.44591261451726566,0.05239464362268248,0.42013102725366874,0.017472132852893438,0.6425615658972662,0.036501876771331584,0.4145747852129431,0.021672793281482566,True
5,Ensemble,1.81677586575625,1.5976726276264848,2.065926704457521,8.571471361739929e-20,0.7489650890023458,0.7523974043806613,0.009409145580680523,0.49909297052154195,0.026113550386592816,0.40627202255109235,0.13090287361128225,0.43983767432825055,0.08440432844722545,0.7029133080659798,0.05357562231136157,0.46616889901234965,0.07227295833030388,True
