,Model,HR,CI_lower,CI_upper,p,cindex,accuracy_mean,accuracy_std,precision_mean,precision_std,recall_mean,recall_std,f1_mean,f1_std,roc_auc_mean,roc_auc_std,pr_auc_mean,pr_auc_std,Sig
0,SVM,3.1832308655814465,2.2131726486010765,4.578476401285432,4.270338577010907e-10,0.6523906444045812,0.7274821163599318,0.026754344266343853,0.45161721464848975,0.056670915836520536,0.3083157152924595,0.06037001083879373,0.35782730404823426,0.03277650220103709,0.6875674565094059,0.03935112033457294,0.4357344312738396,0.039409517745793377,True
1,RandomForest,3.9293281875420156,2.769410016855659,5.575057471245123,1.7618188248912354e-14,0.6848178556644129,0.7543795539609771,0.023526573916767622,0.5137061403508772,0.06054081475208617,0.37755461592670897,0.06107999706008464,0.43261610817166374,0.0559549139775327,0.6906243883343121,0.027210635226759816,0.4741985509399604,0.07122431385550936,True
2,XGBoost,2.93640905180346,2.1462459453568363,4.017479049019107,1.637606199542256e-11,0.6812301642058783,0.7102518105109296,0.06760001789000293,0.45454545454545453,0.09819304088496757,0.4309372797744891,0.040998206989983875,0.4314706700027801,0.034312286928517656,0.6840017429756468,0.04162341774581303,0.4828497900577103,0.056744951021901434,True
3,LogisticRegression,3.018479123790045,2.2375512025941733,4.071958760180751,4.733062306828178e-13,0.6915275286325376,0.7139835669833676,0.0156090640665311,0.4363348759379821,0.02732108453765958,0.47744890768146586,0.09002939557243934,0.4509391645640594,0.036188199168560656,0.7040071059776367,0.010294077163653525,0.48621583219422265,0.05409479718726162,True
4,ANN,2.3844030945901697,1.7472449619491364,3.253910150726011,4.305418019741366e-08,0.6636884227956396,0.6889907647332403,0.04147525587646644,0.4066910346228043,0.06684047681894147,0.4619450317124736,0.08465024052259496,0.424703557312253,0.03903282965389311,0.6833733903235056,0.017383213127158702,0.4692503336690428,0.03229649657624731,True
5,Ensemble,3.7710111274590896,2.688014642561688,5.290345036910981,1.534827512853894e-14,0.6745377397543811,0.7466945717892498,0.02888458424290316,0.4973196881091618,0.07275830092086474,0.36980267794221283,0.07083285075819085,0.4196841418236305,0.061462231728071505,0.6899650928986985,0.03355430608294661,0.4580178178208041,0.051725852476114255,True
