,Model,HR,CI_lower,CI_upper,p,cindex,accuracy_mean,accuracy_std,precision_mean,precision_std,recall_mean,recall_std,f1_mean,f1_std,roc_auc_mean,roc_auc_std,pr_auc_mean,pr_auc_std,Sig
0,SVM,1.9362207426895588,1.664658860782562,2.2520835065623666,1.0382310068470306e-17,0.7576583413826411,0.7409363718911258,0.02887390128239289,0.48127764127764133,0.07349910294229489,0.34654686398872453,0.052415966336321396,0.4001652682430714,0.05312558424312768,0.690689439562154,0.041548547290617105,0.44024603055455297,0.04811086519538904,True
1,RandomForest,1.7290636103864374,1.4586931375833763,2.049547565374556,2.759715570937316e-10,0.7049468745687871,0.7371160277279473,0.03245893138842959,0.462709804815068,0.07032509849522306,0.32470049330514444,0.15661259132250582,0.3589357628573315,0.13801541401671227,0.6722759487982283,0.005189470717010581,0.4420387430800688,0.03136260070635946,True
2,XGBoost,1.089897287324316,0.9472715303346042,1.2539974641666998,0.22898688723796226,0.563060576790396,0.7159546431023408,0.04083400393001001,0.45083220872694557,0.07017771660835394,0.4083861874559549,0.07951027897324145,0.41564585081305677,0.011471728624082777,0.6696161832723169,0.030760154895481367,0.45934173653597105,0.030830583121541102,False
3,LogisticRegression,1.7782435796033769,1.502428014664604,2.1046933347462486,2.1736919334548035e-11,0.7241962191251552,0.7216353287710673,0.030697148816413507,0.4589442815249267,0.06338427755940014,0.46987315010570824,0.09620708666311505,0.4541215106732348,0.03325444922162334,0.6944689696953145,0.0038497886075101245,0.47456665713269003,0.049632678238158666,True
4,ANN,1.7385393356512333,1.4502068089109101,2.084198614317989,2.2663205887378974e-09,0.7183662205050365,0.6197373374969547,0.08589016774660817,0.36324287219285245,0.06584664487265561,0.6226215644820295,0.07854248294336473,0.4541219791219791,0.06146707927542305,0.6739020846601176,0.06496672303700446,0.3880266853090875,0.05447180430662155,True
5,Ensemble,2.058013469258,1.7393819302550428,2.435014050667018,4.1148224216626374e-17,0.7436180488477991,0.7255553340863288,0.021330148379948153,0.4496876561719141,0.04140456551963344,0.3928823114869626,0.05366768733408566,0.4152957837197644,0.03126765213677649,0.6882310969697797,0.007891595155287725,0.4498029262194234,0.039330299907531695,True
