,Model,HR,CI_lower,CI_upper,p,cindex,accuracy_mean,accuracy_std,precision_mean,precision_std,recall_mean,recall_std,f1_mean,f1_std,roc_auc_mean,roc_auc_std,pr_auc_mean,pr_auc_std,Sig
0,SVM,1.934050464623377,1.6624709807373514,2.249994882948792,1.2950931166094224e-17,0.7570028977507934,0.7409363718911258,0.02887390128239289,0.48127764127764133,0.07349910294229489,0.34654686398872453,0.052415966336321396,0.4001652682430714,0.05312558424312768,0.6899142457637043,0.04122448902985821,0.43849519237593354,0.0475608418133527,True
1,RandomForest,1.7278779132874116,1.4569242732158763,2.049222556115709,3.2931255684918716e-10,0.7083965778943011,0.7466834983279074,0.016318172150504684,0.48061568061568066,0.0442041273919959,0.3091966173361522,0.14118482828378456,0.3580203200456365,0.12902496541361116,0.6700295709970838,0.004261915961310785,0.43502605076969125,0.03918211783145043,True
2,XGBoost,1.1895400214663912,1.0308759273853747,1.37262441102797,0.01748773606218929,0.5847937077411343,0.723617478351383,0.04938359784370334,0.46719771241830066,0.094514686122417,0.4307610993657505,0.06646322732566443,0.43893161854326906,0.04582548937586641,0.6697246019853867,0.03166846307185454,0.4637928591932094,0.025670387019988795,True
3,LogisticRegression,1.7422190527226096,1.4763519050108382,2.055964582270366,4.991662222410358e-11,0.7225403615289085,0.7197196199588066,0.02803442207185503,0.4532319159335289,0.05532602247199159,0.46987315010570824,0.09620708666311505,0.45213320657966755,0.03342004446186875,0.6929529181393197,0.004959645754961467,0.4756995205930031,0.04850037813439666,True
4,ANN,1.7346505413742348,1.4702633845955557,2.046580586999828,6.648990369639618e-11,0.6841796605491928,0.6793347064425399,0.05487879634795334,0.40172825887111596,0.07052516377347982,0.4621212121212121,0.08536045347360652,0.4181840703579834,0.01932446551773968,0.6816586159565033,0.02900484345036727,0.4037801479947356,0.051364343452253575,True
5,Ensemble,1.6713146049343275,1.4878412204412659,1.8774130399736804,4.848883795591843e-18,0.7245411894577066,0.715998936947711,0.039478407016307254,0.4442190669371197,0.05931690230308595,0.3847780126849894,0.07741039170378301,0.4009698628725749,0.017233978080449276,0.6738174601302597,0.023761836360906455,0.43763700255584553,0.025510601266920143,True
