,Model,HR,CI_lower,CI_upper,p,cindex,accuracy_mean,accuracy_std,precision_mean,precision_std,recall_mean,recall_std,f1_mean,f1_std,roc_auc_mean,roc_auc_std,pr_auc_mean,pr_auc_std,Sig
0,SVM,3.5972297908563093,2.5336508735177707,5.107279106003224,8.15620734128233e-13,0.6712087760452601,0.7409363718911258,0.02887390128239289,0.48127764127764133,0.07349910294229489,0.34654686398872453,0.052415966336321396,0.4001652682430714,0.05312558424312768,0.6899142457637043,0.04122448902985821,0.43849519237593354,0.0475608418133527,True
1,RandomForest,3.247047550657244,2.2480561175909735,4.689970910302485,3.4269541074670575e-10,0.6425762384434939,0.7466834983279074,0.016318172150504684,0.48061568061568066,0.0442041273919959,0.3091966173361522,0.14118482828378456,0.3580203200456365,0.12902496541361116,0.6700295709970838,0.004261915961310785,0.43502605076969125,0.03918211783145043,True
2,XGBoost,2.8544559596749584,2.0541731047917966,3.966520059442473,4.1470558943068354e-10,0.6714675037946737,0.723617478351383,0.04938359784370334,0.46719771241830066,0.094514686122417,0.4307610993657505,0.06646322732566443,0.43893161854326906,0.04582548937586641,0.6697246019853867,0.03166846307185454,0.4637928591932094,0.025670387019988795,True
3,LogisticRegression,3.0753526954978243,2.281965811063259,4.144581902083349,1.5908681786281344e-13,0.6905616117013936,0.7197196199588066,0.02803442207185503,0.4532319159335289,0.05532602247199159,0.46987315010570824,0.09620708666311505,0.45213320657966755,0.03342004446186875,0.6929529181393197,0.004959645754961467,0.4756995205930031,0.04850037813439666,True
4,ANN,3.6388955684846858,2.68963014171053,4.92319027549127,5.509871001082922e-17,0.7133641506830413,0.7446681283635638,0.04661479267712455,0.49769769769769767,0.10826963056875223,0.4918957011980267,0.08487142617237263,0.49099337403067783,0.08457185450980373,0.6901412215809518,0.048396264985644595,0.46373905962689177,0.05880496931849508,True
5,Ensemble,3.288455537358991,2.296035510597386,4.70983125969747,8.310843277996121e-11,0.6578584241755209,0.7408699311230705,0.00532855604144003,0.4750445632798574,0.01882238153470845,0.3312191684284707,0.04243571308618632,0.38775414472008896,0.026046271630155,0.6668898043787089,0.027497802935127637,0.4448246368468616,0.03421065169050205,True
