,Model,HR,CI_lower,CI_upper,p,cindex,accuracy_mean,accuracy_std,precision_mean,precision_std,recall_mean,recall_std,f1_mean,f1_std,roc_auc_mean,roc_auc_std,pr_auc_mean,pr_auc_std,Sig
0,SVM,1.8944701506412838,1.6393916590632192,2.1892371672316817,4.7345860624937336e-18,0.7463778115082103,0.7274821163599318,0.026754344266343853,0.45161721464848975,0.056670915836520536,0.3083157152924595,0.06037001083879373,0.35782730404823426,0.03277650220103709,0.6875674565094059,0.03935112033457294,0.4357344312738396,0.039409517745793377,True
1,RandomForest,1.9496888358362305,1.6679190981694008,2.279059314541383,5.136779830310927e-17,0.7527942596936663,0.7543795539609771,0.023526573916767622,0.5137061403508772,0.06054081475208617,0.37755461592670897,0.06107999706008464,0.43261610817166374,0.0559549139775327,0.6906243883343121,0.027210635226759816,0.4741985509399604,0.07122431385550936,True
2,XGBoost,1.6029414443628587,1.3713210204897262,1.8736832847049159,3.1108083716167033e-09,0.7029805436732441,0.7102518105109296,0.06760001789000293,0.45454545454545453,0.09819304088496757,0.4309372797744891,0.040998206989983875,0.4314706700027801,0.034312286928517656,0.6840017429756468,0.04162341774581303,0.4828497900577103,0.056744951021901434,True
3,LogisticRegression,1.9675729806605189,1.6622462230967257,2.32898314367236,3.652240336367311e-15,0.7569339036842831,0.7139835669833676,0.0156090640665311,0.4363348759379821,0.02732108453765958,0.47744890768146586,0.09002939557243934,0.4509391645640594,0.036188199168560656,0.7040071059776367,0.010294077163653525,0.48621583219422265,0.05409479718726162,True
4,ANN,1.5272262628396454,1.3114655580540535,1.7784836540945714,5.0603201791196345e-08,0.6920449841313647,0.6889907647332403,0.04147525587646644,0.4066910346228043,0.06684047681894147,0.4619450317124736,0.08465024052259496,0.424703557312253,0.03903282965389311,0.6833733903235056,0.017383213127158702,0.4692503336690428,0.03229649657624731,True
5,Ensemble,1.9955765794991154,1.7166904135675942,2.3197693964920525,2.3418873558319807e-19,0.7451359183110252,0.7466945717892498,0.02888458424290316,0.4973196881091618,0.07275830092086474,0.36980267794221283,0.07083285075819085,0.4196841418236305,0.061462231728071505,0.6899650928986985,0.03355430608294661,0.4580178178208041,0.051725852476114255,True
