,Model,HR,CI_lower,CI_upper,p,cindex,accuracy_mean,accuracy_std,precision_mean,precision_std,recall_mean,recall_std,f1_mean,f1_std,roc_auc_mean,roc_auc_std,pr_auc_mean,pr_auc_std,Sig
0,SVM,1.934050464623377,1.6624709807373514,2.249994882948792,1.2950931166094224e-17,0.7570028977507934,0.7409363718911258,0.02887390128239289,0.48127764127764133,0.07349910294229489,0.34654686398872453,0.052415966336321396,0.4001652682430714,0.05312558424312768,0.6899142457637043,0.04122448902985821,0.43849519237593354,0.0475608418133527,True
1,RandomForest,1.7278779132874116,1.4569242732158763,2.049222556115709,3.2931255684918716e-10,0.7083965778943011,0.7466834983279074,0.016318172150504684,0.48061568061568066,0.0442041273919959,0.3091966173361522,0.14118482828378456,0.3580203200456365,0.12902496541361116,0.6700295709970838,0.004261915961310785,0.43502605076969125,0.03918211783145043,True
2,XGBoost,1.1895400214663912,1.0308759273853747,1.37262441102797,0.01748773606218929,0.5847937077411343,0.723617478351383,0.04938359784370334,0.46719771241830066,0.094514686122417,0.4307610993657505,0.06646322732566443,0.43893161854326906,0.04582548937586641,0.6697246019853867,0.03166846307185454,0.4637928591932094,0.025670387019988795,True
3,LogisticRegression,1.7422190527226096,1.4763519050108382,2.055964582270366,4.991662222410358e-11,0.7225403615289085,0.7197196199588066,0.02803442207185503,0.4532319159335289,0.05532602247199159,0.46987315010570824,0.09620708666311505,0.45213320657966755,0.03342004446186875,0.6929529181393197,0.004959645754961467,0.4756995205930031,0.04850037813439666,True
4,ANN,1.7742967056762085,1.5222018858151984,2.0681414397851046,2.2399767036640767e-13,0.7483786394370084,0.7446459814408787,0.03124225180250024,0.501568100358423,0.060837113973363,0.49242424242424243,0.12388802901558292,0.48458996379557123,0.055995919149586376,0.725554342397055,0.02165906829946605,0.5047756788253807,0.034110476773051714,True
5,Ensemble,1.9217460074276054,1.6442364084954177,2.2460928963635913,2.2237635214150876e-16,0.7455498827100869,0.7389320753881249,0.018233811751144587,0.4818060840454952,0.058987244363648404,0.35429880197322056,0.0504239287102534,0.4020805065581185,0.018742605123908972,0.6911135760505545,0.010081656875685024,0.45411608428082834,0.02780110666733736,True
