,Model,HR,CI_lower,CI_upper,p,cindex,accuracy_mean,accuracy_std,precision_mean,precision_std,recall_mean,recall_std,f1_mean,f1_std,roc_auc_mean,roc_auc_std,pr_auc_mean,pr_auc_std,Sig
0,SVM,3.5972297908563093,2.5336508735177707,5.107279106003224,8.15620734128233e-13,0.6712087760452601,0.7409363718911258,0.02887390128239289,0.48127764127764133,0.07349910294229489,0.34654686398872453,0.052415966336321396,0.4001652682430714,0.05312558424312768,0.6899142457637043,0.04122448902985821,0.43849519237593354,0.0475608418133527,True
1,RandomForest,3.247047550657244,2.2480561175909735,4.689970910302485,3.4269541074670575e-10,0.6425762384434939,0.7466834983279074,0.016318172150504684,0.48061568061568066,0.0442041273919959,0.3091966173361522,0.14118482828378456,0.3580203200456365,0.12902496541361116,0.6700295709970838,0.004261915961310785,0.43502605076969125,0.03918211783145043,True
2,XGBoost,2.8544559596749584,2.0541731047917966,3.966520059442473,4.1470558943068354e-10,0.6714675037946737,0.723617478351383,0.04938359784370334,0.46719771241830066,0.094514686122417,0.4307610993657505,0.06646322732566443,0.43893161854326906,0.04582548937586641,0.6697246019853867,0.03166846307185454,0.4637928591932094,0.025670387019988795,True
3,LogisticRegression,3.0753526954978243,2.281965811063259,4.144581902083349,1.5908681786281344e-13,0.6905616117013936,0.7197196199588066,0.02803442207185503,0.4532319159335289,0.05532602247199159,0.46987315010570824,0.09620708666311505,0.45213320657966755,0.03342004446186875,0.6929529181393197,0.004959645754961467,0.4756995205930031,0.04850037813439666,True
4,ANN,2.195210357986483,1.6101854332285366,2.9927910266513886,6.614262202591298e-07,0.6511832482406513,0.6793347064425399,0.05487879634795334,0.40172825887111596,0.07052516377347982,0.4621212121212121,0.08536045347360652,0.4181840703579834,0.01932446551773968,0.6816586159565033,0.02900484345036727,0.4037801479947356,0.051364343452253575,True
5,Ensemble,2.8998215153535063,2.0906223585674146,4.022230407345923,1.7987102345864712e-10,0.6643438664274872,0.715998936947711,0.039478407016307254,0.4442190669371197,0.05931690230308595,0.3847780126849894,0.07741039170378301,0.4009698628725749,0.017233978080449276,0.6738174601302597,0.023761836360906455,0.43763700255584553,0.025510601266920143,True
