,Model,HR,CI_lower,CI_upper,p,cindex,accuracy_mean,accuracy_std,precision_mean,precision_std,recall_mean,recall_std,f1_mean,f1_std,roc_auc_mean,roc_auc_std,pr_auc_mean,pr_auc_std,Sig
0,SVM,1.7290747098343422,1.48308563438068,2.015864278421913,2.679140543003657e-12,0.7362529322478267,0.7236285518127256,0.015907380848496626,0.43941798941798943,0.016902256978797114,0.368569415081043,0.07168096470726658,0.3959653872697351,0.0388651327962995,0.6822639503227114,0.019305863970892814,0.43332986923505423,0.04389544094782349,True
1,RandomForest,1.9221129122948477,1.6296693132228222,2.2670354148746465,8.526442656405245e-15,0.7597281633779495,0.7639359510995947,0.02463726946012938,0.54732868757259,0.061101302893025525,0.39975334742776597,0.02458079770909818,0.4588787627727147,0.01421634180347434,0.7145177208731265,0.012937513701501032,0.4661681746083641,0.04466832213471779,True
2,XGBoost,1.5678524684313802,1.34961619547248,1.8213780858681883,4.090096082187911e-09,0.7312681109424589,0.6700551458374858,0.10958223939016357,0.4360789360789361,0.09266756829683104,0.5702959830866807,0.17282732371083964,0.4654686398872445,0.02496048026557412,0.7071058638385107,0.02300106163105338,0.47375478082342903,0.02694508978265474,True
3,LogisticRegression,1.2979642270911231,1.1680192372550746,1.4423659140815552,1.2621981424771879e-06,0.7350972816337795,0.7427745664739884,0.012407980202198693,0.4865086463923673,0.02228328980988003,0.4846723044397463,0.01969599264363637,0.48469332741830645,0.002221846005851109,0.7094189584603218,0.010868985908078407,0.478106381673234,0.022500674274008314,True
4,ANN,1.7002542997933534,1.422561308331602,2.032154724745206,5.412631992248675e-09,0.7267834966192908,0.6929439904325294,0.017005224386930036,0.40499084249084244,0.023232385961487842,0.48484848484848486,0.023436630230184496,0.44088319088319095,0.01849110396830081,0.6867237044274148,0.019716021775080715,0.46816764998312516,0.05145787916600583,True
5,Ensemble,1.816702541025043,1.5693546687521913,2.1030352082178045,1.2952406643371719e-15,0.7663860907961916,0.7504927690297434,0.014860725395880894,0.5041347541347542,0.03126808799736043,0.3844256518675124,0.02578260483428713,0.43454619069309114,0.010154331526177422,0.6986360139653233,0.02460688307637192,0.4638117948703548,0.007639877068055617,True
