,Model,HR,CI_lower,CI_upper,p,cindex,accuracy_mean,accuracy_std,precision_mean,precision_std,recall_mean,recall_std,f1_mean,f1_std,roc_auc_mean,roc_auc_std,pr_auc_mean,pr_auc_std,Sig
0,SVM,1.5433145868033593,1.323606124668141,1.7994929680740195,3.0586124539723657e-08,0.6592728025389817,0.5868602307709344,0.17572641636969846,0.34831496786042243,0.1051789505207515,0.4230091613812544,0.13306392042953796,0.3458305256282159,0.04241007627055869,0.567238316745684,0.15143180484977517,0.3687203787102715,0.12689428568077663,True
1,RandomForest,1.9482664823056672,1.6332029452113765,2.3241093810202726,1.2588294678746128e-13,0.770180764454257,0.7658516599118553,0.02653428250738756,0.5508056345393338,0.06089362896500157,0.43798449612403106,0.052289680477643576,0.4825780741273699,0.02565036879490109,0.7160598736135751,0.014323204888109441,0.4666546445115165,0.033802551705192425,True
2,XGBoost,1.6518729801669818,1.4347451456505715,1.9018599581101563,2.9390493312515472e-12,0.7485511246032841,0.7351006577636038,0.0088793556337956,0.39068466993998907,0.0749908833213374,0.22850599013389714,0.20826238349548076,0.2553329023917259,0.17719011980442537,0.6914550846514276,0.011238290019728307,0.4174442382497896,0.009402303526824118,True
3,LogisticRegression,1.2384731213249003,1.1353991309881857,1.3509043915766403,1.4059308489757852e-06,0.7497240237339589,0.7428188603193586,0.01751988868266019,0.48512465954326417,0.031085866578794884,0.43851303735024666,0.004733977745787318,0.4603058038881794,0.01680551506952421,0.7012531775579885,0.01253813073939336,0.4814381946993929,0.02322708913482578,True
4,ANN,1.5011439394559587,1.2908673020170607,1.7456737214152258,1.3216051571376407e-07,0.6656202566579275,0.6010342612893939,0.11684502220427696,0.33856209150326794,0.09600949018266255,0.45419309372797745,0.09120497489253629,0.36885528264838613,0.03304692260081674,0.6004629830788183,0.04825922303563762,0.38201528892093023,0.07120879210858673,True
5,Ensemble,1.8539573173455959,1.59830292511897,2.1505045636348523,3.5131945563935866e-16,0.7659031323306196,0.7504927690297434,0.019364365466842223,0.5166183574879227,0.04386707521047304,0.3296335447498238,0.11892712644241932,0.38476448050484563,0.08020123753742421,0.7046947371818666,0.022458563256391353,0.4574034422855793,0.012905372380198381,True
