,Model,HR,CI_lower,CI_upper,p,cindex,accuracy_mean,accuracy_std,precision_mean,precision_std,recall_mean,recall_std,f1_mean,f1_std,roc_auc_mean,roc_auc_std,pr_auc_mean,pr_auc_std,Sig
0,SVM,1.7290747098343422,1.48308563438068,2.015864278421913,2.679140543003657e-12,0.7362529322478267,0.7236285518127256,0.015907380848496626,0.43941798941798943,0.016902256978797114,0.368569415081043,0.07168096470726658,0.3959653872697351,0.0388651327962995,0.6822639503227114,0.019305863970892814,0.43332986923505423,0.04389544094782349,True
1,RandomForest,1.9221129122948477,1.6296693132228222,2.2670354148746465,8.526442656405245e-15,0.7597281633779495,0.7639359510995947,0.02463726946012938,0.54732868757259,0.061101302893025525,0.39975334742776597,0.02458079770909818,0.4588787627727147,0.01421634180347434,0.7145177208731265,0.012937513701501032,0.4661681746083641,0.04466832213471779,True
2,XGBoost,1.5678524684313802,1.34961619547248,1.8213780858681883,4.090096082187911e-09,0.7312681109424589,0.6700551458374858,0.10958223939016357,0.4360789360789361,0.09266756829683104,0.5702959830866807,0.17282732371083964,0.4654686398872445,0.02496048026557412,0.7071058638385107,0.02300106163105338,0.47375478082342903,0.02694508978265474,True
3,LogisticRegression,1.2979642270911231,1.1680192372550746,1.4423659140815552,1.2621981424771879e-06,0.7350972816337795,0.7427745664739884,0.012407980202198693,0.4865086463923673,0.02228328980988003,0.4846723044397463,0.01969599264363637,0.48469332741830645,0.002221846005851109,0.7094189584603218,0.010868985908078407,0.478106381673234,0.022500674274008314,True
4,ANN,1.695123910305984,1.4638083890795597,1.9629926243952376,1.785106145441765e-12,0.6890782392714226,0.6890793524239807,0.00868933036874344,0.3931091534635023,0.002448842777999437,0.45348837209302323,0.057750637309113714,0.41948412698412696,0.02726516812334293,0.6782926287275656,0.014258998769173196,0.46360219525934204,0.044516316545608066,True
5,Ensemble,1.7818720680849724,1.5446295133016075,2.0555531534774234,2.2976965234561587e-15,0.7600731337105009,0.7619870219033066,0.019069625750422353,0.5457431457431458,0.06519556533721622,0.36909795630725867,0.030988726625395493,0.43617246621910183,0.00791833222800099,0.6992215060517918,0.024112108633140745,0.4726318897870833,0.0214991963315791,True
