,Model,HR,CI_lower,CI_upper,p,cindex,accuracy_mean,accuracy_std,precision_mean,precision_std,recall_mean,recall_std,f1_mean,f1_std,roc_auc_mean,roc_auc_std,pr_auc_mean,pr_auc_std,Sig
0,SVM,2.6270385522102515,1.8795487940651505,3.6718022839260827,1.5691366194286437e-08,0.6549606733820892,0.7236285518127256,0.015907380848496626,0.43941798941798943,0.016902256978797114,0.368569415081043,0.07168096470726658,0.3959653872697351,0.0388651327962995,0.6822639503227114,0.019305863970892814,0.43332986923505423,0.04389544094782349,True
1,RandomForest,3.9852002727947107,2.84683079003693,5.578772461596501,7.895642426197319e-16,0.694356285359459,0.7639359510995947,0.02463726946012938,0.54732868757259,0.061101302893025525,0.39975334742776597,0.02458079770909818,0.4588787627727147,0.01421634180347434,0.7145177208731265,0.012937513701501032,0.4661681746083641,0.04466832213471779,True
2,XGBoost,2.821592754508677,2.1238022494573254,3.748647349031747,8.285159945769974e-13,0.7063267558989927,0.6700551458374858,0.10958223939016357,0.4360789360789361,0.09266756829683104,0.5702959830866807,0.17282732371083964,0.4654686398872445,0.02496048026557412,0.7071058638385107,0.02300106163105338,0.47375478082342903,0.02694508978265474,True
3,LogisticRegression,3.1544409852140354,2.32858401757297,4.273196867325952,1.192338334623551e-13,0.6838001931833863,0.7427745664739884,0.012407980202198693,0.4865086463923673,0.02228328980988003,0.4846723044397463,0.01969599264363637,0.48469332741830645,0.002221846005851109,0.7094189584603218,0.010868985908078407,0.478106381673234,0.022500674274008314,True
4,ANN,2.4235339375278944,1.7954101394718847,3.271406692666412,7.316017040925784e-09,0.638798813302056,0.6890793524239807,0.00868933036874344,0.3931091534635023,0.002448842777999437,0.45348837209302323,0.057750637309113714,0.41948412698412696,0.02726516812334293,0.6782926287275656,0.014258998769173196,0.46360219525934204,0.044516316545608066,True
5,Ensemble,3.7576039858552908,2.626729230310848,5.375349522738838,4.2757216215499137e-13,0.6838174417000138,0.7619870219033066,0.019069625750422353,0.5457431457431458,0.06519556533721622,0.36909795630725867,0.030988726625395493,0.43617246621910183,0.00791833222800099,0.6992215060517918,0.024112108633140745,0.4726318897870833,0.0214991963315791,True
