,Model,HR,CI_lower,CI_upper,p,cindex,accuracy_mean,accuracy_std,precision_mean,precision_std,recall_mean,recall_std,f1_mean,f1_std,roc_auc_mean,roc_auc_std,pr_auc_mean,pr_auc_std,FDR,Sig
0,SVM,3.245025886911807,2.018522874954597,5.216781606680883,1.1763743925718727e-06,0.6269760614272809,0.8167641325536062,0.005513503167146569,0.4711486849168009,0.041883865702421905,0.3243727598566308,0.11830672002938356,0.37608708873076685,0.10230921909303602,0.7360993997232845,0.019881360186745283,0.4086754361656415,0.061813440675041666,1.50504041719044e-06,True
1,RandomForest,3.2484542451483756,2.017282023122996,5.231026134107926,1.2542003476587001e-06,0.6427280939476061,0.8128654970760234,0.02188103734955523,0.4919848641210871,0.07056093822665131,0.35734767025089603,0.1180392910793344,0.3971819645732689,0.06382674722892728,0.7668932684032205,0.03961745781507901,0.4415332753567656,0.08167593705854412,1.50504041719044e-06,True
2,XGBoost,5.002638028553647,3.2538982634601186,7.6912015122804265,2.1940359637281123e-13,0.7169527250828064,0.8421052631578947,0.031310679150504915,0.5744888498511687,0.10192947966965563,0.510752688172043,0.07938076914103978,0.5376147904883536,0.08315385251465479,0.7735224586288415,0.04462187191956332,0.49554119096221766,0.09773365300785838,1.3164215782368675e-12,True
3,LogisticRegression,4.00508142539801,2.6722130361735963,6.002768868696626,1.808613836264269e-11,0.7167457091237579,0.7894736842105262,0.03443181624299355,0.45019516003122556,0.04377839286121656,0.5523297491039426,0.1683298522867348,0.47655484612006355,0.04070336695900799,0.7738787027050583,0.03568522928955332,0.44069589293532835,0.056512987406755644,5.4258415087928076e-11,True
4,ANN,2.671259952111453,1.6997129325585867,4.1981381650213025,2.0471850191285074e-05,0.6117886178861789,0.7894736842105262,0.023874169032974443,0.40248335893497184,0.06048146382398897,0.314336917562724,0.07781823436193244,0.3451835651945001,0.0525046831623969,0.7023976569961471,0.03919949108937786,0.3214260093532964,0.034635339672865015,2.0471850191285074e-05,True
5,Ensemble (Mean),3.6808829894124124,2.31698136722071,5.847651506148268,3.432197769914553e-08,0.6578214393255044,0.8187134502923977,0.008270254750719828,0.49382716049382713,0.038126347365798036,0.37992831541218636,0.03548206070470132,0.4285738117878652,0.03113886063348048,0.7679747106651705,0.02385419275905891,0.4094000749349032,0.03641706540944658,6.864395539829106e-08,True
