,Model,HR,CI_lower,CI_upper,p,cindex,accuracy_mean,accuracy_std,precision_mean,precision_std,recall_mean,recall_std,f1_mean,f1_std,roc_auc_mean,roc_auc_std,pr_auc_mean,pr_auc_std,FDR,Sig
0,SVM,4.159445048241135,2.838061150305651,6.096057199991774,2.7042723413571333e-13,0.6601174345076785,0.8265107212475633,0.018077229036053986,0.5663823140694461,0.1106230957239487,0.431899641577061,0.22186061456536163,0.4382382382382383,0.1391909079055752,0.7706700547984008,0.05177993498050411,0.43975191861174406,0.08684539466457664,5.408544682714267e-13,True
1,RandomForest,5.831940416806674,3.9848328863295897,8.535246017935536,1.140938869388452e-19,0.7101211984342065,0.8440545808966862,0.022054012668586274,0.5681127450980392,0.07149842951362123,0.46917562724014333,0.15675913152256124,0.5058883768561188,0.1231840601777247,0.7681117974529093,0.05940373237509799,0.4610616783140369,0.10863198198931151,6.845633216330712e-19,True
2,XGBoost,4.369964050491064,3.011693657397881,6.340812836549856,8.176983858249185e-15,0.6919414333032219,0.8148148148148149,0.012016401565241645,0.4788425925925926,0.036538836752431664,0.489247311827957,0.10562840163649731,0.48129742990118535,0.07118381390969787,0.7760009151223977,0.061800086566089985,0.45714382230570494,0.08268917967461027,2.4530951574747556e-14,True
3,LogisticRegression,3.8650928584538415,2.6735071742735874,5.587769858343438,6.524542233209874e-13,0.683641975308642,0.7992202729044834,0.023553695854960165,0.4455705705705706,0.05046530687163309,0.5093189964157706,0.14585743955054928,0.4686129266521423,0.08349555142266611,0.715767885740432,0.04398997813140856,0.4182270764630985,0.0918045292448385,9.786813349814812e-13,True
4,ANN,2.3555078363819115,1.42039691539563,3.9062441681740534,0.0009008810785336192,0.5730013550135501,0.7953216374269005,0.016540509501439708,0.3611111111111111,0.10393492741038726,0.19605734767025088,0.07092609472734225,0.25149007318579747,0.08361297401443649,0.7073591092808663,0.06697787712342074,0.3484562900927532,0.06760236581332395,0.0009008810785336192,True
5,Ensemble (Mean),3.8559353072906117,2.634040068682945,5.644651070719916,3.892244441350225e-12,0.6636555254441433,0.8245614035087719,0.021881037349555193,0.505731922398589,0.07489103946853187,0.4240143369175627,0.10556027154150921,0.45952179449057234,0.09397543365459662,0.7590664298969035,0.06092215825957947,0.43951883894156873,0.08844822971546379,4.67069332962027e-12,True
