,Model,HR,CI_lower,CI_upper,p,cindex,accuracy_mean,accuracy_std,precision_mean,precision_std,recall_mean,recall_std,f1_mean,f1_std,roc_auc_mean,roc_auc_std,pr_auc_mean,pr_auc_std,FDR,Sig
0,SVM,4.14268703450378,2.6586320914692,6.455145080401787,3.3662547178991145e-10,0.6660832580548027,0.8265107212475633,0.018077229036053986,0.5658150990949707,0.11077867720661669,0.442652329749104,0.2354295830015959,0.44174174174174174,0.14356176144335261,0.7713672909108736,0.05194929828669531,0.44055404451548874,0.08630890932674415,4.039505661478937e-10,True
1,RandomForest,5.181471475382004,3.224085252457305,8.327213627411018,1.0752861569284447e-11,0.7048893405600722,0.8421052631578947,0.025266045607827914,0.5601729050004912,0.08186103386753224,0.4580645161290322,0.1455073533250518,0.4993678708474172,0.12382533057874735,0.7712499046747503,0.05766100434219854,0.4659091437129035,0.11071125894261484,4.5826261292534936e-11,True
2,XGBoost,4.158322987837756,2.748398468070041,6.29153678844914,1.5275420430844978e-11,0.6965522433002108,0.8050682261208578,0.04004412979371178,0.4648148148148148,0.09299910762584979,0.5111111111111111,0.09351473597914207,0.4862354892205638,0.09157593055965692,0.7744597327987858,0.05870810945401105,0.4525817052968046,0.07774421880609891,4.5826261292534936e-11,True
3,LogisticRegression,3.747239615846871,2.499362644025087,5.6181542010881,1.6242665356377022e-10,0.6845264980427582,0.8050682261208576,0.015348943224194571,0.45669934640522875,0.03604043300672023,0.5093189964157706,0.14585743955054928,0.47494776828110163,0.079570840094683,0.7165439240593668,0.04341996179695289,0.41793560283686854,0.09248223995190338,2.4363998034565537e-10,True
4,ANN,2.4982329012509665,1.7456410642466624,3.5752868998795124,5.553149079433535e-07,0.6329983438723276,0.584795321637427,0.28652981591458465,0.3567251461988304,0.13208695521560884,0.7387096774193548,0.19942685827191914,0.4382890670019383,0.0929408910409382,0.7109264524844483,0.0571302480057668,0.34369928303172076,0.06462110499615595,5.553149079433535e-07,True
5,Ensemble (Mean),4.37797983761803,2.817265965499597,6.803300679916845,5.1976204618838254e-11,0.69579945799458,0.8265107212475634,0.02715085434148949,0.5058356676003735,0.09383463165187603,0.4688172043010752,0.15050690930686186,0.4821544980443286,0.12349143908469809,0.7655770536690234,0.05452519518172667,0.4485348699397907,0.09548177701741949,1.0395240923767651e-10,True
