,Model,HR,CI_lower,CI_upper,p,cindex,accuracy_mean,accuracy_std,precision_mean,precision_std,recall_mean,recall_std,f1_mean,f1_std,roc_auc_mean,roc_auc_std,pr_auc_mean,pr_auc_std,Sig
0,SVM,1.9969436681550075,1.7434307375701161,2.2873200109700367,1.7792558010108058e-23,0.7812370636125293,0.7542798928088942,0.020042683603048915,0.5108525461466638,0.05607505118823572,0.4228329809725158,0.03625037674309143,0.46216385240775476,0.0418809592767654,0.7255076851073655,0.020678464225350433,0.4917339712375807,0.0507753058631503,True
1,RandomForest,2.0351780534264043,1.7634540904556841,2.3487709328901163,2.5196868800148566e-22,0.7739064440458121,0.7619316545965938,0.02888750480974102,0.5681248575985418,0.12202231526043597,0.3851303735024665,0.0510059779325306,0.44629056300882924,0.0013115075223880655,0.711880497749484,0.004348794484061441,0.512756394981868,0.04870697998591854,True
2,XGBoost,1.0509294612926712,0.8927885981010124,1.237082031470952,0.5504986128873102,0.600006899406651,0.7389431488494673,0.04058701088906023,0.5466269841269841,0.1709748828243942,0.4011627906976744,0.11061800924674679,0.42680308197549577,0.043038706021438895,0.6763341398526913,0.039475397699271955,0.45238176166087535,0.0834698151044205,False
3,LogisticRegression,1.810970531498526,1.5273162217749134,2.147305331534273,8.335193488545734e-12,0.7386849730923141,0.7446792018249065,0.015827280903818037,0.4880952380952381,0.044543540318737404,0.40821000704721633,0.08963030033421165,0.4393786612887736,0.05632426603762503,0.7000464296931543,0.018512744212251565,0.4714618318467228,0.033780551399707114,True
4,ANN,1.7908993031861609,1.50642705095239,2.1290910251013826,4.039052962200528e-11,0.6991168759486684,0.6641862113259362,0.09375633766176972,0.4059139784946237,0.0815658318833353,0.5454545454545454,0.07030989069055345,0.4550578320774335,0.045469761285955985,0.6647257130702896,0.056989708186578975,0.39177625868279947,0.06910655928106128,True
5,Ensemble,1.8161221555756266,1.5945367577716005,2.0685002511839903,2.5183442944779083e-19,0.7595556782116738,0.7561956016211547,0.034268765133106144,0.5879902458849827,0.19038363797455246,0.3544749823819591,0.05780435984329775,0.41951539662267634,0.004578282422480244,0.7094547842240013,0.017120721673597742,0.5026299987038283,0.061552198689391505,True
