,Model,HR,CI_lower,CI_upper,p,cindex,accuracy_mean,accuracy_std,precision_mean,precision_std,recall_mean,recall_std,f1_mean,f1_std,roc_auc_mean,roc_auc_std,pr_auc_mean,pr_auc_std,Sig
0,SVM,3.7385673368829035,2.6629500891087785,5.248647276406683,2.572459108053953e-14,0.7072926728301366,0.7542798928088942,0.020042683603048915,0.5108525461466638,0.05607505118823572,0.4228329809725158,0.03625037674309143,0.46216385240775476,0.0418809592767654,0.7246335592332397,0.021744056995808246,0.4910001493128999,0.04989086080836706,True
1,RandomForest,4.396498742329718,3.0836729771604228,6.268239639699389,2.7733672145845337e-16,0.705550572650752,0.7619316545965938,0.02888750480974102,0.5681248575985418,0.12202231526043597,0.3851303735024665,0.0510059779325306,0.44629056300882924,0.0013115075223880655,0.711880497749484,0.004348794484061441,0.512756394981868,0.04870697998591854,True
2,XGBoost,3.014352354291594,2.184633885958562,4.159195815017045,1.849286925101047e-11,0.6841451635159377,0.7351228046862888,0.023473601606677615,0.4799033816425122,0.06072046765262221,0.41613812544045103,0.07182112726048433,0.436678706952278,0.02997709706762974,0.6654726124813113,0.025849213293487862,0.45566659414058663,0.04500755717755529,True
3,LogisticRegression,3.2889908520811093,2.3654352417144944,4.573137591893069,1.4480367353403186e-12,0.680557472057403,0.746594910637167,0.017642515792823766,0.4947089947089947,0.051975880170339966,0.41596194503171247,0.10058682503989191,0.44487437445183925,0.06042250946545994,0.7008676807540647,0.01863263039982759,0.4697542465732581,0.033209636170401326,True
4,ANN,2.085952377742734,1.566235383870877,2.778124774232073,4.934714088443681e-07,0.6579619152752864,0.6408212078931632,0.0935623950435392,0.3884136099066369,0.06123622181708682,0.6088794926004228,0.11900826860141471,0.4611362026836257,0.034690189268257204,0.6782202737200075,0.04115782096029701,0.4207008300314632,0.06515087589315759,True
5,Ensemble,4.763822325875988,3.285738952488419,6.906818673262964,1.7699406945517612e-16,0.6993238581481993,0.7600380927070184,0.020031539589882037,0.6220538720538721,0.18890884378170816,0.37068357998590556,0.13489115822625014,0.4179270718705404,0.08224112973272568,0.7113386110900758,0.0036821083861978223,0.5018548428717005,0.052488994377822486,True
