,Model,HR,CI_lower,CI_upper,p,cindex,accuracy_mean,accuracy_std,precision_mean,precision_std,recall_mean,recall_std,f1_mean,f1_std,roc_auc_mean,roc_auc_std,pr_auc_mean,pr_auc_std,Sig
0,SVM,3.1764490998623174,2.3085933206831184,4.3705527489919795,1.2628133607298364e-12,0.6994790947978474,0.7312581666777401,0.010514739896959861,0.4612016363292597,0.023141005994434128,0.4536645525017618,0.016693500471986856,0.4573070607553366,0.019090509060312302,0.7094993000372017,0.007673361295618585,0.4879109562109385,0.05464405146495882,True
1,RandomForest,3.8757807303286875,2.825741771176496,5.316011683308524,4.3395616244611366e-17,0.6978749827514834,0.7581334573561004,0.02073761611223444,0.5252967462644883,0.06204292288694391,0.43851303735024666,0.03827050516610646,0.47510757441791923,0.029393592132825417,0.7043261445933201,0.014308784585039184,0.4994991645379369,0.06542845799059187,True
2,XGBoost,3.113099778249606,2.1931662307078774,4.418903635138366,2.0924351123956907e-10,0.6756243963019181,0.7658627333731977,0.013891470782769049,0.5382527405730575,0.041740644405291676,0.39940098661028894,0.0727012678103298,0.45670339328875914,0.06120501023516345,0.7098246492840848,0.030344070443895296,0.5143412604999882,0.06741025027801954,True
3,LogisticRegression,3.424513009682939,2.5028809912897656,4.685516168886833,1.4105718277187457e-14,0.7120532634193459,0.7446792018249065,0.017162228988357994,0.48989456856849234,0.03943902300046549,0.48467230443974624,0.03833533476437508,0.48633189087097745,0.031514549139471805,0.7073218426049955,0.012023521977229782,0.469211189091472,0.037514431734710016,True
4,ANN,3.3194026525441895,2.400351051442438,4.590342718035396,4.0457532366975015e-13,0.6993066096315717,0.742785639935331,0.015357793077243935,0.4953963586682111,0.042539291016589396,0.4779774489076814,0.11751880384475592,0.47410165189463593,0.046210954098411465,0.6822268107063065,0.018586622522459205,0.45241297195201574,0.023957736607774834,True
5,Ensemble,3.810062253055868,2.793696671595814,5.196188447999621,2.9233043333930356e-17,0.6937008417276114,0.7542688193475516,0.027972707497868517,0.5241702741702742,0.08453728847215376,0.4464411557434813,0.03252807583606558,0.476605814739689,0.022046689960414242,0.7044938522037758,0.02077962354246408,0.5033136384157285,0.05663196235639902,True
