,Model,HR,CI_lower,CI_upper,p,cindex,accuracy_mean,accuracy_std,precision_mean,precision_std,recall_mean,recall_std,f1_mean,f1_std,roc_auc_mean,roc_auc_std,pr_auc_mean,pr_auc_std,FDR,Sig
0,SVM,3.491177226890509,2.184066996368073,5.580560692427061,1.74887425587611e-07,0.5970152062631737,0.8050682261208578,0.012016401565241645,0.27976190476190477,0.2011517291513786,0.23978494623655913,0.17641619296822963,0.2580037664783427,0.18762582477509504,0.5778511328271109,0.2755973461733592,0.3172072641196076,0.14892954307409945,1.74887425587611e-07,True
1,RandomForest,4.6149755620138135,2.942328785448922,7.238483864655933,2.751338280742418e-11,0.6808943089430894,0.8284600389863548,0.011027006334293139,0.5222401433691756,0.04543695380818652,0.45555555555555555,0.0742394192692853,0.48526483472720033,0.058490238645443615,0.7869195600149615,0.04182454399592451,0.4811473562296729,0.1035657897433849,8.254014842227255e-11,True
2,XGBoost,4.347139533382779,2.695386823438735,7.011098354554593,1.6824745885491e-09,0.6652363745859681,0.8323586744639376,0.015348943224194554,0.5198726394378569,0.05259399377718301,0.4103942652329749,0.20916366308912446,0.4384041850368752,0.15640241459021748,0.7656266227988947,0.0333330965250738,0.4892361447978321,0.08248559813778307,2.01896950625892e-09,True
3,LogisticRegression,3.6951030730299714,2.4443835523588455,5.585779165933083,5.667758105260661e-10,0.6932964468533575,0.7894736842105262,0.020813018035148765,0.42902885059747803,0.029394958601230124,0.5086021505376345,0.16733476913786746,0.45203619909502263,0.07558141470020208,0.7646130884291488,0.04091063333528925,0.4538106916038272,0.06961863401861697,8.501637157890992e-10,True
4,ANN,3.7926885942850177,2.5155911656139827,5.7181337610989855,1.9678822722928422e-10,0.6855803974706414,0.8031189083820663,0.026297734041388014,0.47583959899749373,0.07299212940934166,0.4774193548387096,0.142618104357757,0.4574372073222648,0.04449640652014036,0.7466864943186152,0.03081950590656483,0.3942217219288204,0.02698334698721248,3.9357645445856844e-10,True
5,Ensemble (Mean),4.051481108746122,2.70372809386783,6.0710613658805,1.2022919039945385e-11,0.6909251731406203,0.8109161793372319,0.012016401565241693,0.4701553166069295,0.038100671250288765,0.5207885304659498,0.15750965282697774,0.4866880315542956,0.08385072684140978,0.7867919149662458,0.04009818806796369,0.46718051637755703,0.087787834369844,7.213751423967231e-11,True
