,Model,HR,CI_lower,CI_upper,p,cindex,accuracy_mean,accuracy_std,precision_mean,precision_std,recall_mean,recall_std,f1_mean,f1_std,roc_auc_mean,roc_auc_std,pr_auc_mean,pr_auc_std,FDR,Sig
0,SVM,3.6002432625248155,2.3015323277790225,5.63179208604183,2.0062165061091015e-08,0.5970152062631737,0.8050682261208578,0.012016401565241645,0.27976190476190477,0.2011517291513786,0.23978494623655913,0.17641619296822963,0.2580037664783427,0.18762582477509504,0.5778511328271109,0.2755973461733592,0.3172072641196076,0.14892954307409945,2.0062165061091015e-08,True
1,RandomForest,5.307600306700648,3.6280960666404645,7.764574172859257,8.019143473556944e-18,0.6914521228545619,0.8343079922027291,0.016768665237899834,0.5430911680911681,0.06471886388905286,0.45555555555555555,0.0642187491184499,0.49535076516322735,0.06474616616537514,0.7920654893544393,0.043105963785829274,0.4787650856889846,0.09644225903819775,4.8114860841341665e-17,True
2,XGBoost,5.055746382802687,3.3159543966202736,7.70836037831962,5.0585649950382835e-14,0.6391147244805782,0.8401559454191032,0.015348943224194571,0.6029914529914531,0.09793133898119498,0.314336917562724,0.07781823436193244,0.4100019805902159,0.08111855837942496,0.7766514872554681,0.05009767465275869,0.49288149823956556,0.10205937826354876,1.3156339837269442e-13,True
3,LogisticRegression,3.847991019759873,2.656870983696235,5.573110240962134,1.0000554370192266e-12,0.6932964468533575,0.7894736842105262,0.020813018035148765,0.42902885059747803,0.029394958601230124,0.5086021505376345,0.16733476913786746,0.45203619909502263,0.07558141470020208,0.7646130884291488,0.04091063333528925,0.4538106916038272,0.06961863401861697,1.5000831555288399e-12,True
4,ANN,3.488219799632753,2.395234691869063,5.07995204472227,7.306836984478371e-11,0.6667419451972297,0.7777777777777778,0.028649002839569334,0.4074286755993073,0.050275763220409546,0.45555555555555555,0.1341584290656448,0.4167548500881834,0.04519879959065817,0.7255188417165082,0.04328049842849303,0.36871470473894963,0.03691935573517263,8.768204381374045e-11,True
5,Ensemble (Mean),4.078790520677543,2.8242136278769845,5.8906776553142635,6.578169918634721e-14,0.6949337548931045,0.8031189083820663,0.015348943224194571,0.4520417853751187,0.04452310795719293,0.5200716845878136,0.11544446219366186,0.4810359231411863,0.075787455089451,0.7852837787292145,0.03476198106191448,0.4554114300616565,0.07594800528596903,1.3156339837269442e-13,True
