,Model,HR,CI_lower,CI_upper,p,cindex,accuracy_mean,accuracy_std,precision_mean,precision_std,recall_mean,recall_std,f1_mean,f1_std,roc_auc_mean,roc_auc_std,pr_auc_mean,pr_auc_std,Sig
0,SVM,2.7449960792532817,1.9224109555387126,3.919559162626793,2.7564073870078376e-08,0.6654822685249069,0.7332846101034262,0.04394381159392005,0.4777102330293819,0.08705906266323224,0.3768498942917547,0.0067272315334872355,0.41699908854838436,0.03220088359728216,0.691035210425411,0.00445745897953917,0.4349700477109062,0.05189201146657062,True
1,RandomForest,3.4040511091010757,2.4631575461834365,4.704353552750504,1.1615290378234777e-13,0.7012901890437422,0.7428410072420437,0.015901359394847384,0.4824613074613075,0.03648715099914346,0.43093727977448903,0.040998206989983875,0.4550342290571499,0.03805380748249706,0.6902834383794795,0.026797752637887945,0.46992397879504494,0.0866944934496839,True
2,XGBoost,2.9912262741769453,1.9383838673039535,4.615925036443498,7.417200744194006e-07,0.6412308541465433,0.7619648749806215,0.011525936060799892,0.6150862068965518,0.13474545150890435,0.2758985200845666,0.13373102714751542,0.34307992202729043,0.12945730092221697,0.6748662353091609,0.025457729934140316,0.4562421561269012,0.020343643745722954,True
3,LogisticRegression,2.7776196268834856,1.98486532628942,3.8869996313913027,2.5468241521251864e-09,0.6693459362494826,0.7371271011892896,0.03469456283968452,0.4730720668220669,0.07262594488040186,0.41596194503171247,0.07120348165859608,0.44070893522002375,0.06781387812632488,0.6926636636338394,0.014213286117767605,0.44575903424406976,0.06007137333921865,True
4,ANN,2.6768391276704033,1.8899368121370907,3.7913795156594277,2.9552575629057386e-08,0.6622912929488064,0.7428631541647288,0.027790121492090113,0.4751633986928105,0.08038949992952577,0.39164904862579286,0.09713182410519344,0.4277494831811493,0.08938846611777308,0.6769659685246406,0.026208891851622965,0.4524698396349276,0.07420102552031484,True
5,Ensemble,3.6429523982179006,2.490479357896483,5.328734058205821,2.694320280230313e-11,0.6602387194701256,0.75626204238921,0.014698609093040124,0.5256100981767181,0.05236725400768493,0.3153629316420014,0.009701127482689378,0.3927049579223492,0.011227628657906576,0.6950144461727987,0.016502915304764276,0.46457101674976164,0.06416032556797824,True
