,Model,HR,CI_lower,CI_upper,p,cindex,accuracy_mean,accuracy_std,precision_mean,precision_std,recall_mean,recall_std,f1_mean,f1_std,roc_auc_mean,roc_auc_std,pr_auc_mean,pr_auc_std,Sig
0,SVM,1.7943584598648017,1.5462402072928652,2.082291139049751,1.3631988345493089e-14,0.7482061542707327,0.7466945717892498,0.022935654026036954,0.49303303303303303,0.05557039003307973,0.3460183227625088,0.04907818279487004,0.40458544317439477,0.04654515150293557,0.6910291067001523,0.00810985505982811,0.46203388295114084,0.055541189432729364,True
1,RandomForest,1.9177812742837659,1.6419075295607963,2.240007399793875,2.0772484958600105e-16,0.7446874568787084,0.7466613514052223,0.020201836051487204,0.5011699507389162,0.04754510743552648,0.42353770260747003,0.05104247769480427,0.4538110291534949,0.010928239681140905,0.6839103940027073,0.00487649777821612,0.46613676696708745,0.04785599965232427,True
2,XGBoost,1.0967696150944684,0.9473847500570028,1.2697096808050703,0.21629066960983123,0.6233786394370084,0.7198525014949172,0.05402198982855384,0.46489532287311364,0.08945389491649725,0.37720225510923183,0.06247874982475868,0.40297095610132083,0.007931772101862713,0.6442342349052805,0.02284158064331408,0.4395490363623389,0.04088248974251381,False
3,LogisticRegression,1.209419570502861,1.0922236486414367,1.3391906495841763,0.000255875381939253,0.7253346212225749,0.7467277921732776,0.03329688001331361,0.48971223971223976,0.07737365054385513,0.3930584918957012,0.08948889582668672,0.4337850045167118,0.08303261914863923,0.6894877091663885,0.010701407702903688,0.4460694150209381,0.06642245727369048,True
4,ANN,1.5741169152697454,1.3172321478765108,1.881098989978974,6.003355836144758e-07,0.7212294742652132,0.7141385954421633,0.05587570498310825,0.45144300144300137,0.0935733309128876,0.44591261451726566,0.024121922597314736,0.44245852187028656,0.04147387884429006,0.6812946580610347,0.028744776595429355,0.4580674930443707,0.0333378658614325,True
5,Ensemble,1.7920602687201146,1.557107271910997,2.0624654862627696,4.0917496944843525e-16,0.7403753277218159,0.7524195513033464,0.015943992485026263,0.5093417019413224,0.048370123361564134,0.35359408033826645,0.025041180379988898,0.4162469414643328,0.027043825622306505,0.679213422236678,0.003392438250364925,0.4663692628475789,0.03875601530089489,True
