,Model,HR,CI_lower,CI_upper,p,cindex,accuracy_mean,accuracy_std,precision_mean,precision_std,recall_mean,recall_std,f1_mean,f1_std,roc_auc_mean,roc_auc_std,pr_auc_mean,pr_auc_std,Sig
0,SVM,1.863637595028093,1.5936999295424956,2.1792967554432487,6.299620416823439e-15,0.7632468607699738,0.7313578278298231,0.026878586963984537,0.47099060783271307,0.060122261569818466,0.42212825933756165,0.08772015297226335,0.43616054727165837,0.03704602048435805,0.6944035253461847,0.024288958679207235,0.45194559531155293,0.017904416053127224,True
1,RandomForest,1.8617802393014318,1.5853229793127148,2.186447622777795,3.499638169299815e-14,0.7422726645508486,0.7447567160543042,0.026776952996599573,0.5168067226890757,0.06346201985951844,0.3372093023255814,0.13791044088881546,0.3800795201833007,0.09030190780463707,0.7134663697152601,0.029270254069745254,0.4713952323568231,0.03694827414167358,True
2,XGBoost,1.10413668761348,0.9657665747022783,1.262331765116111,0.14703576012963873,0.6129432868773286,0.7620313157486768,0.030990901205683177,0.5375799186283058,0.07099595883740524,0.4689922480620155,0.03594425773447946,0.49707827485605255,0.034173035109266225,0.7099428236122716,0.022415904523152938,0.4701100347646672,0.05375269318523254,False
3,LogisticRegression,1.1431533794930109,1.027982761924731,1.2712272009304135,0.013536209719648997,0.7506899406651028,0.7524416982260315,0.024434956836307104,0.5151190476190476,0.053719108614956435,0.45401691331923894,0.041092734887074434,0.47804364593258014,0.003507211097783986,0.6969802491726865,0.03894739183991232,0.446971062511591,0.04511085077658646,True
4,ANN,1.3363888029287598,1.1520085980581591,1.5502792562518712,0.00012914449494089958,0.6102525182834276,0.6507983965627976,0.07494153602741853,0.33693207377417905,0.07923105413309592,0.3461945031712474,0.019352597925945743,0.33725150027579104,0.04901193342877208,0.6103995167504843,0.08012972907035668,0.3502740105082324,0.046776211706140255,True
5,Ensemble,1.7591042224239224,1.5230159355333401,2.0317894206839258,1.572432482516749e-14,0.7495860356009383,0.7524084778420038,0.007819573162991558,0.5038336582196231,0.02647310968272295,0.36856941508104296,0.06079424052484762,0.4237888406281323,0.045760934384604754,0.7190132490150242,0.023897322244860405,0.4711595670921942,0.033875856302156664,True
