,Model,HR,CI_lower,CI_upper,p,cindex,accuracy_mean,accuracy_std,precision_mean,precision_std,recall_mean,recall_std,f1_mean,f1_std,roc_auc_mean,roc_auc_std,pr_auc_mean,pr_auc_std,Sig
0,SVM,3.776344216078196,2.6799363128728007,5.321311394530932,3.112217392969913e-14,0.6855077963295156,0.7466613514052223,0.007469934104621677,0.4894065415308531,0.021195225862253447,0.3763213530655391,0.06221538676347637,0.4230726169417139,0.04312831671603151,0.7011324065602426,0.031106439858460056,0.45109413590682385,0.03005087501294325,True
1,RandomForest,2.5892679098635756,1.8155841356284288,3.692645346192521,1.496081396604034e-07,0.6448530426383331,0.7351338781476313,0.03068572225340827,0.5069057926200783,0.0956605991173123,0.3608174770965469,0.14009256370701512,0.3866516738116991,0.0915834497512802,0.7145054823867181,0.02265038865970329,0.46233053587601614,0.028624079347990508,True
2,XGBoost,3.2688822462624616,1.8689631679280754,5.717389900078084,3.2896256530369346e-05,0.5671657237477576,0.7562398954665249,0.0024475606250729,0.5351851851851852,0.02498284733931861,0.12984496124031006,0.09306362173289123,0.19350071225071228,0.12219389337999743,0.7089902700412197,0.04789492705854681,0.4457403569852991,0.029114611853190246,True
3,LogisticRegression,3.011981804374119,2.213409456112045,4.098669753501557,2.3004229091586e-12,0.6845591279149993,0.7236949925807808,0.0369989117878952,0.4672295000040963,0.06506023672107579,0.469168428470754,0.07616904824809957,0.45754985754985755,0.009500474074377834,0.6934999981378466,0.03777653459037188,0.4496778685296457,0.0522545544784311,True
4,ANN,2.112504995623161,1.4923969443960337,2.990275056036675,2.461951917502468e-05,0.6368152338898855,0.6814718844816513,0.03928669014291603,0.36942596698694263,0.05078461733082176,0.3461945031712473,0.03816004208281024,0.35201477851414537,0.0038228803155015267,0.6398173620568438,0.0645294102658012,0.3724675420828392,0.0529851315484996,True
5,Ensemble,4.213734757128612,2.86827069264774,6.1903364452130285,2.314903376526202e-13,0.661221884917897,0.7639470245609372,0.011831380683298193,0.555067155067155,0.04600955538229269,0.3143058491895701,0.10994109240642176,0.3880132599362969,0.08510854327170111,0.7087980544220559,0.03899189706744985,0.447617451748791,0.03317358245588405,True
