,Model,HR,CI_lower,CI_upper,p,cindex,accuracy_mean,accuracy_std,precision_mean,precision_std,recall_mean,recall_std,f1_mean,f1_std,roc_auc_mean,roc_auc_std,pr_auc_mean,pr_auc_std,Sig
0,SVM,1.843348199064741,1.6009300153692765,2.1224741558808513,1.8738631204128836e-17,0.7449289361114945,0.7179367926826568,0.03186858679854326,0.45331196581196576,0.05835348419991855,0.4834390415785765,0.11182224809511872,0.45656668328529587,0.04132246909786104,0.7032755124335986,0.06666875801216066,0.4622787477330968,0.07092447814100193,True
1,RandomForest,1.9173839238752741,1.638427152352704,2.2438355628178295,4.862752281500908e-16,0.7457223678763626,0.7543131131929218,0.0031012414203330538,0.5092592592592592,0.013094570021973107,0.3144820295983087,0.17308790435736568,0.3555282606869908,0.16482932720452723,0.7227846167088133,0.019734066154020007,0.4712508302449859,0.009606455296893043,True
2,XGBoost,1.0688742329296672,0.9254170079536836,1.234570054366415,0.3650258640115812,0.6263798813302056,0.7582109715854982,0.0209571275278764,0.5280448717948718,0.06306247554471475,0.36169837914023956,0.01470024668428694,0.4283905415713196,0.028208249389103733,0.706660752260344,0.03034820685084506,0.4607632820605791,0.04696473017293692,False
3,LogisticRegression,1.877948109324811,1.5536825668819023,2.269890373034417,7.218116766969839e-11,0.7325445011728992,0.7524416982260315,0.02820006895868011,0.5101364522417154,0.06217620814932121,0.46141649048625794,0.014691798265954466,0.483447472564484,0.03658588306772942,0.6824653422203574,0.048218181735414756,0.4583101716244357,0.05051590130616489,True
4,ANN,1.5219287249857207,1.3026110423038408,1.778172431150311,1.224111849422529e-07,0.6910100731337105,0.7390095896175226,0.023614597040418007,0.4766182170542636,0.0460494009775241,0.36116983791402396,0.05832396484893936,0.40668920441739914,0.04129160791225557,0.6543462972319709,0.02235821992708095,0.4005816524027097,0.045152346083932454,True
5,Ensemble,1.8857831532475744,1.6421835571995607,2.165518029626826,2.5008732929117824e-19,0.7606940803090935,0.7524638451487166,0.036868912853105444,0.5274926686217009,0.08937418243975634,0.3844256518675124,0.02578260483428713,0.4387705208600731,0.021523194768924964,0.7170105960670492,0.02649571941387945,0.4519996942896987,0.03795971964739232,True
