,Model,HR,CI_lower,CI_upper,p,cindex,accuracy_mean,accuracy_std,precision_mean,precision_std,recall_mean,recall_std,f1_mean,f1_std,roc_auc_mean,roc_auc_std,pr_auc_mean,pr_auc_std,Sig
0,SVM,1.863684731469983,1.6018881949312944,2.168266667614287,7.578466721480984e-16,0.7596936663446944,0.7466613514052223,0.007469934104621677,0.4894065415308531,0.021195225862253447,0.3763213530655391,0.06221538676347637,0.4230726169417139,0.04312831671603151,0.7011324065602426,0.031106439858460056,0.45109413590682385,0.03005087501294325,True
1,RandomForest,1.8774256158327025,1.6083609978182094,2.1915023727671845,1.4487484415328421e-15,0.7525182834276253,0.7351338781476313,0.03068572225340827,0.5069057926200783,0.0956605991173123,0.3608174770965469,0.14009256370701512,0.3866516738116991,0.0915834497512802,0.7145054823867181,0.02265038865970329,0.46233053587601614,0.028624079347990508,True
2,XGBoost,1.6604304547755235,1.445635176136238,1.9071404325638976,7.263830976987019e-13,0.7153304815785843,0.7562398954665249,0.0024475606250729,0.5351851851851852,0.02498284733931861,0.12984496124031006,0.09306362173289123,0.19350071225071228,0.12219389337999743,0.7089902700412197,0.04789492705854681,0.4457403569852991,0.029114611853190246,True
3,LogisticRegression,1.1053808111648789,0.9992076383081502,1.2228356658285557,0.05182566950652165,0.7491030771353664,0.7236949925807808,0.0369989117878952,0.4672295000040963,0.06506023672107579,0.469168428470754,0.07616904824809957,0.45754985754985755,0.009500474074377834,0.6934999981378466,0.03777653459037188,0.4496778685296457,0.0522545544784311,False
4,ANN,1.4333757021199394,1.2512095452215237,1.6420638024017578,2.0849548931810888e-07,0.6795225610597488,0.6814718844816513,0.03928669014291603,0.36942596698694263,0.05078461733082176,0.3461945031712473,0.03816004208281024,0.35201477851414537,0.0038228803155015267,0.6398173620568438,0.0645294102658012,0.3724675420828392,0.0529851315484996,True
5,Ensemble,1.7143650364694554,1.5029153523170853,1.9555642130727509,1.0073940883051008e-15,0.7597971574444597,0.7639470245609372,0.011831380683298193,0.555067155067155,0.04600955538229269,0.3143058491895701,0.10994109240642176,0.3880132599362969,0.08510854327170111,0.7087980544220559,0.03899189706744985,0.447617451748791,0.03317358245588405,True
