,Model,HR,CI_lower,CI_upper,p,cindex,accuracy_mean,accuracy_std,precision_mean,precision_std,recall_mean,recall_std,f1_mean,f1_std,roc_auc_mean,roc_auc_std,pr_auc_mean,pr_auc_std,Sig
0,SVM,1.863637595028093,1.5936999295424956,2.1792967554432487,6.299620416823439e-15,0.7632468607699738,0.7313578278298231,0.026878586963984537,0.47099060783271307,0.060122261569818466,0.42212825933756165,0.08772015297226335,0.43616054727165837,0.03704602048435805,0.6944035253461847,0.024288958679207235,0.45194559531155293,0.017904416053127224,True
1,RandomForest,1.8617802393014318,1.5853229793127148,2.186447622777795,3.499638169299815e-14,0.7422726645508486,0.7447567160543042,0.026776952996599573,0.5168067226890757,0.06346201985951844,0.3372093023255814,0.13791044088881546,0.3800795201833007,0.09030190780463707,0.7134663697152601,0.029270254069745254,0.4713952323568231,0.03694827414167358,True
2,XGBoost,1.10413668761348,0.9657665747022783,1.262331765116111,0.14703576012963873,0.6129432868773286,0.7620313157486768,0.030990901205683177,0.5375799186283058,0.07099595883740524,0.4689922480620155,0.03594425773447946,0.49707827485605255,0.034173035109266225,0.7099428236122716,0.022415904523152938,0.4701100347646672,0.05375269318523254,False
3,LogisticRegression,1.1431533794930109,1.027982761924731,1.2712272009304135,0.013536209719648997,0.7506899406651028,0.7524416982260315,0.024434956836307104,0.5151190476190476,0.053719108614956435,0.45401691331923894,0.041092734887074434,0.47804364593258014,0.003507211097783986,0.6969802491726865,0.03894739183991232,0.446971062511591,0.04511085077658646,True
4,ANN,1.401436524406025,1.190310704416438,1.6500098038705968,5.096937067953998e-05,0.6650338070925901,0.7006289726042566,0.020809688613102492,0.39897111317755046,0.02984659878344795,0.3773784355179704,0.06328973136577282,0.3839853562075784,0.02925226506427684,0.647558271954686,0.028733935931835347,0.3894620879791814,0.05182819601716356,True
5,Ensemble,1.8127261764624452,1.5638704210965093,2.1011818795883292,2.901666007435538e-15,0.7526562715606457,0.7409142249684407,0.013511919024506425,0.48342569786535305,0.02398065463975169,0.4295278365045807,0.11411377934582057,0.44555555555555554,0.053078092944427495,0.7218158624025834,0.026451729664485252,0.4771102299368521,0.03396734386818694,True
