,Model,HR,CI_lower,CI_upper,p,cindex,accuracy_mean,accuracy_std,precision_mean,precision_std,recall_mean,recall_std,f1_mean,f1_std,roc_auc_mean,roc_auc_std,pr_auc_mean,pr_auc_std,Sig
0,SVM,1.499663995908784,1.1232434845998265,2.00223026570801,0.00599414844264365,0.5656133572512764,0.5867384226961664,0.21869524061015078,0.3939740232843681,0.120945730353854,0.5169133192389007,0.18703091798917418,0.3998998724498764,0.05233774752084737,0.5674389224007544,0.14205809038560735,0.3491718339515504,0.1059610114398225,True
1,RandomForest,3.1397538003499896,2.2911102650904276,4.302740936138713,1.106595623281761e-12,0.6965985925210432,0.7351449516089739,0.011975455680714946,0.4669261294261295,0.02210283081977475,0.43886539816772374,0.06799422616738975,0.4503434985362696,0.04044426117641462,0.7070228117938041,0.03019351136522257,0.47151426230044335,0.04094536003664099,True
2,XGBoost,4.073948225058359,2.9151990980855342,5.693283231102724,1.9377293735112862e-16,0.7135021388160618,0.7657852191438,0.03164680950437094,0.5364923747276689,0.07339413037409846,0.4386892177589852,0.06967662314501671,0.4826209655323579,0.07185551895503584,0.7253687684585962,0.03580947311230283,0.5008808220313062,0.04300771071370957,True
3,LogisticRegression,3.959634699433694,2.8037413582741375,5.592066082233241,5.560763797193075e-15,0.7022388574582585,0.7581002369720727,0.02981977255146756,0.50944669365722,0.07467657399328974,0.39235377026074697,0.11400846475325856,0.44087975005849406,0.1017396023855123,0.6769117902039969,0.03322875010474614,0.43483408936232354,0.04372336086396217,True
4,ANN,1.2724782981177118,0.9253729240121176,1.7497821442194534,0.13814690794571433,0.5583517317510694,0.5991185524771333,0.14681928109825992,0.30974235104669884,0.09545114884529027,0.3285764622973925,0.20156778928115468,0.2717503522699935,0.051989094640276935,0.5510420507358197,0.08830536859734436,0.3489089172587194,0.06447808760460855,False
5,Ensemble,3.4876288642366937,2.494885767428005,4.875395600655665,2.687333965991357e-13,0.6939250724437699,0.744712422208934,0.00998666605004492,0.4882710809281267,0.01970586908699453,0.4076814658210008,0.02849986998434277,0.4430960493258465,0.010761342713606178,0.7160832022584197,0.037417076446945065,0.49747092093200757,0.04061581867728962,True
