,Model,HR,CI_lower,CI_upper,p,cindex,accuracy_mean,accuracy_std,precision_mean,precision_std,recall_mean,recall_std,f1_mean,f1_std,roc_auc_mean,roc_auc_std,pr_auc_mean,pr_auc_std,Sig
0,SVM,2.601476463804318,1.8041667492917703,3.751138742793307,3.0526328902018817e-07,0.6243963019180351,0.7293313844041371,0.014760828436818054,0.4329805996472664,0.05301283373964423,0.2766032417195208,0.034999203782491946,0.33754378120575296,0.042122247951416,0.6641866817128667,0.04178919809541874,0.4133967452283551,0.02233674171121155,True
1,RandomForest,3.2219609168042047,2.3448019300926104,4.4272533283882884,5.357430063431756e-13,0.6768145439492204,0.7331849489513432,0.018065502900917244,0.4617694617694618,0.036588569874286575,0.40785764622973925,0.024321831451494514,0.4330909001861103,0.02970430351062237,0.7001484860485393,0.02338569121970117,0.45676986824490706,0.02941901767480997,True
2,XGBoost,3.467750427371728,2.532406732359682,4.7485630459257635,8.934169002458105e-15,0.6875258727749414,0.7485106194494274,0.01966452814600946,0.4994103738289784,0.04242056215558755,0.43851303735024666,0.004733977745787318,0.46605858492163393,0.018628927166593628,0.701024722363263,0.018836457148781356,0.4745640479421891,0.0557269462334742,True
3,LogisticRegression,2.9705028136707896,2.1400492222345644,4.123216828074863,7.633564241121128e-11,0.6971505450531255,0.7216685491550949,0.013954099187594647,0.4384707287933094,0.039733068454757214,0.4237138830162086,0.16280004030679307,0.41754207037225904,0.08419225883780837,0.6652435262234658,0.03181416034448221,0.42758246521422105,0.037536577568551166,True
4,ANN,1.6689022195040084,1.2453252398961006,2.236551969747102,0.000606412009586973,0.6053884365944529,0.62336943281731,0.15986921163640244,0.3971127819548872,0.10679486520439505,0.5088090204369274,0.1679427213094287,0.41091158164328895,0.03599901682754093,0.606042077633592,0.0763077648318788,0.3757294405911971,0.07983600997880722,True
5,Ensemble,3.3569209286053416,2.309085321819169,4.8802519397726485,2.2460555790873543e-10,0.6910963157168484,0.7677230748787456,0.012430047908565936,0.550893550893551,0.03599032036680175,0.38495419309372797,0.04220467790644134,0.4517460317460318,0.03412956800849463,0.6964229687112699,0.024442875830549438,0.46033470966756856,0.023959668362873075,True
