,Model,HR,CI_lower,CI_upper,p,cindex,accuracy_mean,accuracy_std,precision_mean,precision_std,recall_mean,recall_std,f1_mean,f1_std,roc_auc_mean,roc_auc_std,pr_auc_mean,pr_auc_std,Sig
0,SVM,1.4978524478335762,1.2960867021192986,1.7310276787906793,4.417989584003043e-08,0.6813854008555265,0.5867384226961664,0.21869524061015078,0.3939740232843681,0.120945730353854,0.5169133192389007,0.18703091798917418,0.3998998724498764,0.05233774752084737,0.5674389224007544,0.14205809038560735,0.3491718339515504,0.1059610114398225,True
1,RandomForest,1.8744840736222634,1.5834310173608175,2.2190360702419207,2.914274160627089e-13,0.7621084586725542,0.7351449516089739,0.011975455680714946,0.4669261294261295,0.02210283081977475,0.43886539816772374,0.06799422616738975,0.4503434985362696,0.04044426117641462,0.7070228117938041,0.03019351136522257,0.47151426230044335,0.04094536003664099,True
2,XGBoost,1.1096911518482107,0.9668769893071154,1.2735999161306613,0.1386735150084335,0.6145646474403201,0.7657852191438,0.03164680950437094,0.5364923747276689,0.07339413037409846,0.4386892177589852,0.06967662314501671,0.4826209655323579,0.07185551895503584,0.7253687684585962,0.03580947311230283,0.5008808220313062,0.04300771071370957,False
3,LogisticRegression,1.4822543400001504,0.9575192743702944,2.2945521696095086,0.07752024131323397,0.7594349385952808,0.7581002369720727,0.02981977255146756,0.50944669365722,0.07467657399328974,0.39235377026074697,0.11400846475325856,0.44087975005849406,0.1017396023855123,0.6769117902039969,0.03322875010474614,0.43483408936232354,0.04372336086396217,False
4,ANN,1.5532615908599783,1.2903806389074515,1.8696975891420735,3.243627956446253e-06,0.6995480888643577,0.6871082763050075,0.01832371124130923,0.373015873015873,0.04046840883803797,0.38495419309372797,0.07339473678755777,0.37825690437954756,0.05590691813708527,0.6369620497261186,0.0356971006857256,0.40566369480901415,0.010724617860235415,True
5,Ensemble,1.9096179569185916,1.6472872640685772,2.213724843825494,9.480810779827711e-18,0.7741824203118531,0.7504374017230306,0.022677048382736285,0.5021450021450021,0.04831066765569364,0.4464411557434813,0.03252807583606558,0.4721677559912854,0.03737328145210381,0.7092831764365584,0.03459332444076299,0.4960053897250716,0.03952987784134002,True
