,Model,HR,CI_lower,CI_upper,p,cindex,accuracy_mean,accuracy_std,precision_mean,precision_std,recall_mean,recall_std,f1_mean,f1_std,roc_auc_mean,roc_auc_std,pr_auc_mean,pr_auc_std,FDR,Sig
0,SVM,5.632569499684727,3.8256641302543763,8.292897151603619,1.9857453062041224e-18,0.6981519120746763,0.8304093567251462,0.031310679150504915,0.5360873694207027,0.1002180595403398,0.44659498207885306,0.07295645878647698,0.4871053751876498,0.08441137472231894,0.7933568287377485,0.041887194942971114,0.4967746561874698,0.07769905864561544,3.971490612408245e-18,True
1,RandomForest,5.681157645841025,3.8626018337705994,8.355909717308643,1.0958007367092674e-18,0.6961758506473954,0.8362573099415204,0.026585149506795067,0.5507936507936507,0.08909415076015069,0.43584229390681006,0.10486061101382357,0.4846694484447891,0.09927474803273273,0.7618717158181812,0.05098169590765655,0.45952815789581153,0.09065330538530292,3.2874022101278025e-18,True
2,XGBoost,5.7394887171991815,3.9379052336619593,8.365292910876715,9.810845706604117e-20,0.7114385727190605,0.8284600389863547,0.037088299396570046,0.538974358974359,0.10158765966875934,0.48960573476702507,0.03360776536123596,0.5107921318447634,0.06525982839658938,0.7702396385992817,0.053146811980686326,0.439708557766993,0.07100298113062699,5.88650742396247e-19,True
3,LogisticRegression,5.0639709630659615,3.502648716466724,7.321259992250446,6.422828398713921e-18,0.7416440831074977,0.8245614035087719,0.02188103734955523,0.49408721359940877,0.06331488941629587,0.5774193548387097,0.20372868316485535,0.5233536087243236,0.13134702256324554,0.7833852628979602,0.0783353596802254,0.4904572458531811,0.12942354029968312,9.634242598070882e-18,True
4,ANN,2.790011206235801,1.8784027375063,4.144032786736313,3.712396207507667e-07,0.6188836193917495,0.7680311890838206,0.037088299396570046,0.3755799755799756,0.0725763783098613,0.36917562724014336,0.02534432907478665,0.3662167897462015,0.02020906635545806,0.7252991397123175,0.05775322808237882,0.37815027673774065,0.04812250814549254,3.712396207507667e-07,True
5,Ensemble (Mean),4.793107342366445,3.318660693165448,6.9226354001059045,6.517834596307662e-17,0.7263437217705511,0.8070175438596491,0.00827025475071988,0.4552149400986611,0.0393049291869781,0.5451612903225805,0.20321727239292595,0.48295354177707117,0.11966230283990682,0.7801854212286607,0.06396317439503994,0.4734284438299139,0.09942498700160009,7.821401515569194e-17,True
