,Model,HR,CI_lower,CI_upper,p,cindex,accuracy_mean,accuracy_std,precision_mean,precision_std,recall_mean,recall_std,f1_mean,f1_std,roc_auc_mean,roc_auc_std,pr_auc_mean,pr_auc_std,FDR,Sig
0,SVM,3.9007032278245153,2.5953444864241964,5.8626073537251795,5.839225383094863e-11,0.6981519120746763,0.8304093567251462,0.031310679150504915,0.5360873694207027,0.1002180595403398,0.44659498207885306,0.07295645878647698,0.4871053751876498,0.08441137472231894,0.7933568287377485,0.041887194942971114,0.4967746561874698,0.07769905864561544,5.839225383094863e-11,True
1,RandomForest,3.998310762095657,2.6476507828040434,6.037990000085724,4.40788331677482e-11,0.6961758506473954,0.8362573099415204,0.026585149506795067,0.5507936507936507,0.08909415076015069,0.43584229390681006,0.10486061101382357,0.4846694484447891,0.09927474803273273,0.7618717158181812,0.05098169590765655,0.45952815789581153,0.09065330538530292,5.289459980129784e-11,True
2,XGBoost,3.929005274752503,2.71017613749998,5.695970175308617,5.129495727350984e-13,0.7114385727190605,0.8284600389863547,0.037088299396570046,0.538974358974359,0.10158765966875934,0.48960573476702507,0.03360776536123596,0.5107921318447634,0.06525982839658938,0.7702396385992817,0.053146811980686326,0.439708557766993,0.07100298113062699,2.3405698428380646e-12,True
3,LogisticRegression,3.4820418586080524,2.475189704728945,4.898459088583827,7.801899476126882e-13,0.7416440831074977,0.8245614035087719,0.02188103734955523,0.49408721359940877,0.06331488941629587,0.5774193548387097,0.20372868316485535,0.5233536087243236,0.13134702256324554,0.7833852628979602,0.0783353596802254,0.4904572458531811,0.12942354029968312,2.3405698428380646e-12,True
4,ANN,3.2480601857191376,2.288425293398791,4.610111153938974,4.3001581150046804e-11,0.6964957844022884,0.8128654970760234,0.0334238366461642,0.4799004241194911,0.0839454887482843,0.5,0.09218509784667876,0.4893633202955237,0.08663556792907244,0.7516995130241527,0.07241127140077674,0.4413927596128961,0.08135077450007595,5.289459980129784e-11,True
5,Ensemble (Mean),3.006068835336974,2.2146653123866704,4.080277860606357,1.6593017696868392e-12,0.736939174947305,0.787524366471735,0.026297734041388004,0.4381131238212967,0.05263865906005074,0.6315412186379928,0.10688458104439166,0.5139751552795032,0.06104296602057299,0.7779969350662556,0.061576253768262014,0.47762688836432526,0.0981513982344782,3.3186035393736784e-12,True
