,Model,HR,CI_lower,CI_upper,p,cindex,accuracy_mean,accuracy_std,precision_mean,precision_std,recall_mean,recall_std,f1_mean,f1_std,roc_auc_mean,roc_auc_std,pr_auc_mean,pr_auc_std,Sig
0,SVM,2.8852113532113894,2.1297604371217633,3.9086295376722546,7.877938123910549e-12,0.6787291292948806,0.723617478351383,0.01219413866921611,0.4468574635241302,0.029636749646177497,0.4760394644115575,0.08122509184877184,0.45938009603509045,0.0510224361275032,0.7157486250065692,0.010489116631635648,0.46283820793664826,0.05753520990515932,True
1,RandomForest,3.815015220045671,2.7277337382427316,5.335689816468801,5.173336400708619e-15,0.6930453980957637,0.7542466724248665,0.0369946859500913,0.5511904761904762,0.1418516199631425,0.40045806906272025,0.04316455969130142,0.4500369123553036,0.019266379264839047,0.7063828413730775,0.005167226529362657,0.478001018091496,0.049741854995199494,True
2,XGBoost,4.166260934933138,2.964896371728315,5.854413781022531,2.0027769733016815e-16,0.6990478818821582,0.7562177485438398,0.03140084155103413,0.5472868217054264,0.11943551115572078,0.3927061310782241,0.04125556859666635,0.44643212085072553,0.01095568577183119,0.6910619530182817,0.01961465714516624,0.49492683913735375,0.06935591029976682,True
3,LogisticRegression,3.646892157627206,2.650108838085967,5.018594790608137,1.9759499501687524e-15,0.7186939423209604,0.7503709609549754,0.047699091226542555,0.5271020681029092,0.11994415543149523,0.4693446088794926,0.014129624845499237,0.4887469816092744,0.04411177257004358,0.7196165867389017,0.017624300546068877,0.47852269524713814,0.04780256196432798,True
4,ANN,3.144197164460038,2.340406139320059,4.224042845773189,2.849173849622076e-14,0.6929246584793708,0.7235731845060128,0.013200355531105561,0.45512860694958107,0.018970027722894325,0.530479210711769,0.04640004660980076,0.4884762271480085,0.020713788646985542,0.7051875457520761,0.011415695852823366,0.4574400367320155,0.03209629756943992,True
5,Ensemble,3.665890453442331,2.6413177904666725,5.087896982765273,8.00535199318197e-15,0.7009452187111909,0.7426527583992204,0.05820242462538322,0.5426723813820588,0.14114277796209665,0.4390415785764623,0.10071850443543784,0.4600812934146268,0.021495560041706975,0.7064966292953155,0.009946306478264746,0.48137765812998,0.049576057867872794,True
