,Model,HR,CI_lower,CI_upper,p,cindex,accuracy_mean,accuracy_std,precision_mean,precision_std,recall_mean,recall_std,f1_mean,f1_std,roc_auc_mean,roc_auc_std,pr_auc_mean,pr_auc_std,Sig
0,SVM,1.836703364446005,1.5774705339011512,2.13853709243273,4.809847717562397e-15,0.7693528356561335,0.7504374017230306,0.03851120291867484,0.5058201058201058,0.09449963558632551,0.45331219168428477,0.04908387452211057,0.477421450507914,0.06912413081380175,0.7137949363495254,0.012817606789211204,0.4757347736577659,0.07134225292807259,True
1,RandomForest,2.0024038213995934,1.707775697532468,2.347861648194853,1.2236159715958152e-17,0.7784600524354905,0.767712001417403,0.030151866054020777,0.6124098124098124,0.17978709326168407,0.35429880197322056,0.042678590374929555,0.43254267785935935,0.008355805961643918,0.7114162525444258,0.0036625533554011636,0.4878254991012782,0.057873041401445516,True
2,XGBoost,1.6032087461322388,1.3692356480913794,1.877162844290314,4.5107235502179036e-09,0.6903201324686077,0.758166677740128,0.030692642624072394,0.5972222222222222,0.12253747222284875,0.26885130373502464,0.12825836953378625,0.3368012867797721,0.12323451215008924,0.6931143047732787,0.025963058564117358,0.4836255980182558,0.07003668628908191,True
3,LogisticRegression,1.678619953205119,1.3647062595719193,2.064740985494,9.409488756933578e-07,0.772423071615841,0.731236019755055,0.061477198648467034,0.4912386642935842,0.11791813838302,0.5614869626497533,0.09505941259348641,0.5136900719275878,0.07491544749445651,0.7147169506036896,0.013616258855830218,0.4770163470738047,0.046981115624952254,True
4,ANN,1.729325813634072,1.4745758950081178,2.0280867060319614,1.6226496444780613e-11,0.7351662757002898,0.7197528403428345,0.007776739822586265,0.43173918479619905,0.014293323263022397,0.3773784355179704,0.04292153964846357,0.4005255129043305,0.019573088599348854,0.6942477044820379,0.007588303489533661,0.45024593000398266,0.016335674916459177,True
5,Ensemble,1.7506841124085213,1.5448033113029909,1.9840032960924159,1.7393746935084743e-18,0.7662136056299158,0.7735144951608973,0.02112938878698525,0.5842566704635671,0.07143578120565194,0.3687455954897816,0.08003672561995574,0.4437345609701325,0.06542589344456003,0.713553311591657,0.015554484352024996,0.49918130586814863,0.058600190355152966,True
