,Model,HR,CI_lower,CI_upper,p,cindex,accuracy_mean,accuracy_std,precision_mean,precision_std,recall_mean,recall_std,f1_mean,f1_std,roc_auc_mean,roc_auc_std,pr_auc_mean,pr_auc_std,Sig
0,SVM,2.9777158902565564,2.1427436489594314,4.13805539799048,8.084716475563049e-11,0.6887677659721264,0.7389652957721524,0.01174926080300517,0.4706349206349206,0.033715371797689755,0.4223044397463002,0.07350461174004656,0.44394968801169915,0.054832264649414014,0.6854086930289665,0.025873120424467634,0.45613276253895557,0.02541104609260908,True
1,RandomForest,3.849529009588543,2.767754023095046,5.354115095492668,1.166503291652639e-15,0.699979301780047,0.7543463335769495,0.025587982676964438,0.5247153209109731,0.06172265300431654,0.4150810429880198,0.08091726621230344,0.45393565646730205,0.04619678396649074,0.7169800050236762,0.042262221009385356,0.46885000353984413,0.04987237445852876,True
2,XGBoost,3.5806293797579203,2.511427203986909,5.105028222531119,1.8087278754121483e-12,0.6671726231544087,0.7639359510995947,0.01595872119335531,0.5296450296450296,0.06036685722986794,0.33738548273431995,0.11916804297781101,0.40519873639379456,0.10667400959565132,0.6915808731182422,0.04791257422790466,0.45774817829239556,0.05919368468761418,True
3,LogisticRegression,3.048457678638435,2.249659403781581,4.13088941500582,6.492500735233976e-13,0.6943735338760867,0.7044714636901203,0.06008222160742665,0.44049560521020864,0.07776419592703045,0.46159267089499645,0.0761164614956851,0.4397046399613793,0.03429639705819263,0.6715135935134161,0.040070064560473864,0.4300327247801092,0.04089573150767701,True
4,ANN,2.6452831770851315,1.9673222834316804,3.5568768502756667,1.202856815449798e-10,0.6598075065544363,0.6794565145173078,0.011941638373466993,0.3778837622005324,0.009990876685792854,0.43816067653276963,0.02765639630433642,0.40526624328285293,0.011727657929740488,0.6433032512785752,0.008997270157186162,0.413015221898182,0.0018496087931114528,True
5,Ensemble,4.522184756782527,3.166746835072847,6.457780188799276,1.0321513929352836e-16,0.6991858700151787,0.7677784421854584,0.027296084455515103,0.5462703599958502,0.08385189488364715,0.3761451726568006,0.08096673496980097,0.44454418820616004,0.08231009958786857,0.6976647871330988,0.04441927095266542,0.47050461495606255,0.05624358237070373,True
