,Model,HR,CI_lower,CI_upper,p,cindex,accuracy_mean,accuracy_std,precision_mean,precision_std,recall_mean,recall_std,f1_mean,f1_std,roc_auc_mean,roc_auc_std,pr_auc_mean,pr_auc_std,Sig
0,SVM,2.9920098461953875,2.12193521258105,4.218848373245613,4.0734267818427363e-10,0.6677418242031186,0.7332070958740283,0.021125813611948225,0.4595393713040772,0.051995445369035644,0.36116983791402396,0.05832396484893936,0.40146520146520154,0.04846252134371057,0.688742744325915,0.028437953782306537,0.4484090886542931,0.020905071263481748,True
1,RandomForest,3.4586584348392515,2.5292431117133405,4.729603933083871,7.774297917797903e-15,0.6993411066648269,0.7275485571279869,0.05294417230605382,0.49125833908442607,0.09964783426683346,0.44591261451726566,0.08827781290702494,0.4488589271388745,0.028220400784028404,0.707436137446789,0.05625985519898339,0.4791795922148154,0.06720131700546823,True
2,XGBoost,3.0973480843379027,1.9330984952763808,4.962791693746602,2.597673009621801e-06,0.6020422243687042,0.7485659867561402,0.009603289766496093,0.28654970760233917,0.21739918474200123,0.17477096546863988,0.19987028716909186,0.20106316447779862,0.2081570081982687,0.681891364449504,0.025220237954865075,0.4469606582557968,0.061074435723615005,True
3,LogisticRegression,3.290704078263803,2.4125498621466024,4.488501357259824,5.4536718504386857e-14,0.6766593072995722,0.7293646047881647,0.028164673559606362,0.4626265890971773,0.058742911370871335,0.4230091613812544,0.05730442143818126,0.4375761036653774,0.03745200164998753,0.6696073794245284,0.0459923366618253,0.42662599279464564,0.04455140579162435,True
4,ANN,2.366262363846212,1.756849467129693,3.187067349431437,1.4371494344620603e-08,0.6672243687042915,0.6774854383983345,0.021403422476602627,0.3879215601334874,0.020765382568684557,0.492600422832981,0.03293395756320766,0.43250468964593175,0.003533170707747853,0.6272174730411905,0.03154289762864657,0.40137918892146596,0.04517005966853688,True
5,Ensemble,3.5913487231803085,2.437421276937488,5.291570141577795,1.010963182884896e-10,0.6553056437146405,0.7562398954665249,0.021127786997651415,0.5223410576351752,0.06531630400386719,0.29880197322057783,0.12862666077638582,0.3637357062014596,0.11875699367349353,0.7002592945252273,0.03464796352867303,0.4691489827314525,0.06128289335482931,True
