,Model,HR,CI_lower,CI_upper,p,cindex,accuracy_mean,accuracy_std,precision_mean,precision_std,recall_mean,recall_std,f1_mean,f1_std,roc_auc_mean,roc_auc_std,pr_auc_mean,pr_auc_std,Sig
0,SVM,1.7131591660155723,1.4834948486940875,1.9783785098322115,2.294793483458662e-13,0.7216261901476473,0.7543463335769495,0.025587982676964438,0.5104761904761905,0.07825767079685385,0.35306553911205074,0.07422696190252054,0.41562031436469155,0.07254062961433055,0.6743325369523666,0.06625697840654599,0.42920324743221255,0.05553838171754324,True
1,RandomForest,1.9318740357467328,1.6260700678660491,2.295188481570286,6.915514486666835e-14,0.7658341382641093,0.7562731158505526,0.013760200489118189,0.5158196611978124,0.03942433507485682,0.4452078928823115,0.08747246404187745,0.4729907496147001,0.05008881680447906,0.713607314042251,0.056247875788177075,0.47478678553184167,0.051082176774767916,True
2,XGBoost,1.5744703451144542,1.310743171563532,1.8912605622715408,1.2164031634304971e-06,0.7107078791223955,0.7678005891081434,0.020692865539632246,0.5275764895330113,0.1148722932059158,0.2910500352360817,0.1623125541999637,0.357397504456328,0.17054175649277992,0.7039460790703468,0.07389042350297581,0.469218216074571,0.08482804964666443,True
3,LogisticRegression,1.6611659409621542,1.3960651821275176,1.9766070515471297,1.0569939999852797e-08,0.7414447357527253,0.7178703519146015,0.024599334849966098,0.43588546529723,0.04168059511066635,0.44520789288231155,0.1219120054277445,0.4324445497364728,0.0768690656836019,0.6825953826042589,0.06384655288581273,0.43905047689415744,0.03137611273201883,True
4,ANN,1.3230213234612331,1.1441756431752004,1.5298223072426367,0.0001583696694619877,0.6716572374775769,0.742785639935331,0.006138813771512981,0.4781238413051539,0.0200239634524244,0.3306906272022551,0.007225544980412196,0.39089089089089085,0.011124179565011447,0.6586510994774798,0.049041774508458605,0.41029323383598637,0.04151239062288861,True
5,Ensemble,1.849863612460115,1.6313599933464076,2.097633507417606,8.704258224701888e-22,0.7682489305919691,0.750525989413771,0.020654181387649035,0.49761724553583947,0.08200680548292086,0.3523608174770965,0.141720904994591,0.40006660006660005,0.10399932541602643,0.7078859199265732,0.06714754487108707,0.47039026043640836,0.0679447732207008,True
