,Model,HR,CI_lower,CI_upper,p,cindex,accuracy_mean,accuracy_std,precision_mean,precision_std,recall_mean,recall_std,f1_mean,f1_std,roc_auc_mean,roc_auc_std,pr_auc_mean,pr_auc_std,Sig
0,SVM,1.671985093933354,1.4451601501398517,1.9344113204787692,4.840616867856296e-12,0.7145715468469711,0.7485881336788253,0.025581737738618937,0.501895505927764,0.08244115162498389,0.3074348132487667,0.02550298896626529,0.38031848479609676,0.0429092803709764,0.668065030123436,0.07040513398927829,0.4185558314780576,0.0636650740377708,True
1,RandomForest,1.920105794749888,1.629343707821437,2.2627553936803513,6.864138145179634e-15,0.7668690492617635,0.7543352601156069,0.031111393648789128,0.5223622782446311,0.06948626427162143,0.44591261451726566,0.07006090358327503,0.4740886290902792,0.04474594423806171,0.7101669441275335,0.05897260914967577,0.456839245293416,0.053479838961049665,True
2,XGBoost,1.5697537380162572,1.3884931453116707,1.774676962818493,5.897649691513801e-13,0.7069821995308403,0.7620313157486768,0.01912866008098948,0.51723259762309,0.06915066101789048,0.3682170542635659,0.1330310255948102,0.4227868421416809,0.1174686789290864,0.7009465429534664,0.0298662522603236,0.446646134214514,0.06407934175705486,True
3,LogisticRegression,1.4526447207046023,1.1899214027707072,1.7733748461683685,0.000244158316744163,0.7391679315578861,0.7255442606249861,0.02650903847555374,0.4549808429118774,0.0343494656648297,0.414200140944327,0.11254522551576482,0.42284900284900284,0.04892475391045414,0.6806186963518758,0.05402470604962261,0.44788393153837935,0.01739801366429817,True
4,ANN,1.5702019374335248,1.3433691417220341,1.8353362808077331,1.4445827476524509e-08,0.7068442113978198,0.6852700817221447,0.07269792057650315,0.42387578140754184,0.08289850036164861,0.4918957011980267,0.10221622315644463,0.4388888888888889,0.043744488188954496,0.6591275107518673,0.04924176221740544,0.41371074330439006,0.03812520974073615,True
5,Ensemble,1.868956300644827,1.612345075253418,2.166408238119244,1.0475564503087606e-16,0.7631433696702083,0.750525989413771,0.02710848926217048,0.5190551202863104,0.06608522526895239,0.4455602536997885,0.10138352099046533,0.4656069128556289,0.05258530739548747,0.7088027098057278,0.04420935305221414,0.45875440552706537,0.05914754986513461,True
