,Model,HR,CI_lower,CI_upper,p,cindex,accuracy_mean,accuracy_std,precision_mean,precision_std,recall_mean,recall_std,f1_mean,f1_std,roc_auc_mean,roc_auc_std,pr_auc_mean,pr_auc_std,Sig
0,SVM,1.7131591660155723,1.4834948486940875,1.9783785098322115,2.294793483458662e-13,0.7216261901476473,0.7543463335769495,0.025587982676964438,0.5104761904761905,0.07825767079685385,0.35306553911205074,0.07422696190252054,0.41562031436469155,0.07254062961433055,0.6743325369523666,0.06625697840654599,0.42920324743221255,0.05553838171754324,True
1,RandomForest,1.9318740357467328,1.6260700678660491,2.295188481570286,6.915514486666835e-14,0.7658341382641093,0.7562731158505526,0.013760200489118189,0.5158196611978124,0.03942433507485682,0.4452078928823115,0.08747246404187745,0.4729907496147001,0.05008881680447906,0.713607314042251,0.056247875788177075,0.47478678553184167,0.051082176774767916,True
2,XGBoost,1.5744703451144542,1.310743171563532,1.8912605622715408,1.2164031634304971e-06,0.7107078791223955,0.7678005891081434,0.020692865539632246,0.5275764895330113,0.1148722932059158,0.2910500352360817,0.1623125541999637,0.357397504456328,0.17054175649277992,0.7039460790703468,0.07389042350297581,0.469218216074571,0.08482804964666443,True
3,LogisticRegression,1.6611659409621542,1.3960651821275176,1.9766070515471297,1.0569939999852797e-08,0.7414447357527253,0.7178703519146015,0.024599334849966098,0.43588546529723,0.04168059511066635,0.44520789288231155,0.1219120054277445,0.4324445497364728,0.0768690656836019,0.6825953826042589,0.06384655288581273,0.43905047689415744,0.03137611273201883,True
4,ANN,1.5881654415861843,1.365368046856059,1.8473183663968844,1.996937604648823e-09,0.710086932523803,0.7005957522202291,0.047496400577613784,0.4254845311183339,0.05567596849286039,0.45278365045806906,0.09812979906056878,0.4279920856803147,0.027041524392754823,0.6499255966236261,0.038672179912093305,0.4034920121223466,0.016934529419795247,True
5,Ensemble,1.847323514183877,1.5909877831620987,2.1449593781757996,8.112285878117627e-16,0.7611770387746654,0.7543684804996346,0.01836946059689986,0.5089443184681279,0.061978299265393985,0.3678646934460888,0.14675817472862715,0.4118556571227116,0.10846233276830289,0.704554713586313,0.0628194076955802,0.4655472454615415,0.06523441039901258,True
