,Model,HR,CI_lower,CI_upper,p,cindex,accuracy_mean,accuracy_std,precision_mean,precision_std,recall_mean,recall_std,f1_mean,f1_std,roc_auc_mean,roc_auc_std,pr_auc_mean,pr_auc_std,Sig
0,SVM,2.869081269802216,2.0308803435799403,4.053231082152073,2.248824530819537e-09,0.6264143783634607,0.7485881336788253,0.025581737738618937,0.501895505927764,0.08244115162498389,0.3074348132487667,0.02550298896626529,0.38031848479609676,0.0429092803709764,0.668065030123436,0.07040513398927829,0.4185558314780576,0.0636650740377708,True
1,RandomForest,3.6814147983561103,2.6760750826417907,5.064437468688725,1.1571139302962089e-15,0.7037567269214847,0.7543352601156069,0.031111393648789128,0.5223622782446311,0.06948626427162143,0.44591261451726566,0.07006090358327503,0.4740886290902792,0.04474594423806171,0.7101669441275335,0.05897260914967577,0.456839245293416,0.053479838961049665,True
2,XGBoost,3.253426142007419,2.3308737950230665,4.541121739022567,4.096498596298254e-12,0.6634986891127364,0.7620313157486768,0.01912866008098948,0.51723259762309,0.06915066101789048,0.3682170542635659,0.1330310255948102,0.4227868421416809,0.1174686789290864,0.7009465429534664,0.0298662522603236,0.446646134214514,0.06407934175705486,True
3,LogisticRegression,3.205789848757074,2.335467630208835,4.400441445414057,5.655772509032582e-13,0.6861804884779908,0.7255442606249861,0.02650903847555374,0.4549808429118774,0.0343494656648297,0.414200140944327,0.11254522551576482,0.42284900284900284,0.04892475391045414,0.6806186963518758,0.05402470604962261,0.44788393153837935,0.01739801366429817,True
4,ANN,2.359373100006309,1.7638718416156658,3.1559217023014927,7.302201297910825e-09,0.6518904374223817,0.6852700817221447,0.07269792057650315,0.42387578140754184,0.08289850036164861,0.4918957011980267,0.10221622315644463,0.4388888888888889,0.043744488188954496,0.6591275107518673,0.04924176221740544,0.41371074330439006,0.03812520974073615,True
5,Ensemble,3.5518643308948983,2.6035193847304994,4.845648662757841,1.2660851552703522e-15,0.6883365530564372,0.750525989413771,0.02710848926217048,0.5190551202863104,0.06608522526895239,0.4455602536997885,0.10138352099046533,0.4656069128556289,0.05258530739548747,0.7088027098057278,0.04420935305221414,0.45875440552706537,0.05914754986513461,True
