,Model,HR,CI_lower,CI_upper,p,cindex,accuracy_mean,accuracy_std,precision_mean,precision_std,recall_mean,recall_std,f1_mean,f1_std,roc_auc_mean,roc_auc_std,pr_auc_mean,pr_auc_std,Sig
0,SVM,3.369236267205187,2.3832237521920314,4.763192299426218,6.1494486785694486e-12,0.6665861735890714,0.7543463335769495,0.025587982676964438,0.5104761904761905,0.07825767079685385,0.35306553911205074,0.07422696190252054,0.41562031436469155,0.07254062961433055,0.6743325369523666,0.06625697840654599,0.42920324743221255,0.05553838171754324,True
1,RandomForest,3.9501426269412305,2.863904742600509,5.448374920113306,5.611885639023257e-17,0.7116737960535394,0.7562731158505526,0.013760200489118189,0.5158196611978124,0.03942433507485682,0.4452078928823115,0.08747246404187745,0.4729907496147001,0.05008881680447906,0.713607314042251,0.056247875788177075,0.47478678553184167,0.051082176774767916,True
2,XGBoost,3.057207225132034,2.04228890382452,4.576490622799071,5.664046716491911e-08,0.6345901752449289,0.7678005891081434,0.020692865539632246,0.5275764895330113,0.1148722932059158,0.2910500352360817,0.1623125541999637,0.357397504456328,0.17054175649277992,0.7039460790703468,0.07389042350297581,0.469218216074571,0.08482804964666443,True
3,LogisticRegression,3.025513826416476,2.2100564685535633,4.141855216861583,4.883186937963679e-12,0.6916482682489306,0.7178703519146015,0.024599334849966098,0.43588546529723,0.04168059511066635,0.44520789288231155,0.1219120054277445,0.4324445497364728,0.0768690656836019,0.6825953826042589,0.06384655288581273,0.43905047689415744,0.03137611273201883,True
4,ANN,2.5499597280851485,1.7990029160567966,3.614388035072423,1.4460963498775407e-07,0.6342797019456327,0.742785639935331,0.006138813771512981,0.4781238413051539,0.0200239634524244,0.3306906272022551,0.007225544980412196,0.39089089089089085,0.011124179565011447,0.6586510994774798,0.049041774508458605,0.41029323383598637,0.04151239062288861,True
5,Ensemble,3.6348491793190862,2.576126467892776,5.128680102108462,2.0254807123620707e-13,0.6732096039740583,0.750525989413771,0.020654181387649035,0.49761724553583947,0.08200680548292086,0.3523608174770965,0.141720904994591,0.40006660006660005,0.10399932541602643,0.7078859199265732,0.06714754487108707,0.47039026043640836,0.0679447732207008,True
