,Model,HR,CI_lower,CI_upper,p,cindex,accuracy_mean,accuracy_std,precision_mean,precision_std,recall_mean,recall_std,f1_mean,f1_std,roc_auc_mean,roc_auc_std,pr_auc_mean,pr_auc_std,Sig
0,SVM,1.7119081901100757,1.4821544789388081,1.9772767906515554,2.6391057133356986e-13,0.7214537049813716,0.7524195513033464,0.02020763189995865,0.5066150115960363,0.06209853897332024,0.3454897815362932,0.061043397248310136,0.4088635133411253,0.05736967585295803,0.6744276257501891,0.06631684216435606,0.4281082308814677,0.05500493746899618,True
1,RandomForest,1.904349026705118,1.6106914094562612,2.251545636998823,4.7609258257705995e-14,0.7563129570856907,0.7543463335769496,0.011237146479020627,0.5121159574941088,0.034714097329323845,0.4297040169133193,0.09837778985041369,0.46059675091933155,0.05473125951728504,0.7128480520012563,0.060314002187866714,0.47372844969405303,0.05115419441421806,True
2,XGBoost,1.5885186388840942,1.339235842894681,1.8842024572968494,1.0737992547721446e-07,0.7153304815785843,0.7427302726286182,0.03120760352683722,0.4490740740740741,0.09510480826006547,0.29087385482734324,0.16816380791066127,0.33235914619012163,0.16703185162181203,0.6710098292736317,0.057656426515612015,0.43141130129891386,0.07177464310103879,True
3,LogisticRegression,1.6573059372408654,1.3940916904690641,1.9702168719545736,1.0336159045102683e-08,0.7406513039878571,0.7178703519146015,0.024599334849966098,0.43588546529723,0.04168059511066635,0.44520789288231155,0.1219120054277445,0.4324445497364728,0.0768690656836019,0.6818233751573003,0.06408085688539278,0.4388767911189207,0.03155300214331451,True
4,ANN,1.5383527222614624,1.3334253350849485,1.774774361804433,3.527215407622843e-09,0.7015316682765282,0.6392487763825218,0.07002075953789515,0.3643099039325454,0.04782990690316042,0.5236081747709654,0.07503217282145831,0.42200566317349425,0.01430957387610383,0.6494342674308945,0.029628922324190135,0.3929134082874366,0.02461139458748091,True
5,Ensemble,1.6583918892564906,1.4654959628183728,1.8766777446882452,1.0761159247787288e-15,0.7503104732992962,0.756284189311895,0.018413291685878554,0.5180388529139686,0.07119228813179601,0.3678646934460888,0.1311918396416642,0.4182484182484183,0.09172612898927472,0.6861647687184701,0.05496071714615569,0.45201847640617226,0.057867299804190725,True
