,Model,HR,CI_lower,CI_upper,p,cindex,accuracy_mean,accuracy_std,precision_mean,precision_std,recall_mean,recall_std,f1_mean,f1_std,roc_auc_mean,roc_auc_std,pr_auc_mean,pr_auc_std,Sig
0,SVM,1.7235522185222905,1.4943848042974943,1.9878629931395708,7.517053902615149e-14,0.7372360976955982,0.7312803136004252,0.025893337747136334,0.4672212319271143,0.056905359075296646,0.42318534178999295,0.0485056374134468,0.4398014231033353,0.02597978645798818,0.7125703635378763,0.031247058612582514,0.4609589650973767,0.027283312753798666,True
1,RandomForest,1.845726068934949,1.5826211664396062,2.1525711861986916,5.687525907666802e-15,0.7498620118669794,0.7505038424910858,0.022892072118074175,0.5231926188068756,0.057521216212445464,0.3144820295983087,0.09124750587963483,0.3786019162991694,0.054847939036184214,0.7119433557743516,0.014868568460294303,0.4721532249754384,0.02098157517226838,True
2,XGBoost,1.611090807642544,1.35566462307787,1.9146428595129106,6.130069362898177e-08,0.7317510694080309,0.7332292427967134,0.022873970680527343,0.421455938697318,0.06837765631254693,0.31342494714587743,0.22386991573134787,0.3148777478035089,0.19461567867574472,0.727820200392542,0.03759723772284949,0.4694548221269108,0.033875107396017234,True
3,LogisticRegression,1.2878100525996723,1.1255030642176702,1.4735230709740907,0.00023312895603224464,0.6809024423899545,0.7197749872655196,0.01421297635957723,0.44181617503841414,0.028685235197110512,0.46124031007751937,0.03334234599628924,0.45074764205198986,0.027088874990037662,0.6715612749875133,0.04688908832933649,0.42344677836421535,0.034256271445874405,True
4,ANN,1.5523211696747843,1.3228851184853994,1.8215497174685966,7.085053865241623e-08,0.6833172347178142,0.7255110402409585,0.02426427603428392,0.44166666666666665,0.06337538882955317,0.39940098661028894,0.0727012678103298,0.4189542483660131,0.06811824784660861,0.6717169923986895,0.040909669809600424,0.4487305407007873,0.052710029776642214,True
5,Ensemble,1.7300777483322058,1.4993104970378428,1.9963636759615693,6.155029714693565e-14,0.7548985787222299,0.7352003189156866,0.027934781062074966,0.4841213553979511,0.07086787621533323,0.4149048625792812,0.06479464188912744,0.43708903037261243,0.018196836353245024,0.7297000339739554,0.02658188216211241,0.4762812375694592,0.028332874253627852,True
