,Model,HR,CI_lower,CI_upper,p,cindex,accuracy_mean,accuracy_std,precision_mean,precision_std,recall_mean,recall_std,f1_mean,f1_std,roc_auc_mean,roc_auc_std,pr_auc_mean,pr_auc_std,Sig
0,SVM,2.608046856149891,1.8670492554081908,3.6431328119333606,1.8969649875503066e-08,0.6698806402649372,0.7312803136004252,0.025893337747136334,0.4672212319271143,0.056905359075296646,0.42318534178999295,0.0485056374134468,0.4398014231033353,0.02597978645798818,0.7125703635378763,0.031247058612582514,0.4609589650973767,0.027283312753798666,True
1,RandomForest,3.5627233330312027,2.4552158370901167,5.16980925097343,2.2553367705430516e-11,0.6598592521043191,0.7505038424910858,0.022892072118074175,0.5231926188068756,0.057521216212445464,0.3144820295983087,0.09124750587963483,0.3786019162991694,0.054847939036184214,0.7119433557743516,0.014868568460294303,0.4721532249754384,0.02098157517226838,True
2,XGBoost,2.885689967758188,1.9414733664605521,4.289117086989124,1.5970308210993094e-07,0.6454222436870429,0.7332292427967134,0.022873970680527343,0.421455938697318,0.06837765631254693,0.31342494714587743,0.22386991573134787,0.3148777478035089,0.19461567867574472,0.727820200392542,0.03759723772284949,0.4694548221269108,0.033875107396017234,True
3,LogisticRegression,2.3712048647248345,1.7268121587866434,3.25606492975211,9.490259511416698e-08,0.6592383055057265,0.7197749872655196,0.01421297635957723,0.44181617503841414,0.028685235197110512,0.46124031007751937,0.03334234599628924,0.45074764205198986,0.027088874990037662,0.6715612749875133,0.04688908832933649,0.42344677836421535,0.034256271445874405,True
4,ANN,2.4100846406170153,1.713174230227507,3.3904945991200712,4.3863515165549424e-07,0.6548571822823237,0.7255110402409585,0.02426427603428392,0.44166666666666665,0.06337538882955317,0.39940098661028894,0.0727012678103298,0.4189542483660131,0.06811824784660861,0.6717169923986895,0.040909669809600424,0.4487305407007873,0.052710029776642214,True
5,Ensemble,3.1904730150487217,2.2449238264677853,4.534282161266086,9.855730729325645e-11,0.6941665516765558,0.7352003189156866,0.027934781062074966,0.4841213553979511,0.07086787621533323,0.4149048625792812,0.06479464188912744,0.43708903037261243,0.018196836353245024,0.7297000339739554,0.02658188216211241,0.4762812375694592,0.028332874253627852,True
