,Model,HR,CI_lower,CI_upper,p,cindex,accuracy_mean,accuracy_std,precision_mean,precision_std,recall_mean,recall_std,f1_mean,f1_std,roc_auc_mean,roc_auc_std,pr_auc_mean,pr_auc_std,Sig
0,SVM,1.7087917850993743,1.470934802152832,1.9851113458934382,2.4518201079341815e-12,0.7292672830136608,0.7197749872655196,0.028223022836759985,0.4417277167277167,0.057012406146617824,0.4076814658210007,0.00954631232145461,0.4219782481591681,0.025075993680239047,0.7063564919014945,0.030916852802154705,0.4604116691181845,0.037569212669988195,True
1,RandomForest,1.930309197664914,1.6622015000494648,2.2416617952028566,6.6882783698025796e-18,0.7527597626604112,0.7370828073439196,0.01845224794590687,0.4755693193193193,0.028606659044135035,0.44538407329105006,0.08030735159301311,0.4549319727891157,0.039309634323419176,0.7164219072837925,0.02008183269654334,0.47102642712268045,0.04271105319279913,True
2,XGBoost,1.2439243045283819,1.085694913569141,1.4252140781516869,0.001664061821049821,0.6539947564509452,0.7543463335769496,0.011237146479020627,0.5102455396573043,0.0217924991440849,0.47621564482029594,0.07099392822868501,0.48929141034404194,0.03542087356085524,0.7243337214888785,0.020483387980745563,0.49211272770290876,0.02770023994222431,True
3,LogisticRegression,1.542236625915021,1.3392536781608058,1.7759845271286687,1.7770915884043032e-09,0.7114668138540086,0.7331960224126858,0.02371414775337401,0.4601889338731444,0.059371549007986316,0.4071529245947851,0.05309377194068641,0.43204918439188855,0.056058771924086294,0.6820682586837389,0.049114014220326734,0.4283246470357207,0.0382863958483033,True
4,ANN,1.546236404463828,1.33816483968087,1.7866610656572053,3.4127410817317297e-09,0.6759348696012143,0.7178482049919164,0.023475090344241393,0.43676603432700994,0.055033497184008455,0.46141649048625794,0.08617977743150862,0.4467867703302851,0.06344288338168844,0.6853168785176598,0.025133564180883663,0.42611059957731556,0.037244369900278296,True
5,Ensemble,1.9541994625484038,1.683306178018507,2.2686874136705533,1.3685850381786125e-18,0.7624189319718504,0.7658738068345404,0.01851275428611791,0.5490796960323824,0.048524003730834105,0.4149048625792812,0.04511113041127668,0.46869210152357316,0.017218898575705018,0.7327456894250788,0.011232184026249892,0.49128130912964885,0.035968635848545996,True
