,Model,HR,CI_lower,CI_upper,p,cindex,accuracy_mean,accuracy_std,precision_mean,precision_std,recall_mean,recall_std,f1_mean,f1_std,roc_auc_mean,roc_auc_std,pr_auc_mean,pr_auc_std,Sig
0,SVM,1.7087917850993743,1.470934802152832,1.9851113458934382,2.4518201079341815e-12,0.7292672830136608,0.7197749872655196,0.028223022836759985,0.4417277167277167,0.057012406146617824,0.4076814658210007,0.00954631232145461,0.4219782481591681,0.025075993680239047,0.7063564919014945,0.030916852802154705,0.4604116691181845,0.037569212669988195,True
1,RandomForest,1.930309197664914,1.6622015000494648,2.2416617952028566,6.6882783698025796e-18,0.7527597626604112,0.7370828073439196,0.01845224794590687,0.4755693193193193,0.028606659044135035,0.44538407329105006,0.08030735159301311,0.4549319727891157,0.039309634323419176,0.7164219072837925,0.02008183269654334,0.47102642712268045,0.04271105319279913,True
2,XGBoost,1.2439243045283819,1.085694913569141,1.4252140781516869,0.001664061821049821,0.6539947564509452,0.7543463335769496,0.011237146479020627,0.5102455396573043,0.0217924991440849,0.47621564482029594,0.07099392822868501,0.48929141034404194,0.03542087356085524,0.7243337214888785,0.020483387980745563,0.49211272770290876,0.02770023994222431,True
3,LogisticRegression,1.542236625915021,1.3392536781608058,1.7759845271286687,1.7770915884043032e-09,0.7114668138540086,0.7331960224126858,0.02371414775337401,0.4601889338731444,0.059371549007986316,0.4071529245947851,0.05309377194068641,0.43204918439188855,0.056058771924086294,0.6820682586837389,0.049114014220326734,0.4283246470357207,0.0382863958483033,True
4,ANN,1.4163012401981436,1.207499429149289,1.6612092350221719,1.8946115114255663e-05,0.6737615565061404,0.6832879321418289,0.008599753027259658,0.36336653409824143,0.04274868108454499,0.39252995066948554,0.14387026372670872,0.37044219872656114,0.08524283661009921,0.6642454223095089,0.04421161946617476,0.40948782598906996,0.07004944329649414,True
5,Ensemble,1.9240288955702642,1.652582920109454,2.240061388716366,3.343554281086928e-17,0.7592797019456327,0.750525989413771,0.02710848926217048,0.514423076923077,0.05192901200647324,0.4223044397463002,0.08052697506012206,0.454987922705314,0.03478482698911282,0.7260268121132669,0.02039138319544856,0.4829335026485377,0.0415635619323306,True
