,Model,HR,CI_lower,CI_upper,p,cindex,accuracy_mean,accuracy_std,precision_mean,precision_std,recall_mean,recall_std,f1_mean,f1_std,roc_auc_mean,roc_auc_std,pr_auc_mean,pr_auc_std,Sig
0,SVM,1.4378521820548458,1.0794937845503825,1.9151744336360192,0.013029461746408741,0.5602663170967297,0.5549686621044007,0.20144531591769282,0.3442460317460317,0.09702969274856187,0.5616631430584919,0.10506262791640912,0.4061460108518932,0.06547176170209638,0.5741977946309563,0.14638847160058166,0.3329118521929086,0.09348002890433171,True
1,RandomForest,3.652054588082008,2.5086657746167864,5.316572199167595,1.3779186731489606e-11,0.7120532634193459,0.75626204238921,0.011312406604655658,0.5142857142857142,0.03138255142669113,0.4076814658210008,0.02849986998434277,0.4547674547674548,0.02961810784745958,0.6696201869022747,0.031102616884971936,0.42630871593875197,0.02725988941594393,True
2,XGBoost,2.2816488150677303,1.586009239530427,3.2824028924581206,8.763926091663012e-06,0.626604112046364,0.7427191991672757,0.03202192679374369,0.33479132494988156,0.2452476415008334,0.33016208597603947,0.24382706610917074,0.3233986928104575,0.2287152900988172,0.6670554429297549,0.021441136059686623,0.45948550002118455,0.04443440088507877,True
3,LogisticRegression,2.826708608671239,1.9404331473742789,4.117782449319752,6.175346527708642e-08,0.6715020008279288,0.7255110402409586,0.00618579448915217,0.43692528735632186,0.009511016760595044,0.3387949260042284,0.04183830322867504,0.3797120903706149,0.02229182417870577,0.6717158026895289,0.002704120483484347,0.42310627661703637,0.032057584317579345,True
4,ANN,2.218520581076029,1.6155419394643187,3.0465526449222993,8.474742066542418e-07,0.6382641092866014,0.6890239851172679,0.014857275917180644,0.38501683501683504,0.006704480724491535,0.4085623678646934,0.09819209255850682,0.39020930525784897,0.04455746261099169,0.6399648446115693,0.021486579056214077,0.3970601946438895,0.01710151559642117,True
5,Ensemble,3.6807587892938463,2.415390609360029,5.609024566239211,1.336461712279091e-09,0.6899234165861736,0.7639248776382521,0.004161824584662063,0.5427956989247312,0.016801741922257734,0.33809020436927417,0.03543022624864775,0.4158169934640523,0.029118949084391783,0.6749470010432198,0.028164227781725833,0.4309094047070343,0.009199615442839272,True
