,Model,HR,CI_lower,CI_upper,p,cindex,accuracy_mean,accuracy_std,precision_mean,precision_std,recall_mean,recall_std,f1_mean,f1_std,roc_auc_mean,roc_auc_std,pr_auc_mean,pr_auc_std,Sig
0,SVM,1.207544375743942,0.8752644442696546,1.665968986787255,0.2507374581827914,0.5432075341520629,0.6086306557703807,0.1337173594915215,0.3062807881773399,0.09466948840781172,0.30743481324876676,0.025502988966265294,0.2941136556403732,0.04635759574638872,0.5229933744579581,0.13964778094289815,0.3148406250961812,0.09225758530044814,False
1,RandomForest,3.243983289584525,2.3549462985810963,4.468648643684238,5.960306456821425e-13,0.6848868497309232,0.7255331871636436,0.01421514168111057,0.44958592132505176,0.029669177719699347,0.4156095842142354,0.02275525316521857,0.43036032624310355,0.0027633229434526965,0.6620956488922048,0.03178569149287842,0.45218149742888847,0.057048301617993444,True
2,XGBoost,3.286998521282578,2.383767310718369,4.532472288856862,3.8956707565315103e-13,0.6933041258451773,0.7237060660421234,0.06100045922645873,0.47215836526181354,0.10262971798628379,0.42353770260747003,0.04340764931482591,0.4383330567062864,0.05327327020959732,0.6727888789711974,0.04653229595862186,0.46459998814285,0.07052309385562103,True
3,LogisticRegression,2.9240489134408403,2.0209360388165707,4.230743518830683,1.2494791555325653e-08,0.6766593072995722,0.727426749053219,0.007897000739199859,0.44375000000000003,0.018399501804849686,0.35394644115574353,0.029937193834523666,0.39256957655182134,0.014900560298970906,0.6737160555285887,0.004222126864011116,0.4252513702515701,0.030523898246454746,True
4,ANN,2.3848931994820672,1.726261282472985,3.29481732034665,1.358127351072058e-07,0.6365565061404719,0.6795340287467057,0.04585035902564775,0.35547328687572594,0.10027016773457016,0.36134601832276253,0.11529496862206032,0.3577677224736049,0.10625254883982536,0.6193709686963725,0.0657923212337334,0.38303423982245355,0.07697848653413751,True
5,Ensemble,3.5157357893948813,2.5305861722223946,4.884401201788352,6.65719183947244e-14,0.6974265213191666,0.742785639935331,0.015357793077243935,0.4850916172920781,0.04661148301663515,0.4156095842142354,0.08791420049383401,0.44222222222222224,0.05230489909306586,0.6577599348991147,0.0491031119330289,0.4478045559545734,0.05527875423308642,True
