,Model,HR,CI_lower,CI_upper,p,cindex,accuracy_mean,accuracy_std,precision_mean,precision_std,recall_mean,recall_std,f1_mean,f1_std,roc_auc_mean,roc_auc_std,pr_auc_mean,pr_auc_std,Sig
0,SVM,1.5295671562625184,1.302994178182428,1.7955380957883689,2.040845867074222e-07,0.6404374223816752,0.55305295329214,0.20006867729172573,0.34263182674199627,0.09564379559294348,0.5692389006342494,0.10443828406391079,0.40795830858652105,0.0675337786665803,0.5726175918879628,0.14523432019000485,0.3317837996050243,0.09267475346948839,True
1,RandomForest,1.83819856757941,1.5477922048971602,2.1830927712131123,3.950080648414095e-12,0.7438250310473299,0.7600934600137311,0.009344807357285025,0.5264765885455541,0.02965726626501015,0.39252995066948554,0.03505237523733866,0.4488627610473321,0.027999781999092126,0.6713979124018179,0.03546738041300528,0.42913116410799085,0.025928316195761185,True
2,XGBoost,1.1781930910424847,1.0262315272932794,1.3526567084150187,0.01993960856574995,0.6323478680833449,0.7369609992691516,0.030631427900712833,0.49066358024691353,0.058877147838278424,0.36134601832276253,0.1340900745982671,0.39227957914694306,0.08235901636904075,0.655256512674851,0.02826808703546928,0.4261529989375097,0.049068997856926345,True
3,LogisticRegression,1.7257709155916794,1.4518502687584733,2.051372181546639,6.093744975621862e-10,0.7358562163653926,0.7255110402409586,0.00618579448915217,0.43692528735632186,0.009511016760595044,0.3387949260042284,0.04183830322867504,0.3797120903706149,0.02229182417870577,0.6717158026895289,0.002704120483484347,0.42310627661703637,0.032057584317579345,True
4,ANN,1.4365394856013813,1.2398490680759673,1.664432991746572,1.4239472346141157e-06,0.6787636263281358,0.7427302726286182,0.03120760352683722,0.4881024119655742,0.08583459720368149,0.39904862579281186,0.09197528568984395,0.4334332334332334,0.07053849460708292,0.6373799066192107,0.04275792135236882,0.3726583069992418,0.04427437636200185,True
5,Ensemble,1.9238225008776049,1.6128148505193187,2.2948034076516763,3.5215894821836387e-13,0.7475852076721402,0.7620202422873342,0.00917653939832256,0.5432965335514061,0.03371719793516324,0.3074348132487667,0.02550298896626529,0.3915317559153175,0.02022604060146775,0.6684484475226532,0.03244367338198313,0.42010178490803396,0.025190262497180354,True
