,Model,HR,CI_lower,CI_upper,p,cindex,accuracy_mean,accuracy_std,precision_mean,precision_std,recall_mean,recall_std,f1_mean,f1_std,roc_auc_mean,roc_auc_std,pr_auc_mean,pr_auc_std,Sig
0,SVM,1.532114048889524,1.3064907228861182,1.7967012070465824,1.5277067102274427e-07,0.6409548778805023,0.5549686621044007,0.20144531591769282,0.3442460317460317,0.09702969274856187,0.5616631430584919,0.10506262791640912,0.4061460108518932,0.06547176170209638,0.5741977946309563,0.14638847160058166,0.3329118521929086,0.09348002890433171,True
1,RandomForest,1.8547720595795287,1.556335073346089,2.2104362048466664,5.1303436346518825e-12,0.7434455636815234,0.75626204238921,0.011312406604655658,0.5142857142857142,0.03138255142669113,0.4076814658210008,0.02849986998434277,0.4547674547674548,0.02961810784745958,0.6696201869022747,0.031102616884971936,0.42630871593875197,0.02725988941594393,True
2,XGBoost,1.3054994368097412,1.1146929286800111,1.5289670685618963,0.0009436454300791509,0.6471643438664275,0.7427191991672757,0.03202192679374369,0.33479132494988156,0.2452476415008334,0.33016208597603947,0.24382706610917074,0.3233986928104575,0.2287152900988172,0.6670554429297549,0.021441136059686623,0.45948550002118455,0.04443440088507877,True
3,LogisticRegression,1.7257709155916794,1.4518502687584733,2.051372181546639,6.093744975621862e-10,0.7358562163653926,0.7255110402409586,0.00618579448915217,0.43692528735632186,0.009511016760595044,0.3387949260042284,0.04183830322867504,0.3797120903706149,0.02229182417870577,0.6717158026895289,0.002704120483484347,0.42310627661703637,0.032057584317579345,True
4,ANN,1.1025164331144541,0.9382830908241561,1.295496526767553,0.23566451552456327,0.5471229474265213,0.6100369853608841,0.12081594735756761,0.3336580086580086,0.05596002108153677,0.43146582100070474,0.15614574531960557,0.3521630874572051,0.01379830684572729,0.576815496179068,0.05174582697372637,0.31799389943419626,0.053062997363317016,False
5,Ensemble,1.7263948200149384,1.4422653849972638,2.066498375110116,2.656119466562167e-09,0.7419966882848075,0.7466724248665648,0.024068381570163454,0.49859001632612676,0.06006053378825895,0.39252995066948554,0.02252905900372908,0.436883512225978,0.02564712350233734,0.6714920649502578,0.026400393286367473,0.43675684114133984,0.02359638046553848,True
