,Model,HR,CI_lower,CI_upper,p,cindex,accuracy_mean,accuracy_std,precision_mean,precision_std,recall_mean,recall_std,f1_mean,f1_std,roc_auc_mean,roc_auc_std,pr_auc_mean,pr_auc_std,Sig
0,SVM,1.4114042609095243,1.0607049946075688,1.8780546880054694,0.01806265093356,0.5568338622878433,0.55305295329214,0.20006867729172573,0.34263182674199627,0.09564379559294348,0.5692389006342494,0.10443828406391079,0.40795830858652105,0.0675337786665803,0.5726175918879628,0.14523432019000485,0.3317837996050243,0.09267475346948839,True
1,RandomForest,3.912604771649558,2.6568216600029775,5.761950954253262,4.9251427849240995e-12,0.7063957499655029,0.7600934600137311,0.009344807357285025,0.5264765885455541,0.02965726626501015,0.39252995066948554,0.03505237523733866,0.4488627610473321,0.027999781999092126,0.6713979124018179,0.03546738041300528,0.42913116410799085,0.025928316195761185,True
2,XGBoost,2.4722204863478154,1.7114015452867126,3.5712683267993084,1.412663174631533e-06,0.662429281081827,0.7369609992691516,0.030631427900712833,0.49066358024691353,0.058877147838278424,0.36134601832276253,0.1340900745982671,0.39227957914694306,0.08235901636904075,0.655256512674851,0.02826808703546928,0.4261529989375097,0.049068997856926345,True
3,LogisticRegression,2.826708608671239,1.9404331473742789,4.117782449319752,6.175346527708642e-08,0.6715020008279288,0.7255110402409586,0.00618579448915217,0.43692528735632186,0.009511016760595044,0.3387949260042284,0.04183830322867504,0.3797120903706149,0.02229182417870577,0.6717158026895289,0.002704120483484347,0.42310627661703637,0.032057584317579345,True
4,ANN,2.3756895666787505,1.7190336140602078,3.2831824061286774,1.5881249997295995e-07,0.6444045812060163,0.7427302726286182,0.03120760352683722,0.4881024119655742,0.08583459720368149,0.39904862579281186,0.09197528568984395,0.4334332334332334,0.07053849460708292,0.6373799066192107,0.04275792135236882,0.3726583069992418,0.04427437636200185,True
5,Ensemble,4.596133064973669,3.0479874353913363,6.930618842341799,3.385211401286311e-13,0.6764523251000414,0.7620202422873342,0.00917653939832256,0.5432965335514061,0.03371719793516324,0.3074348132487667,0.02550298896626529,0.3915317559153175,0.02022604060146775,0.6684484475226532,0.03244367338198313,0.42010178490803396,0.025190262497180354,True
