,Model,HR,CI_lower,CI_upper,p,cindex,accuracy_mean,accuracy_std,precision_mean,precision_std,recall_mean,recall_std,f1_mean,f1_std,roc_auc_mean,roc_auc_std,pr_auc_mean,pr_auc_std,Sig
0,SVM,1.918818264233762,1.6601759069987905,2.2177550677825546,1.1225605402495359e-18,0.7678004691596523,0.7485327663721127,0.01239508675669167,0.49292929292929294,0.04133605186053281,0.39992952783650465,0.09516221324961581,0.43679653679653674,0.06773473981352085,0.7101140486237237,0.026967857457999494,0.46798083306525856,0.05503234399526754,True
1,RandomForest,1.9773441950230732,1.668879456225209,2.3428235340826324,3.3127989750284656e-15,0.7728025389816475,0.7639248776382521,0.021394242549766008,0.5654439128123339,0.0899296533344546,0.4008104298801973,0.0797570091936411,0.45455178349915193,0.02963104057850987,0.7089491267948573,0.010361740527565028,0.5013025741503762,0.0679293574191391,True
2,XGBoost,1.0930910760252848,0.9396379055614664,1.2716048314080641,0.24879937786562312,0.5969711604801987,0.7447234956702765,0.04458380443094336,0.5086520050820464,0.1120960995486488,0.43851303735024666,0.01956951201206745,0.46557947379865183,0.04978217085219227,0.6840520314646003,0.039305484913908104,0.46801313630265834,0.07767779329626309,False
3,LogisticRegression,1.809072129530701,1.5940138900193077,2.053145201768037,4.2842334985715924e-20,0.7270249758520767,0.7447234956702765,0.002438827733843197,0.4849047171170255,0.003299085498132995,0.3927061310782241,0.1017612306453812,0.42751322751322746,0.06025244802322435,0.7022891762950346,0.007718450375042324,0.4790732043113719,0.02503636357013701,True
4,ANN,1.3750591321744887,1.2049974645481272,1.5691216559409953,2.2627744590335454e-06,0.6347109148613219,0.6642858724780192,0.1448144844398352,0.4270202020202021,0.14995450454495568,0.4462649753347428,0.04855744294941142,0.4217892302863768,0.10053517074177025,0.6472244085283317,0.13738798806316738,0.42432729536253627,0.10923840499675058,True
5,Ensemble,1.9029345987496125,1.6412658100662632,2.206321526293264,1.533739923094728e-17,0.7700427763212364,0.7523641839966336,0.028858455803838425,0.5404040404040403,0.1286309864975964,0.3465468639887244,0.08410764880844365,0.4073273655031164,0.048481308042450495,0.7273609623112552,0.015856573612055072,0.49813903955223743,0.0595493707141825,True
