,Model,HR,CI_lower,CI_upper,p,cindex,accuracy_mean,accuracy_std,precision_mean,precision_std,recall_mean,recall_std,f1_mean,f1_std,roc_auc_mean,roc_auc_std,pr_auc_mean,pr_auc_std,Sig
0,SVM,1.8024056888995987,1.56377424201389,2.0774522179070276,4.283942244736281e-16,0.7465675451911136,0.7466392044825372,0.03285478998742931,0.5583150183150184,0.1515336757401932,0.3703312191684285,0.108051316845782,0.41279584403523284,0.04425067599848176,0.6837318238303504,0.021740762688684332,0.48390254087061435,0.04890297101281423,True
1,RandomForest,1.8669591270369064,1.606372219031667,2.169818638999817,3.9702927646915285e-16,0.7518283427625224,0.7543352601156069,0.01323675640183122,0.509723665973666,0.03566388849730832,0.42265680056377736,0.038619292136686016,0.46145247657295846,0.03357247298986249,0.6983763366641051,0.009856870616847268,0.4613746802285368,0.04384021014120233,True
2,XGBoost,1.269525400017289,1.0920626566888094,1.4758262554053443,0.0018943929898459276,0.6211190837587968,0.7121232254778199,0.046027169424251675,0.472005772005772,0.09748775070999212,0.37878787878787873,0.17787137769133685,0.36988267274289943,0.10444744038224432,0.6673530460899535,0.023958751190210088,0.44613269043741416,0.018290764663590173,True
3,LogisticRegression,1.3134518936410209,1.149034045365575,1.5013966591044834,6.44463741868096e-05,0.7092590037256796,0.740858857661728,0.02508099148865224,0.4933641975308642,0.07035040056694693,0.42353770260747003,0.05104247769480427,0.4486592088832035,0.011442480066352989,0.6820279430611403,0.01053716827935851,0.44550885298437004,0.053672789307625195,True
4,ANN,1.5531831369415923,1.3507520529982295,1.7859516493238208,6.416261048261953e-10,0.6960121429557058,0.7139946404447102,0.01125749015549337,0.42820760799484203,0.01680789358071624,0.43058491895701195,0.016942657195449323,0.4290294942559172,0.0110331263510219,0.6673221964141546,0.014224104753551785,0.4524021352061731,0.05134352642361813,True
5,Ensemble,1.5846450802334247,1.3938534351101268,1.8015524208322502,2.017063799442224e-12,0.7312336139092038,0.7255331871636436,0.01421514168111057,0.4488888888888889,0.025867659392939574,0.3854827343199436,0.08196006536467004,0.40704048875866583,0.04193839249481204,0.6895903758942992,0.014844697830939928,0.4510675133849924,0.04430361717582152,True
