,Model,HR,CI_lower,CI_upper,p,cindex,accuracy_mean,accuracy_std,precision_mean,precision_std,recall_mean,recall_std,f1_mean,f1_std,roc_auc_mean,roc_auc_std,pr_auc_mean,pr_auc_std,Sig
0,SVM,3.2683303394098737,2.2867459692130496,4.671259226569495,8.080964171285726e-11,0.6729163791913896,0.7504816955684008,0.030508915344063057,0.5789288231148696,0.17240997155899798,0.3627554615926709,0.11347139912785498,0.4092683630929638,0.06348183830567242,0.666914912414646,0.016940467086827796,0.4582147797903227,0.0492942629262117,True
1,RandomForest,3.3541934550004036,2.3747463767568173,4.7376064423908995,6.47023809065237e-12,0.6752276804194839,0.742785639935331,0.007726880097526669,0.4840548780487805,0.02551019895733376,0.3620507399577167,0.06049584763868905,0.40973084886128364,0.03160906028901214,0.6950719660243893,0.0037803074582457566,0.4639659617458651,0.049418103811665746,True
2,XGBoost,3.7174347006666384,2.595648466450879,5.324034025538174,7.802522969659343e-13,0.6839381813164068,0.7600159457843333,0.024295633472446378,0.5646591970121382,0.10549595865570464,0.35447498238195907,0.06916332147363101,0.42101221924927906,0.021915198221582367,0.700007427923281,0.009761364751629418,0.48568553157025846,0.04436731954755848,True
3,LogisticRegression,2.5384975063870137,1.8327473188367052,3.516016378091471,2.0831242038131088e-08,0.6761246032841176,0.7216685491550949,0.035995818648129535,0.46340083926290826,0.07710268826102884,0.44679351656095845,0.06999840756498386,0.4439027236056939,0.009653433363945889,0.6609042017217057,0.006540370343095414,0.4395379321153505,0.06109386142842292,True
4,ANN,2.991757098143993,2.1895015461000513,4.087967213468211,5.985045996608969e-12,0.6909410790672003,0.7216796226164375,0.0423754353806021,0.4731481481481481,0.09407152227510196,0.46247357293868924,0.0905550162581906,0.4512901312542729,0.031097345966917444,0.6627707519417089,0.0065120504604339645,0.467046956882351,0.04189937690116237,True
5,Ensemble,2.650152033299731,1.911915073441613,3.673440257448328,4.904762713918355e-09,0.6842141575824479,0.7274378225145616,0.003460912866082598,0.45341217048534116,0.011313328747655928,0.4536645525017618,0.02528296290194383,0.4534172186245026,0.018254311761743663,0.7055987713097601,0.006045579384257271,0.48701179547046974,0.04578259470832215,True
