,Model,HR,CI_lower,CI_upper,p,cindex,accuracy_mean,accuracy_std,precision_mean,precision_std,recall_mean,recall_std,f1_mean,f1_std,roc_auc_mean,roc_auc_std,pr_auc_mean,pr_auc_std,Sig
0,SVM,3.2762139769533225,2.2275623290065845,4.81853094883819,1.6498964008714457e-09,0.6382641092866014,0.7466945717892499,0.025654669647521878,0.48108922746603905,0.09720106849362092,0.2843551797040169,0.0706323057123386,0.3571910161009977,0.08281276405247642,0.6749146564719971,0.038166719378772834,0.43510796425656384,0.05178105515510301,True
1,RandomForest,3.3771059371581846,2.4087245595009064,4.734806421018173,1.6797625776162472e-12,0.6713812612115359,0.7255331871636436,0.0282241133440967,0.4540219265829022,0.07177631465454644,0.36980267794221283,0.07083285075819085,0.3997553044206188,0.04366707528356671,0.6745480967343207,0.015593727823592887,0.4522595567517807,0.052236074816379464,True
2,XGBoost,2.3876741726353465,1.6218882843409708,3.5150312199131486,1.029739665376298e-05,0.6401959431488892,0.7292317232520542,0.050568454654943466,0.4842911877394636,0.09031261713800405,0.3070824524312896,0.2071085945508859,0.3124607783737987,0.19016914853590305,0.6711451664496223,0.02969036552891821,0.44073855552690705,0.0627836179139905,True
3,LogisticRegression,2.848374488400216,2.084808614766246,3.8915980914050796,4.894768258961258e-11,0.6857665240789292,0.7063428786570106,0.00776582088696295,0.4135420848387528,0.010480992024272778,0.4302325581395349,0.07535744998148673,0.41900901694716125,0.04261544273843694,0.6789558243401667,0.0033825028981666707,0.4320947028710247,0.03935950891327476,True
4,ANN,1.9161882973011344,1.3698739819776522,2.680376179867997,0.0001459432962312795,0.5963674623982338,0.6986468230239408,0.023727980828203796,0.38171192181686936,0.05865880127413196,0.3232910500352361,0.06931260612992944,0.34637992608078116,0.05190789291799117,0.6190813831413866,0.018256498481040988,0.3831791157928985,0.027162473084202807,True
5,Ensemble,3.9304684284576616,2.6682931918039277,5.789686873449714,4.3178620778558826e-12,0.6824203118531806,0.7620091688259917,0.004792033199191293,0.5377071150097466,0.012780498968283939,0.3225863284002819,0.0654770406314805,0.39950683159511685,0.05493365908695976,0.6893505512181174,0.026424421753101633,0.4553893573166037,0.04088693160758858,True
