,Model,HR,CI_lower,CI_upper,p,cindex,accuracy_mean,accuracy_std,precision_mean,precision_std,recall_mean,recall_std,f1_mean,f1_std,roc_auc_mean,roc_auc_std,pr_auc_mean,pr_auc_std,Sig
0,SVM,3.559264657792345,2.52110990799584,5.024915757949003,5.375815108382975e-13,0.6755726507520353,0.7428077868580161,0.014221739133438861,0.48516089645121907,0.04076026507843279,0.36169837914023956,0.024013590062123814,0.4122354061378452,0.004900303883225793,0.6760922150812085,0.021126195402388085,0.422974704736297,0.028556357410568563,True
1,RandomForest,2.8515159955139273,2.1066053286183615,3.859832386356241,1.175961733580029e-11,0.6780736856630329,0.7024782406484619,0.015401938813182166,0.4138670852956567,0.026380815388257994,0.4464411557434813,0.03252807583606558,0.42790672333006424,0.011873730392303359,0.6843710286990955,0.025536815713550584,0.4525364090030574,0.026117393626577928,True
2,XGBoost,3.9524826535716855,2.7988583200397374,5.581604118697682,5.962899187423196e-15,0.7033600110390507,0.7428410072420437,0.014450396104039111,0.48245728446589276,0.03339868258533436,0.40045806906272025,0.04316455969130142,0.4365079365079365,0.033733534567275486,0.679102013732761,0.028470537421339294,0.47403720585516806,0.05692671322049007,True
3,LogisticRegression,3.476572625569627,2.533252993122922,4.771160738256991,1.2074187912607466e-14,0.7040327031875259,0.7217349899231502,0.020589784508471133,0.44570024570024575,0.029421172418683597,0.4378083157152925,0.06297753476513762,0.4382154882154882,0.027676071329111755,0.6815694394959441,0.005636691005639635,0.4424343856963939,0.036665141767003855,True
4,ANN,2.018621687858356,1.4908096660526329,2.733302319860499,5.56812717003139e-06,0.6353318614599145,0.6506655150266871,0.03526953934400284,0.347943722943723,0.028500420091479847,0.4381606765327695,0.033547451641448976,0.3854870544525717,0.0038494591569014076,0.6305599764458276,0.021964187549526976,0.36330389392745793,0.026382781996627924,True
5,Ensemble,4.083316162332504,2.838781285362834,5.873460899413656,3.319102886229544e-14,0.7033255140057955,0.7504484751843732,0.018213921938879784,0.5073656073656073,0.05033891903121283,0.3768498942917548,0.020144748675473407,0.43005411851036507,0.004000365281457198,0.6853325826785795,0.03439669040512986,0.45482251970808213,0.021055512881172446,True
