,Model,HR,CI_lower,CI_upper,p,cindex,accuracy_mean,accuracy_std,precision_mean,precision_std,recall_mean,recall_std,f1_mean,f1_std,roc_auc_mean,roc_auc_std,pr_auc_mean,pr_auc_std,Sig
0,SVM,1.8045862391447014,1.5623337450935153,2.0844019433987797,1.002756393592993e-15,0.7318028149579137,0.7466945717892499,0.025654669647521878,0.48108922746603905,0.09720106849362092,0.2843551797040169,0.0706323057123386,0.3571910161009977,0.08281276405247642,0.674794506192074,0.038353333832628,0.43510939812060934,0.0517751353266585,True
1,RandomForest,1.8655552588218085,1.575309288650062,2.209278170828342,4.9344508421869e-13,0.7437905340140748,0.7236506987354107,0.024384898363091857,0.44244758237056053,0.054466015024867205,0.4076814658210007,0.04748119216590726,0.42411924119241196,0.049730651188256904,0.6731996389905142,0.010681019066841513,0.451461389268732,0.06503202777795761,True
2,XGBoost,1.410063151873954,1.1858589446663654,1.6766564870260352,0.00010050435974174002,0.6764523251000414,0.7562398954665249,0.0024475606250729,0.5161782661782661,0.014772348757708007,0.2764270613107822,0.1860620268692343,0.3163053297199639,0.19441607784466355,0.6749750574888157,0.030386221794560228,0.4474067475911672,0.07090090426613513,True
3,LogisticRegression,1.6108340537884445,1.3751984530310497,1.8868450172594307,3.457170152651594e-09,0.733993376569615,0.7120900050937923,0.0007830119606521615,0.4210106382978724,0.015639564285094838,0.42265680056377736,0.06882184988050148,0.4199801808497461,0.04341849059829736,0.6790714744158736,0.0031417010248951365,0.4319464137562236,0.039453746621402275,True
4,ANN,1.7075572686356615,1.4808352669844242,1.9689913460854584,1.8181102029990518e-13,0.7312508624258314,0.7178814253759441,0.020033155580620705,0.43003663003663,0.025144325716821268,0.38407329105003524,0.0756846101245038,0.40086149138386795,0.04477001617741026,0.6951011604526606,0.010866152429268658,0.4566636402824886,0.026799111597334162,True
5,Ensemble,1.835130774930759,1.5670405513178491,2.1490860324359806,4.896215399420395e-14,0.7533117151924934,0.7601266803977588,0.029807779289379756,0.5450687429854096,0.09977293761750083,0.33051444679351655,0.025271911313659075,0.4093800409293367,0.04508567019805869,0.6963740354562296,0.022544595265557563,0.45556884974209577,0.03306492431610781,True
