,Model,HR,CI_lower,CI_upper,p,cindex,accuracy_mean,accuracy_std,precision_mean,precision_std,recall_mean,recall_std,f1_mean,f1_std,roc_auc_mean,roc_auc_std,pr_auc_mean,pr_auc_std,Sig
0,SVM,1.9445448853452887,1.6760589519905285,2.256039267969549,1.7486384596426747e-18,0.7552780460880364,0.740858857661728,0.010029194263158951,0.4757226166328601,0.03144233474958397,0.3461945031712474,0.003737350851937371,0.4001897645733263,0.008716527434538707,0.6844746937481715,0.0159852892324454,0.4194298907138883,0.006644959535858661,True
1,RandomForest,1.8079139408191078,1.4965168805879185,2.1841068816570917,8.259191105297564e-10,0.752449289361115,0.7351228046862888,0.004747481006107537,0.46418072207545896,0.016006646008859343,0.39235377026074697,0.004235664298862331,0.42504427775173204,0.004338428923552241,0.6726654906132982,0.03753629904989379,0.444102068388397,0.018907134428476708,True
2,XGBoost,1.2238095383706356,1.0577444172296329,1.4159467654101547,0.0066381352377105005,0.6320546433006762,0.7581998981241557,0.015660239213043388,0.5181818181818182,0.06075738683564673,0.31412966878083154,0.1494045184871131,0.37157791626555875,0.13320046132041635,0.6589126906586519,0.0357643277417839,0.4607031731521995,0.040026152310066274,True
3,LogisticRegression,1.7375323104993705,1.4396696540433305,2.097021717135128,8.509328393720044e-09,0.7488960949358355,0.7179035722986291,0.022868405549226874,0.43685352018685353,0.03529879108678674,0.4224806201550388,0.061772780815927235,0.4262421424265909,0.03287978595658263,0.6796247615926295,0.003877639659183803,0.43900144208869496,0.03860737562756352,True
4,ANN,1.6364891137541102,1.3906372504548423,1.9258053231062058,3.0253339186873992e-09,0.6947357527252657,0.6583283502757292,0.05451444437509141,0.3642967267552182,0.05928922987505001,0.4307610993657505,0.06646322732566443,0.3868366201699535,0.02750258327186083,0.6236326413984855,0.023822003008791885,0.3696790283503069,0.0368877398648781,True
5,Ensemble,1.8658913144995184,1.5667818056402956,2.2221029022620917,2.612470295152455e-12,0.7518973368290327,0.7447677895156469,0.017144829604355854,0.4889092389092389,0.061703026865772476,0.3070824524312896,0.05685852510073143,0.3729468599033816,0.043363711151620625,0.6805266025175487,0.037312745604601766,0.445725234315328,0.019965879411011245,True
