,Model,HR,CI_lower,CI_upper,p,cindex,accuracy_mean,accuracy_std,precision_mean,precision_std,recall_mean,recall_std,f1_mean,f1_std,roc_auc_mean,roc_auc_std,pr_auc_mean,pr_auc_std,Sig
0,SVM,3.340070746820585,2.3446835724751187,4.758029068284865,2.387606561105601e-11,0.6674485994204499,0.740858857661728,0.010029194263158951,0.4757226166328601,0.03144233474958397,0.3461945031712474,0.003737350851937371,0.4001897645733263,0.008716527434538707,0.6844746937481715,0.0159852892324454,0.4194298907138883,0.006644959535858661,True
1,RandomForest,3.2792698070371498,2.3528974556652535,4.5703693722194165,2.3545422617547307e-12,0.6844556368152339,0.7351228046862888,0.004747481006107537,0.46418072207545896,0.016006646008859343,0.39235377026074697,0.004235664298862331,0.42504427775173204,0.004338428923552241,0.6726654906132982,0.03753629904989379,0.444102068388397,0.018907134428476708,True
2,XGBoost,4.06240207784142,2.7954524570030643,5.903556184869932,1.9764834686128798e-13,0.6724334207258176,0.7581998981241557,0.015660239213043388,0.5181818181818182,0.06075738683564673,0.31412966878083154,0.1494045184871131,0.37157791626555875,0.13320046132041635,0.6589126906586519,0.0357643277417839,0.4607031731521995,0.040026152310066274,True
3,LogisticRegression,3.443819112611192,2.4930165020219044,4.757244916256046,6.307312035617928e-14,0.6998585621636539,0.7179035722986291,0.022868405549226874,0.43685352018685353,0.03529879108678674,0.4224806201550388,0.061772780815927235,0.4262421424265909,0.03287978595658263,0.6796247615926295,0.003877639659183803,0.43900144208869496,0.03860737562756352,True
4,ANN,2.366415108050354,1.6870184509284913,3.319418623149567,6.076547581971549e-07,0.637073961639299,0.7063207317343255,0.008563917471262736,0.3991989478718317,0.018526333251206263,0.35429880197322056,0.042678590374929555,0.3746414228341939,0.03146948604387396,0.6325388869370762,0.013736990888825377,0.40091978236658177,0.025169015745291703,True
5,Ensemble,4.5779141250425095,3.056715018235127,6.8561503480831405,1.5600735747418833e-13,0.6678970608527667,0.7524306247646889,0.013538663997855827,0.511744127936032,0.04826147788308991,0.29245947850599013,0.01395277651389946,0.3710864867581285,0.01620282181545538,0.668391434590618,0.02901866783051469,0.43750761003171507,0.021294481028315725,True
