,Model,HR,CI_lower,CI_upper,p,cindex,accuracy_mean,accuracy_std,precision_mean,precision_std,recall_mean,recall_std,f1_mean,f1_std,roc_auc_mean,roc_auc_std,pr_auc_mean,pr_auc_std,Sig
0,SVM,1.6494468409136855,1.42895597376294,1.9039599056615093,8.180631739530872e-12,0.7192976404029253,0.727426749053219,0.0139456254716789,0.44407044743642055,0.023329710575976645,0.3299859055673009,0.09181450614719576,0.36895034176120056,0.060277054605305906,0.6742722497338155,0.026764274293532255,0.4511492564622863,0.03478669800569135,True
1,RandomForest,1.8000065807004495,1.531798482268555,2.1151761984817545,9.322750575414163e-13,0.7419276942182972,0.7619980953646491,0.0024520654338141754,0.5347222222222222,0.0049104637582398965,0.36134601832276253,0.0418946491403246,0.42958715195950076,0.029465142132625025,0.6912674313082622,0.02638678260880885,0.45364312283320407,0.026560316313938886,True
2,XGBoost,1.1357101007680717,0.9953455904621795,1.29586893773016,0.0586707131125781,0.6080447081550987,0.773547715544925,0.013804374286926277,0.623015873015873,0.06173154438930176,0.2686751233262861,0.09153008859310874,0.36164529914529914,0.09293336645011642,0.6921512300351286,0.023801479677153837,0.4490174066963746,0.027188523597180284,False
3,LogisticRegression,1.5812509943748791,1.375944219912115,1.8171919115814505,1.0642893565765705e-10,0.7095349799917207,0.7408699311230705,0.00532855604144003,0.4750360750360751,0.014493367422210364,0.36909795630725867,0.015465790237741178,0.4153897401732179,0.015092060135625038,0.6633409536791394,0.029606047335064656,0.43068226407791316,0.019355575939145605,True
4,ANN,1.417621458246318,1.21972867502331,1.6476210160772116,5.383703109278611e-06,0.6777977093969919,0.6966868203663101,0.02190817092862157,0.3901884340480832,0.05507948577772108,0.39235377026074697,0.09503589968729571,0.3881795633534801,0.0668911863282378,0.6312904992516212,0.03250486838998926,0.37668879939738137,0.014542877567721707,True
5,Ensemble,1.923678267598608,1.6531179329172134,2.2385203157895335,2.6809675125871384e-17,0.7423416586173589,0.7639248776382521,0.007833266682168374,0.5789697743720732,0.06347551747847016,0.2766032417195208,0.09938948831559921,0.35652662413225794,0.09124380965774968,0.6995114123109863,0.02652303238787681,0.46583424382503275,0.025010692861463586,True
