,Model,HR,CI_lower,CI_upper,p,cindex,accuracy_mean,accuracy_std,precision_mean,precision_std,recall_mean,recall_std,f1_mean,f1_std,roc_auc_mean,roc_auc_std,pr_auc_mean,pr_auc_std,Sig
0,SVM,2.282825847883133,1.5891255705399836,3.2793467982473854,7.963199011388904e-06,0.6191527528632538,0.7100857085907913,0.0321500668189924,0.40427876576987387,0.05984335649120746,0.3072586328400282,0.055058562324523226,0.3447817560972715,0.047598649913587525,0.6598816829067139,0.03551430934414031,0.42976077142849994,0.034097997887711874,True
1,RandomForest,3.9725240636243906,2.645596129574262,5.964987346203278,2.9154100419257856e-11,0.6331585483648406,0.7696830775363762,0.0041747683569354445,0.5867521367521368,0.009726330492941065,0.26885130373502464,0.09229297775791354,0.3576541363058759,0.09327457876129527,0.6995685907677741,0.020794782151527438,0.4820716357773141,0.021420796842852672,True
2,XGBoost,3.2101171455324984,2.1791298015436724,4.728884016336185,3.6141508261723116e-09,0.6275700289775079,0.7466502779438796,0.030689166651422826,0.5074074074074074,0.07276623223847592,0.26797040169133196,0.17632428938123523,0.3041957357225037,0.18376349344267445,0.7059924098624614,0.013219535644579485,0.45828104406497167,0.014174253702690846,True
3,LogisticRegression,2.8226539911815354,1.9549707825286653,4.075444822570502,3.0742081875173666e-08,0.6657927418242031,0.7408699311230705,0.00532855604144003,0.4750360750360751,0.014493367422210364,0.36909795630725867,0.015465790237741178,0.4153897401732179,0.015092060135625038,0.6639417050787546,0.027430346732778856,0.43204863079887995,0.019604531269087497,True
4,ANN,2.15846426096585,1.5988944760508756,2.9138683231767004,5.028598243216192e-07,0.6502173313095074,0.6544415653444954,0.03793031816328266,0.36103197214308325,0.03902185147153176,0.47780126849894283,0.13963094905673037,0.40126652269203184,0.04913215437925621,0.6073582890864978,0.009531406093400007,0.38961806165157525,0.012127922362879738,True
5,Ensemble,3.2991915658051516,2.008392471386717,5.419590614360553,2.433702482488086e-06,0.6283979577756313,0.7639138041769096,0.0006420698077348059,0.5782967032967034,0.03566141479600872,0.23819591261451725,0.08886760563472199,0.32370210068419786,0.09146994001457663,0.6916210749425732,0.01620584234611466,0.4763342345437247,0.007054510347159919,True
