,Model,HR,CI_lower,CI_upper,p,cindex,accuracy_mean,accuracy_std,precision_mean,precision_std,recall_mean,recall_std,f1_mean,f1_std,roc_auc_mean,roc_auc_std,pr_auc_mean,pr_auc_std,Sig
0,SVM,1.6675152437503218,1.4431950989142892,1.9267021418182033,4.010388344498006e-12,0.7158996826272941,0.706232144043585,0.04304887533134609,0.4364504255808604,0.065578547862143,0.47727272727272724,0.09129239709236328,0.44642857142857145,0.03312006605534178,0.6898452943588751,0.04916244039769522,0.4140001897549292,0.02288891807643158,True
1,RandomForest,1.9715716087500634,1.7138020363225381,2.2681117924041025,2.190615213587319e-21,0.7577618324824065,0.7620091688259917,0.010537653831052506,0.5345596432552954,0.0267674631071192,0.39992952783650465,0.07622892846373852,0.45204483863020445,0.048299346618557906,0.7239697222122218,0.015044717087713317,0.47428476274775305,0.0356098745694392,True
2,XGBoost,1.5086863150046443,1.297132121675457,1.7547436834285588,9.560162546767082e-08,0.7004277632123638,0.7619870219033066,0.005775465648554332,0.5775985663082438,0.06448077486112885,0.3062015503875969,0.19090868769030625,0.3477328259936956,0.18813231842267555,0.7126458842063316,0.02628918863416307,0.45220567656581573,0.02980738406256855,True
3,LogisticRegression,1.439179936705961,0.9495994031290478,2.1811712216667205,0.08612781738341634,0.7047053953360011,0.735167098531659,0.021010993433049855,0.46589750237663125,0.05193822667584038,0.36134601832276253,0.017690127365836802,0.40580559462416005,0.025674286492729067,0.6766108868940397,0.05232000513017631,0.4220558606533063,0.020900297447067697,False
4,ANN,1.7250811027606725,1.4882902730206913,1.9995459656280405,4.540948831529123e-13,0.7174003035738926,0.7120124908643944,0.029433122767270368,0.43727904040404036,0.03335846279769929,0.4691684284707541,0.09511425343688983,0.4446455580303273,0.03534116533844762,0.6976712115625662,0.02773059929763329,0.4637332948068522,0.02820025671581899,True
5,Ensemble,1.2895987525096841,1.155877397843725,1.4387900875793236,5.275667437200655e-06,0.7753208224092728,0.7619870219033066,0.0033669514308043258,0.5366836062488236,0.010620409379447701,0.3299859055673009,0.07200629308065971,0.4046265970316603,0.054061366996463606,0.7403267955194105,0.011137188015832975,0.4796677838779688,0.01705685736187743,True
