,Model,HR,CI_lower,CI_upper,p,cindex,accuracy_mean,accuracy_std,precision_mean,precision_std,recall_mean,recall_std,f1_mean,f1_std,roc_auc_mean,roc_auc_std,pr_auc_mean,pr_auc_std,Sig
0,SVM,1.5707821526015384,1.3403804055254391,1.8407883021568798,2.4080375783433116e-08,0.7108803642886712,0.6928221823577614,0.028421875963234176,0.41085129704055534,0.030583908309506573,0.5075757575757576,0.08611636384174245,0.449498746867168,0.03593367955621793,0.6914178208914584,0.05142348768830068,0.41464946079178416,0.02376134865149337,True
1,RandomForest,1.9328420427963537,1.669798873270209,2.2373223639112116,1.0548545479113291e-18,0.7558644956533738,0.7600823865523885,0.009609978237207746,0.5239316239316238,0.017051228498512812,0.42318534178999295,0.0485056374134468,0.4668504287782604,0.032413995189095046,0.722061552862192,0.01414802866868943,0.4812734855050415,0.03899449184980579,True
2,XGBoost,1.3295443999979408,1.1528909785380514,1.5332658026411483,9.005719270855558e-05,0.642610735476749,0.7313135339844529,0.03437936866614636,0.46685906685906686,0.05001276373957525,0.35976039464411563,0.1939630283302914,0.3698408859933206,0.13201094516900583,0.7024006468707338,0.02278714148725017,0.4298516779223504,0.012999164975974349,True
3,LogisticRegression,1.4522490562773618,0.9127746225893081,2.3105674382967805,0.11531071482695458,0.7195736166689665,0.7428299337807012,0.011208695195197852,0.4801518883415435,0.03279102612990624,0.3535940803382664,0.0250411803799889,0.40679324894514773,0.024313050082772764,0.6835325734091934,0.043429521935060285,0.4297707491767307,0.010783610718208284,False
4,ANN,1.3308755720634815,1.1071610836607806,1.5997941170934262,0.0023337513866053335,0.6836967020836208,0.7313467543684805,0.025273894089555864,0.45323826500297093,0.06834038522167844,0.39164904862579286,0.08313064698624893,0.41841068452540947,0.0725861585953474,0.6690606718566953,0.019140990591964776,0.41750473534512156,0.018534385738852254,True
5,Ensemble,1.7662920184989053,1.5564474644135178,2.004428396038731,1.1885279931002343e-18,0.7637643162688009,0.7542909662702367,0.010453687682315005,0.5057000262674022,0.028137378315865325,0.40644820295983086,0.11436293606928306,0.4443373977620553,0.07462857308816363,0.7367765792406304,0.01244757187874926,0.46031245139605065,0.016162042509786742,True
