,Model,HR,CI_lower,CI_upper,p,cindex,accuracy_mean,accuracy_std,precision_mean,precision_std,recall_mean,recall_std,f1_mean,f1_std,roc_auc_mean,roc_auc_std,pr_auc_mean,pr_auc_std,Sig
0,SVM,2.4799508752572175,1.8435489574675288,3.336041778970421,1.9391374870198566e-09,0.6520284255554022,0.706232144043585,0.04304887533134609,0.4364504255808604,0.065578547862143,0.47727272727272724,0.09129239709236328,0.44642857142857145,0.03312006605534178,0.6898452943588751,0.04916244039769522,0.4140001897549292,0.02288891807643158,True
1,RandomForest,3.780452013966918,2.7016239175607097,5.290083988747989,8.662208235418442e-15,0.6839036842831516,0.7620091688259917,0.010537653831052506,0.5345596432552954,0.0267674631071192,0.39992952783650465,0.07622892846373852,0.45204483863020445,0.048299346618557906,0.7239697222122218,0.015044717087713317,0.47428476274775305,0.0356098745694392,True
2,XGBoost,3.8157826996587745,2.639296024492095,5.516697435944937,1.0791338426005569e-12,0.6403339312819097,0.7619870219033066,0.005775465648554332,0.5775985663082438,0.06448077486112885,0.3062015503875969,0.19090868769030625,0.3477328259936956,0.18813231842267555,0.7126458842063316,0.02628918863416307,0.45220567656581573,0.02980738406256855,True
3,LogisticRegression,2.5601076845793203,1.8273960073557747,3.586607024563814,4.6369625827459744e-08,0.6418000551952532,0.735167098531659,0.021010993433049855,0.46589750237663125,0.05193822667584038,0.36134601832276253,0.017690127365836802,0.40580559462416005,0.025674286492729067,0.6766108868940397,0.05232000513017631,0.4220558606533063,0.020900297447067697,True
4,ANN,2.6929227730695247,1.9924574722710815,3.6396425834126003,1.1564229513760921e-10,0.6719504622602456,0.7120124908643944,0.029433122767270368,0.43727904040404036,0.03335846279769929,0.4691684284707541,0.09511425343688983,0.4446455580303273,0.03534116533844762,0.6976712115625662,0.02773059929763329,0.4637332948068522,0.02820025671581899,True
5,Ensemble,4.176908726412479,2.873076495825172,6.072433690551602,6.994730463739859e-14,0.6770215261487512,0.7619870219033066,0.0033669514308043258,0.5366836062488236,0.010620409379447701,0.3299859055673009,0.07200629308065971,0.4046265970316603,0.054061366996463606,0.7403267955194105,0.011137188015832975,0.4796677838779688,0.01705685736187743,True
