,Model,HR,CI_lower,CI_upper,p,cindex,accuracy_mean,accuracy_std,precision_mean,precision_std,recall_mean,recall_std,f1_mean,f1_std,roc_auc_mean,roc_auc_std,pr_auc_mean,pr_auc_std,FDR,Sig
0,SVM,3.02605603875324,1.690083448426401,5.418084626650147,0.00019472629709255235,0.6138587774766636,0.8109161793372319,0.007293679116518384,0.43371212121212127,0.055734617308947576,0.23906810035842296,0.09227424365129071,0.3033061187285962,0.09170293378498377,0.7250184295482854,0.019385184698403196,0.41428847354982823,0.06663106765066149,0.0002336715565110628,True
1,RandomForest,4.352039036837968,2.7427660653059416,6.905526511262584,4.2832285843581997e-10,0.6349744052996086,0.8167641325536062,0.007293679116518423,0.48162071846282367,0.04391729513216609,0.3146953405017921,0.03642536492017922,0.380588132688973,0.040254806505162596,0.7430617743932775,0.02289017680484006,0.3975336014193207,0.04505020325099288,6.4248428765373e-10,True
2,XGBoost,3.87206135394752,2.537549215443203,5.908401317889427,3.410584399497721e-10,0.6886291779584462,0.8148148148148149,0.022564984215965377,0.4962583095916429,0.06312645163175917,0.47885304659498207,0.03852338019367571,0.4821755788772281,0.014797349062446787,0.744120883311,0.04368474407929472,0.47539061220576007,0.10472906121010693,6.4248428765373e-10,True
3,LogisticRegression,3.8780844584113954,2.5721154217868505,5.847147814278112,9.838853545298935e-11,0.6676076482987052,0.7894736842105264,0.009549667613189778,0.4157088122605364,0.005406406226891881,0.4232974910394265,0.06616957310406221,0.4166666666666667,0.02876915707998707,0.7379877475278985,0.017994810390550505,0.4194324981419821,0.0066151236638112695,5.000003772988258e-10,True
4,ANN,1.84992546591343,1.2263035452160944,2.790682814858837,0.0033626629282454373,0.5912752183077387,0.7212475633528265,0.043325751990044584,0.27177394909102826,0.07348385759373224,0.33512544802867383,0.17757315660810147,0.285697389848704,0.0908643115087496,0.614855032991615,0.06273413955943273,0.27193615656082676,0.06838035360292695,0.0033626629282454373,True
5,Ensemble (Mean),6.19282746439628,3.539733877440551,10.83446194873585,1.666667924329419e-10,0.6367810900331226,0.8323586744639376,0.015348943224194554,0.5714285714285715,0.10461750510021639,0.27132616487455197,0.037622459273828325,0.3677938808373591,0.05623450328043064,0.7616309514730929,0.014067503748564275,0.44677696223761876,0.048271411603547705,5.000003772988258e-10,True
