,Model,HR,CI_lower,CI_upper,p,cindex,accuracy_mean,accuracy_std,precision_mean,precision_std,recall_mean,recall_std,f1_mean,f1_std,roc_auc_mean,roc_auc_std,pr_auc_mean,pr_auc_std,FDR,Sig
0,SVM,3.1070752242244772,1.9757432950136986,4.886220023296423,9.207038686622248e-07,0.6138587774766636,0.8109161793372319,0.007293679116518384,0.43371212121212127,0.055734617308947576,0.23906810035842296,0.09227424365129071,0.3033061187285962,0.09170293378498377,0.7254124405805943,0.018828644782598138,0.4155137672552342,0.06539513763914818,9.207038686622248e-07,True
1,RandomForest,4.558803291837691,3.0524059824315484,6.808624925153196,1.2392428440929388e-13,0.6475459199036435,0.8031189083820663,0.01929726108501299,0.45702614379084966,0.0634058516273567,0.3806451612903226,0.06725374525209414,0.4070377225453905,0.037084764685375665,0.7419674405261226,0.030243359670640037,0.394636799570784,0.029604013375521068,3.7177285322788167e-13,True
2,XGBoost,4.670178781663698,2.99696161795873,7.277560620732036,9.792596722926297e-12,0.6216877446552244,0.8245614035087719,0.023874169032974443,0.5794871794871795,0.16585601670560238,0.27240143369175623,0.04505306483862557,0.35735402808573546,0.02975272314541072,0.7459041009830303,0.061199278260207865,0.474138048382057,0.09074284489566364,1.4688895084389446e-11,True
3,LogisticRegression,4.037815543940373,2.7485716690482462,5.931791610342871,1.1417008611679942e-12,0.6676076482987052,0.7894736842105264,0.009549667613189778,0.4157088122605364,0.005406406226891881,0.4232974910394265,0.06616957310406221,0.4166666666666667,0.02876915707998707,0.7379877475278985,0.017994810390550505,0.4194324981419821,0.0066151236638112695,2.2834017223359884e-12,True
4,ANN,3.721539773664945,2.3925401222521763,5.788767410066589,5.537193414246143e-09,0.604467780788919,0.8050682261208578,0.014587358233036809,0.40679690679690683,0.08913355374421499,0.23906810035842296,0.09227424365129071,0.29885392385392384,0.09862449850432667,0.7052955445886125,0.004453232739306095,0.3649788670943635,0.022983370274758302,6.644632097095371e-09,True
5,Ensemble (Mean),4.986715048861323,3.332952928487778,7.461049559383593,5.451422216013849e-15,0.6592329117735621,0.8245614035087719,0.009549667613189776,0.511157119852772,0.050110469083947465,0.3469534050179211,0.06258356010241477,0.41263057929724595,0.060930632819646155,0.7556002222440109,0.007803237559851724,0.4470453348176287,0.051532379469081124,3.2708533296083093e-14,True
