,Model,HR,CI_lower,CI_upper,p,cindex,accuracy_mean,accuracy_std,precision_mean,precision_std,recall_mean,recall_std,f1_mean,f1_std,roc_auc_mean,roc_auc_std,pr_auc_mean,pr_auc_std,Sig
0,SVM,4.050743082272197,2.852996195977397,5.75132891579434,5.20567499840014e-15,0.6776942182972264,0.7620091688259917,0.019372089368623325,0.5390476190476191,0.06017359618640501,0.3689217758985201,0.03416628287956984,0.43616920087508326,0.03558502177788157,0.7275490656748423,0.03438915184502905,0.5051618793864415,0.06559925955020827,True
1,RandomForest,3.660791420394625,2.631690729381092,5.092313345947975,1.2976874737006426e-14,0.6936835932109838,0.7639470245609372,0.011831380683298193,0.5519404572036151,0.05636724565001017,0.4369274136715997,0.14879809745142605,0.46670725363424853,0.0741682439504667,0.7226705391182578,0.04194006724508808,0.49001612174981674,0.06919783360120435,True
2,XGBoost,3.3885111884746864,2.389691449299134,4.804807782940204,7.42636331009265e-12,0.6939423209603974,0.7409474453524681,0.04443395774076655,0.513091985428051,0.08503130560897505,0.43093727977448903,0.09618998561879122,0.4510443732753238,0.023948174176763662,0.6994320949185143,0.048316511655714156,0.46321019311243045,0.05124899271768208,True
3,LogisticRegression,3.425133256741451,2.490847398290657,4.70985811273989,3.572093498332543e-14,0.704308679453567,0.754357407038292,0.01592945030182454,0.5185066324347454,0.04943815618094054,0.4755109231853418,0.1382182186141697,0.4815162752949069,0.06707083152385915,0.7101509347803506,0.05881022920188898,0.473223083321534,0.03931734068520856,True
4,ANN,2.7308935682734328,2.020538350772613,3.690986453380357,6.322920684068194e-11,0.6666206706223264,0.7255996279316989,0.029963092179109082,0.4705802124450435,0.04871217225181613,0.4910147991543341,0.13616751169274247,0.463440303657695,0.04580516916813713,0.7345313032136217,0.048930350937696515,0.4802829247311288,0.02725614216313837,True
5,Ensemble,4.122262268661193,2.988950573731596,5.685288462436007,5.8536552004105085e-18,0.6928556644128605,0.7792948419817066,0.022922423392650666,0.5803663003663004,0.06767930357307532,0.4376321353065539,0.076830819850071,0.4949329747345339,0.06063588593631108,0.7187866352831734,0.04532214594272722,0.5090041662362931,0.07159141878159317,True
