,Model,HR,CI_lower,CI_upper,p,cindex,accuracy_mean,accuracy_std,precision_mean,precision_std,recall_mean,recall_std,f1_mean,f1_std,roc_auc_mean,roc_auc_std,pr_auc_mean,pr_auc_std,Sig
0,SVM,0.9828880126552204,0.7386547475540717,1.307876039002389,0.9057327839034452,0.49989650890023457,0.46794232941332803,0.2396380319427621,0.3520634148976394,0.22247735319344644,0.5391120507399577,0.06274001793954892,0.37457542022196605,0.11735843704175342,0.4587677323564063,0.18056232009086567,0.30585375619865957,0.16821916865263625,False
1,RandomForest,3.74272860543855,2.690631529222354,5.206219157781366,4.583961626114991e-15,0.6972022906030081,0.7581998981241557,0.05394089094701998,0.5675381263616558,0.12657745827575195,0.41472868217054265,0.11246990797323185,0.4570283096056292,0.08530436022000969,0.6860387733457145,0.03899875133770765,0.47465360223017883,0.06344272167578523,True
2,XGBoost,2.9090438870311623,2.0100114908712925,4.210193013874296,1.5021794428482784e-08,0.632261625500207,0.7121896662458752,0.04713245782250417,0.5907936507936508,0.29435642375801646,0.2834742776603242,0.16932266372209934,0.2916117918368481,0.148800519691277,0.6759218590747084,0.04762451291786014,0.43156656284732176,0.08268453070259585,True
3,LogisticRegression,3.3376108141126983,2.3399505291109386,4.760633102236791,2.893447174633751e-11,0.6780391886297779,0.7447345691316191,0.028552103561404762,0.48743480322427696,0.07111506189955397,0.36839323467230445,0.08208910572312056,0.4156992813709231,0.0728735052461977,0.6901056751402925,0.056124213423484254,0.4586925037059202,0.04293835641814126,True
4,ANN,2.7539672113505027,2.006830614215625,3.7792603658072172,3.5264141995717846e-10,0.6586691044570167,0.7255553340863287,0.03437474945477268,0.45093515442352655,0.07520330320645773,0.41525722339675825,0.04889379322826495,0.4314751481988144,0.05846159779861125,0.6604003961007333,0.05432284319320972,0.4412568690940743,0.03451756048544179,True
5,Ensemble,3.3501597181691145,2.3559489414953365,4.76392757905835,1.689406621362554e-11,0.6458534566027322,0.7466834983279074,0.02103425478821146,0.48001949317738796,0.09601819586597035,0.3137773079633545,0.15255249885791025,0.3646382881613038,0.12048232233143227,0.6868411959659962,0.04508182091036408,0.4526055945625183,0.07557890086188118,True
