,Model,HR,CI_lower,CI_upper,p,cindex,accuracy_mean,accuracy_std,precision_mean,precision_std,recall_mean,recall_std,f1_mean,f1_std,roc_auc_mean,roc_auc_std,pr_auc_mean,pr_auc_std,Sig
0,SVM,1.943136392717197,1.6723892398447557,2.2577154592626405,4.0572339279925214e-18,0.7545191113564234,0.7620091688259917,0.019372089368623325,0.5390476190476191,0.06017359618640501,0.3689217758985201,0.03416628287956984,0.43616920087508326,0.03558502177788157,0.7275490656748423,0.03438915184502905,0.5051618793864415,0.06559925955020827,True
1,RandomForest,1.9861245616905523,1.7041705838023185,2.3147276522923876,1.576816933585178e-18,0.7675244928936111,0.7639470245609372,0.011831380683298193,0.5500324886289799,0.05815555337046621,0.44467935165609584,0.14702526924905227,0.4714071827179218,0.07606873664339633,0.7166211680502469,0.05157804146022225,0.4949377353806219,0.05950273794100709,True
2,XGBoost,1.49268846693726,1.2797755338773025,1.7410231719128382,3.366348265780974e-07,0.6861804884779908,0.7332846101034262,0.05526355304297744,0.5075483091787439,0.09283524268455749,0.4464411557434813,0.1169508856137752,0.45196012419107473,0.024380569881647267,0.6983077680352666,0.04990654540363865,0.45664678021161836,0.06041489330514705,True
3,LogisticRegression,1.2150922427816626,1.0915678281231318,1.3525949743377959,0.0003683529049728303,0.7351317786670346,0.7562731158505525,0.015981302889984818,0.5217554953327311,0.049010081397245026,0.4679351656095842,0.12820899042034675,0.4805733238569059,0.06576757524630032,0.7103257599551759,0.058958384816475126,0.47413768564909486,0.040049203267804,True
4,ANN,1.3348880578290394,1.132429036604198,1.5735433032325157,0.0005776673261340184,0.6565820339450807,0.7350895843022611,0.014747065253143706,0.46536245547873456,0.03561116480633141,0.4302325581395349,0.049333031245573096,0.4467952268845497,0.04215438569314281,0.6951418433333044,0.03229240034400469,0.44166436423339017,0.039881193681637624,True
5,Ensemble,1.8190737809198922,1.6079907741246038,2.057865924157208,1.9490496129593584e-21,0.7567959155512626,0.769694150997719,0.02914527031587173,0.5592285649493888,0.07927290001840977,0.41455250176180414,0.08162193247329233,0.4706322484100262,0.06880397415681344,0.7113565601804551,0.048503578103841496,0.49585679080129524,0.0701365666880627,True
