,Model,HR,CI_lower,CI_upper,p,cindex,accuracy_mean,accuracy_std,precision_mean,precision_std,recall_mean,recall_std,f1_mean,f1_std,roc_auc_mean,roc_auc_std,pr_auc_mean,pr_auc_std,Sig
0,SVM,4.050743082272197,2.852996195977397,5.75132891579434,5.20567499840014e-15,0.6776942182972264,0.7620091688259917,0.019372089368623325,0.5390476190476191,0.06017359618640501,0.3689217758985201,0.03416628287956984,0.43616920087508326,0.03558502177788157,0.7275490656748423,0.03438915184502905,0.5051618793864415,0.06559925955020827,True
1,RandomForest,3.6315523010676243,2.6167925710746602,5.039823278760479,1.2273577275235224e-14,0.7017903960259417,0.7639470245609372,0.011831380683298193,0.5500324886289799,0.05815555337046621,0.44467935165609584,0.14702526924905227,0.4714071827179218,0.07606873664339633,0.7166211680502469,0.05157804146022225,0.4949377353806219,0.05950273794100709,True
2,XGBoost,3.2003935665336383,2.2835011710993958,4.48544503078955,1.4362413159709039e-11,0.6912515523664965,0.7332846101034262,0.05526355304297744,0.5075483091787439,0.09283524268455749,0.4464411557434813,0.1169508856137752,0.45196012419107473,0.024380569881647267,0.6983077680352666,0.04990654540363865,0.45664678021161836,0.06041489330514705,True
3,LogisticRegression,3.414495023465077,2.4756827298980064,4.709317605389644,7.092964120341326e-14,0.7045329101697254,0.7562731158505525,0.015981302889984818,0.5217554953327311,0.049010081397245026,0.4679351656095842,0.12820899042034675,0.4805733238569059,0.06576757524630032,0.7103257599551759,0.058958384816475126,0.47413768564909486,0.040049203267804,True
4,ANN,2.754067626531697,2.0021709214587076,3.7883321599655764,4.741342691088567e-10,0.6637229198288948,0.7350895843022611,0.014747065253143706,0.46536245547873456,0.03561116480633141,0.4302325581395349,0.049333031245573096,0.4467952268845497,0.04215438569314281,0.6951418433333044,0.03229240034400469,0.44166436423339017,0.039881193681637624,True
5,Ensemble,3.7891049374274384,2.7226903667882953,5.273209323384422,2.7956241211940876e-15,0.683765696150131,0.769694150997719,0.02914527031587173,0.5592285649493888,0.07927290001840977,0.41455250176180414,0.08162193247329233,0.4706322484100262,0.06880397415681344,0.7113565601804551,0.048503578103841496,0.49585679080129524,0.0701365666880627,True
