,Model,HR,CI_lower,CI_upper,p,cindex,accuracy_mean,accuracy_std,precision_mean,precision_std,recall_mean,recall_std,f1_mean,f1_std,roc_auc_mean,roc_auc_std,pr_auc_mean,pr_auc_std,Sig
0,SVM,1.5055169393473113,1.254301308959867,1.8070468702143547,1.120318469064471e-05,0.6130985235269767,0.46794232941332803,0.2396380319427621,0.3520634148976394,0.22247735319344644,0.5391120507399577,0.06274001793954892,0.37457542022196605,0.11735843704175342,0.4587677323564063,0.18056232009086567,0.30585375619865957,0.16821916865263625,True
1,RandomForest,1.9324237089787597,1.6642559073563556,2.2438023951226596,5.495557499544608e-18,0.7531392300262177,0.7581998981241557,0.05394089094701998,0.5675381263616558,0.12657745827575195,0.41472868217054265,0.11246990797323185,0.4570283096056292,0.08530436022000969,0.6860387733457145,0.03899875133770765,0.47465360223017883,0.06344272167578523,True
2,XGBoost,1.4209823258216943,1.2499831647467425,1.6153743724274379,7.840426644621897e-08,0.664033393128191,0.7121896662458752,0.04713245782250417,0.5907936507936508,0.29435642375801646,0.2834742776603242,0.16932266372209934,0.2916117918368481,0.148800519691277,0.6759218590747084,0.04762451291786014,0.43156656284732176,0.08268453070259585,True
3,LogisticRegression,1.6967877955729838,1.4120388420506962,2.0389586585480473,1.6884762166965247e-08,0.7542431350903822,0.7447345691316191,0.028552103561404762,0.48743480322427696,0.07111506189955397,0.36839323467230445,0.08208910572312056,0.4156992813709231,0.0728735052461977,0.6901056751402925,0.056124213423484254,0.4586925037059202,0.04293835641814126,True
4,ANN,1.609905313611405,1.370719063070666,1.8908288274536231,6.530178462137057e-09,0.7185732027045674,0.7255553340863287,0.03437474945477268,0.45093515442352655,0.07520330320645773,0.41525722339675825,0.04889379322826495,0.4314751481988144,0.05846159779861125,0.6604003961007333,0.05432284319320972,0.4412568690940743,0.03451756048544179,True
5,Ensemble,1.6883260016182935,1.4773824442622019,1.9293884930140164,1.4579550592123762e-14,0.7462398233751897,0.7466834983279074,0.02103425478821146,0.48001949317738796,0.09601819586597035,0.3137773079633545,0.15255249885791025,0.3646382881613038,0.12048232233143227,0.6868411959659962,0.04508182091036408,0.4526055945625183,0.07557890086188118,True
