,Model,HR,CI_lower,CI_upper,p,cindex,accuracy_mean,accuracy_std,precision_mean,precision_std,recall_mean,recall_std,f1_mean,f1_std,roc_auc_mean,roc_auc_std,pr_auc_mean,pr_auc_std,Sig
0,SVM,2.6616882588285824,1.900256595393226,3.728225127259667,1.240737905530651e-08,0.6536670346350214,0.7312803136004252,0.049315679669919996,0.46030154486036845,0.11349706655450825,0.3606412966878083,0.11211748026792197,0.3963369963369963,0.1079735183703378,0.6681784766508714,0.040126587156290736,0.4472793668070694,0.07200363838082609,True
1,RandomForest,3.3230334521917406,2.4671436697226734,4.475844459283812,2.720486935014148e-15,0.7036532358217193,0.7275042632826169,0.035133759762469546,0.4662618083670715,0.05701920745429667,0.507399577167019,0.03293395756320766,0.4831813361611877,0.03352963083352141,0.6971373631989645,0.05524811161418954,0.47212484862979903,0.06423035248421617,True
2,XGBoost,3.675311615439019,2.665278812831729,5.068105972834215,2.031514079067316e-15,0.701100455360839,0.750525989413771,0.03491850946879613,0.5154195011337869,0.07586652325929634,0.4383368569415081,0.030701932220989384,0.4689550490924123,0.029296341089697194,0.6948578080301852,0.050411915714889156,0.47457166086095454,0.07411283368192591,True
3,LogisticRegression,3.7070872634450724,2.723957857034683,5.045047207065399,7.852998894084004e-17,0.6890609907547951,0.7428410072420437,0.033669554369096466,0.5016754850088184,0.06666468367663808,0.43005637773079636,0.12329129675805375,0.44589943918642067,0.07599820561868487,0.6929260927840725,0.04756490252587455,0.4636062461919743,0.02467963223484579,True
4,ANN,1.3788164744826958,1.0154102957690085,1.8722824440785184,0.03959614632533692,0.5696667586587554,0.616359931787478,0.14067513389482317,0.35337411292149623,0.09965294300512759,0.3914728682170543,0.11484908829479887,0.34139468727174876,0.05069296393778305,0.5932156369578702,0.08010122635611637,0.37994665561543584,0.05225429790946167,True
5,Ensemble,3.330397456294517,2.3576897703325406,4.704413344139242,8.687296930316114e-12,0.6706740720298054,0.7370717338825769,0.05260868045893567,0.5058275058275058,0.11854928778509476,0.36134601832276253,0.09657547299154481,0.4037792894935752,0.06875930914548027,0.6900245990473223,0.044904113033884474,0.46560359861169925,0.05455308532861732,True
