,Model,HR,CI_lower,CI_upper,p,cindex,accuracy_mean,accuracy_std,precision_mean,precision_std,recall_mean,recall_std,f1_mean,f1_std,roc_auc_mean,roc_auc_std,pr_auc_mean,pr_auc_std,FDR,Sig
0,SVM,4.475016537194024,3.0556522850517998,6.553681878702541,1.3790620324642248e-14,0.6922801866907557,0.820662768031189,0.023553695854960165,0.5150060024009604,0.0948505976219109,0.43405017921146954,0.2288922676708614,0.43658392434988175,0.12783219329319417,0.7689199739989033,0.0781381377787967,0.48827179898385964,0.13032445948131982,2.0685930486963375e-14,True
1,RandomForest,5.710944257616842,3.771331951346765,8.648107547774949,1.875088813009324e-16,0.6612277928334839,0.8440545808966862,0.026297734041387973,0.6257272139625081,0.1100661479572476,0.33512544802867383,0.17757315660810147,0.41172751699067484,0.15757585699186216,0.7821013679627269,0.059561761926967945,0.4882293589025622,0.10548029236324444,5.625266439027972e-16,True
2,XGBoost,4.497168966455663,3.1119891640270954,6.498907177003207,1.2112452992605953e-15,0.704418849744053,0.8050682261208578,0.024032803130483338,0.465219421101774,0.04986051224160968,0.5,0.17120089600097482,0.46666019710594986,0.08557602046792728,0.7725267183057163,0.05928679891256167,0.44545137449183386,0.0757735525832177,2.4224905985211906e-15,True
3,LogisticRegression,3.899655829975854,2.7075816109684845,5.616567763150492,2.6515097586150335e-13,0.7069218608852755,0.7816764132553606,0.04782785242255476,0.4274497869750456,0.10150811701600711,0.5652329749103943,0.14486584385889123,0.4810080886044867,0.10118052415748756,0.7535266710970211,0.07085942687774023,0.4541651134520735,0.1175482523982681,3.18181171033804e-13,True
4,ANN,3.190359710087988,2.1069062392585245,4.830967268545731,4.2476554765145224e-08,0.6154772658837699,0.8011695906432749,0.014324501419784667,0.4075630252100841,0.08535377582740947,0.3136200716845878,0.1305417480392424,0.35024102742972646,0.1139531642080043,0.704032711994277,0.05601259786797096,0.33525436831315075,0.04283332030095082,4.2476554765145224e-08,True
5,Ensemble (Mean),5.747468444617725,3.899909635843592,8.470297162342074,9.727819942279946e-19,0.6917532369768142,0.8362573099415204,0.020813018035148744,0.5392156862745098,0.05545935538718021,0.4114695340501792,0.18830273665851324,0.4537756239619594,0.13626518556162945,0.7780655692460772,0.06821723365966592,0.47322086016523235,0.11016590824147304,5.836691965367968e-18,True
