,Model,HR,CI_lower,CI_upper,p,cindex,accuracy_mean,accuracy_std,precision_mean,precision_std,recall_mean,recall_std,f1_mean,f1_std,roc_auc_mean,roc_auc_std,pr_auc_mean,pr_auc_std,FDR,Sig
0,SVM,4.672356559364298,3.0910569757031396,7.062605441903438,2.601357166439178e-13,0.6613783498946101,0.8265107212475633,0.01929726108501299,0.47541238717709305,0.13822137575813076,0.3372759856630825,0.21173120315201913,0.37248088169140803,0.19293290483807074,0.7824004168890922,0.022373835143209803,0.48661014390309393,0.08018843574438393,3.9020357496587667e-13,True
1,RandomForest,7.033175622804626,4.671159358966648,10.589567929482069,9.421632650167476e-21,0.688403342366757,0.8460038986354776,0.027977972893581553,0.6298685782556751,0.14555717903599696,0.3899641577060932,0.18048579190659458,0.4572306341891596,0.13622991930392533,0.7899265723219052,0.046963350609501416,0.47606592756742305,0.09536109929768462,5.652979590100486e-20,True
2,XGBoost,4.98071550915943,3.4391057118451327,7.213365642625642,1.950077256511747e-17,0.7173102981029811,0.8167641325536062,0.044365718037976745,0.4988585076304375,0.10557143400890695,0.5433691756272401,0.10559312546796155,0.5174840340407711,0.09748314692264713,0.7775585297033478,0.06248445556165613,0.4620354933902335,0.09360210010204632,3.900154513023494e-17,True
3,LogisticRegression,3.7431608882334118,2.584843227246055,5.420542835059369,2.809848744937602e-12,0.6979448961156278,0.7914230019493177,0.04306183632431681,0.455072463768116,0.07906413672561073,0.4992831541218638,0.17743854209995144,0.45323230228890604,0.06364636127162819,0.749098495495201,0.05117749051842717,0.48363244000773653,0.11060816773039162,3.371818493925122e-12,True
4,ANN,2.201545288173763,1.4024432500367414,3.4559698980711837,0.000603642398833468,0.5652664859981933,0.7719298245614036,0.009549667613189778,0.3197032436162871,0.011896007022731662,0.23906810035842296,0.03971546129539657,0.2713778827808706,0.02509692955097191,0.7194251070366375,0.03221249931699212,0.35568782138316807,0.02789401379778147,0.000603642398833468,True
5,Ensemble (Mean),5.411617393539585,3.6844015278150604,7.948537257128769,7.395167344087582e-18,0.6891561276723879,0.8226120857699805,0.024032803130483338,0.5100308641975309,0.06371233133747843,0.46810035842293907,0.047969792184434715,0.48732943469785567,0.05259546808277599,0.7808822941973251,0.0391032238151331,0.47196890796682145,0.08180645728393506,2.2185502032262746e-17,True
