,Model,HR,CI_lower,CI_upper,p,cindex,accuracy_mean,accuracy_std,precision_mean,precision_std,recall_mean,recall_std,f1_mean,f1_std,roc_auc_mean,roc_auc_std,pr_auc_mean,pr_auc_std,FDR,Sig
0,SVM,4.510373167400177,2.562570306321311,7.93869579266588,1.7684404714508756e-07,0.6613783498946101,0.8265107212475633,0.01929726108501299,0.47541238717709305,0.13822137575813076,0.3372759856630825,0.21173120315201913,0.37248088169140803,0.19293290483807074,0.7828378236065264,0.022242057992590217,0.48699525675455213,0.08082032728042898,1.7684404714508756e-07,True
1,RandomForest,5.693456011843052,3.178557392442494,10.19816141620235,4.961925775486591e-09,0.6758882866606444,0.8401559454191033,0.029174716466073617,0.6271538918597742,0.1722278364223695,0.35663082437275984,0.22811304142135244,0.4085648148148149,0.17523163437539196,0.7892362359417954,0.04957366709414252,0.4845803261852599,0.10501086073581373,7.442888663229886e-09,True
2,XGBoost,4.403195475900816,2.980600553649556,6.504773132130664,9.650709252295183e-14,0.7220528455284553,0.8011695906432749,0.04079619792681547,0.46849413516080185,0.09860906031921905,0.5756272401433692,0.14791711279480357,0.5073565676534829,0.08866008059575951,0.7782497739429791,0.06315984871562152,0.4739763746138981,0.09835748162188832,2.895212775688555e-13,True
3,LogisticRegression,3.4607400524405847,2.286880279355783,5.237144164774694,4.272752993511887e-09,0.6950278530563083,0.787524366471735,0.038594522170025986,0.44,0.05818234427371576,0.4992831541218638,0.17743854209995144,0.4472860472860473,0.06064308186333439,0.7499633224753334,0.05085608874666201,0.4832362501429152,0.10921679497787727,7.442888663229886e-09,True
4,ANN,3.843039345133313,2.410318272285149,6.127386402892219,1.5479219161688104e-08,0.6546597410418549,0.8109161793372319,0.0055135031671465695,0.4682121971595656,0.003989522216549262,0.3903225806451613,0.06521130838733895,0.4223470994399427,0.0396050311128074,0.7429749830230269,0.039036969105604884,0.42828737003896583,0.04486023043212563,1.8575062994025724e-08,True
5,Ensemble (Mean),6.472625335652715,3.9691652850042,10.555085446810535,7.150971504759429e-14,0.729467780788919,0.8382066276803118,0.03519584811943038,0.57012987012987,0.1055229769650487,0.521505376344086,0.042333375666730184,0.5405441552982536,0.06105004763979476,0.788336365584135,0.044351355647859816,0.500688622637881,0.09977421461615872,2.895212775688555e-13,True
