,Model,HR,CI_lower,CI_upper,p,cindex,accuracy_mean,accuracy_std,precision_mean,precision_std,recall_mean,recall_std,f1_mean,f1_std,roc_auc_mean,roc_auc_std,pr_auc_mean,pr_auc_std,Sig
0,SVM,2.849831068961505,2.04586988969023,3.96972317865628,5.902499843652978e-10,0.65885883813992,0.7504374017230306,0.017147947636688202,0.5144300144300143,0.05746697763849894,0.39305849189570125,0.06901641239910981,0.43671133997931383,0.031558704829862914,0.7024123887828839,0.010689461445844713,0.45557023994854945,0.024307298546722655,True
1,RandomForest,3.9725214079693,2.923455617291315,5.398038623687394,1.176408991380214e-18,0.7078618738788465,0.7581002369720727,0.02981977255146756,0.542962962962963,0.09761490362721717,0.4776250880902044,0.06522626081106873,0.4957924263674614,0.003071591607359665,0.7217384381994713,0.0037905284164471685,0.5156883062715389,0.06448027061908376,True
2,XGBoost,2.5838577137433876,1.870608966009835,3.5690626989307948,8.416140797321506e-09,0.6745204912377536,0.7178703519146015,0.02910916233393454,0.43911564625850336,0.054699546191503155,0.43816067653276963,0.02765639630433642,0.4378037935361263,0.03973204808640105,0.6700868115256541,0.03239775957796826,0.45977032287312475,0.06157905669947962,True
3,LogisticRegression,3.049316573325417,2.2359888826829746,4.158487386216316,1.871855865106287e-12,0.6732441010073134,0.7350785108409187,0.017672710048687045,0.4689922480620155,0.03594425773447946,0.46141649048625794,0.030609793309873685,0.46516030630375654,0.033244835581056946,0.6943505574252956,0.017501598675911972,0.45149123557745474,0.05732249735128258,True
4,ANN,2.949985841831871,2.1366982084310107,4.072833698587096,4.906208363406119e-11,0.6475265627156065,0.7427634930126459,0.017102795245547607,0.48990171990171993,0.05283931405619522,0.3928823114869626,0.07101797092529633,0.42951857404631016,0.03772071509787392,0.686578332313287,0.023885949937919076,0.4670368103872958,0.013588873115099216,True
5,Ensemble,3.1834624866938643,2.339278416996727,4.332290389443311,1.761858054812051e-13,0.7011177038774665,0.7312581666777401,0.012433786154715345,0.47051282051282056,0.021376066667350077,0.5392882311486963,0.08115512969314079,0.49764987890042417,0.025421402146823417,0.7107456807350293,0.010813750855728782,0.5096354746137167,0.062178426268341046,True
