,Model,HR,CI_lower,CI_upper,p,cindex,accuracy_mean,accuracy_std,precision_mean,precision_std,recall_mean,recall_std,f1_mean,f1_std,roc_auc_mean,roc_auc_std,pr_auc_mean,pr_auc_std,Sig
0,SVM,1.8183039655413025,1.5745042622664518,2.099854151137075,3.951406951713324e-16,0.7407375465709949,0.7369720727304941,0.027469063995128974,0.4755524755524756,0.07021300903485299,0.3694503171247357,0.03490773726418261,0.41279628993473033,0.03503604464895493,0.707263712380879,0.008476820443059047,0.46184798393389953,0.041024930880937324,True
1,RandomForest,2.0317843158001003,1.714290833436531,2.408078854190595,2.9025205694621097e-16,0.7621774527390645,0.7580780900493876,0.036046717393734384,0.5625,0.13501543121683043,0.4392177589852008,0.0695147258460348,0.47480203619909506,0.01397190487869397,0.7104917864548611,0.00789872004699955,0.4992920728870592,0.051687631609427326,True
2,XGBoost,1.3721134381044366,1.1748476992597376,1.602501573789564,6.47642036529383e-05,0.6471988408996826,0.7658405864505128,0.009613358993559019,0.5539682539682539,0.049231944188161354,0.41631430584918955,0.09008213011071779,0.4643088712054229,0.04610070493809548,0.7067585308353991,0.01342257594083396,0.5005836047054689,0.049199035508605785,True
3,LogisticRegression,1.7934625694782824,1.5140774661537946,2.124401201406508,1.3710266963559577e-11,0.7533462122257486,0.7503709609549754,0.045332183806162156,0.532051282051282,0.11992491624275452,0.4696969696969697,0.043894032679465164,0.4873793679601302,0.03220284971702904,0.6972151598327704,0.011059517575134844,0.4532359776714865,0.05856965930446282,True
4,ANN,1.6756834117856825,1.3803134403951693,2.0342588968269615,1.8111820651785382e-07,0.7041189457706637,0.7389210019267822,0.03429020634004259,0.5021871899151678,0.1068022180051496,0.4314658210007047,0.1390457486229454,0.44354277563232786,0.06359114746252825,0.68706951667186,0.01507441407406255,0.4681056944406203,0.04297459859739741,True
5,Ensemble,1.8716803650075682,1.6245420649581983,2.1564153150106367,4.108691635389043e-18,0.7638678073685663,0.7658405864505128,0.01423077224679755,0.5531144781144781,0.055830484911867144,0.4237138830162086,0.069789238556692,0.4716202270381837,0.024058912748967532,0.7169033670631398,0.00934801534597619,0.5121373423351506,0.050933585423179606,True
