,Model,HR,CI_lower,CI_upper,p,cindex,accuracy_mean,accuracy_std,precision_mean,precision_std,recall_mean,recall_std,f1_mean,f1_std,roc_auc_mean,roc_auc_std,pr_auc_mean,pr_auc_std,Sig
0,SVM,1.7376839754688647,1.4946919186274574,2.0201792496302917,6.500406688458452e-13,0.7331999448047468,0.7504374017230306,0.017147947636688202,0.5144300144300143,0.05746697763849894,0.39305849189570125,0.06901641239910981,0.43671133997931383,0.031558704829862914,0.7024123887828839,0.010689461445844713,0.45557023994854945,0.024307298546722655,True
1,RandomForest,2.011782985989734,1.7149935785011639,2.3599334909783884,9.189547039008402e-18,0.766972540361529,0.7581002369720727,0.02981977255146756,0.542962962962963,0.09761490362721717,0.4776250880902044,0.06522626081106873,0.4957924263674614,0.003071591607359665,0.7217384381994713,0.0037905284164471685,0.5156883062715389,0.06448027061908376,True
2,XGBoost,1.0877992894332218,0.9262121346220709,1.277576971688301,0.3050254139931827,0.5980750655443632,0.7178703519146015,0.02910916233393454,0.43911564625850336,0.054699546191503155,0.43816067653276963,0.02765639630433642,0.4378037935361263,0.03973204808640105,0.6700868115256541,0.03239775957796826,0.45977032287312475,0.06157905669947962,False
3,LogisticRegression,1.4114935370046924,1.241341915369404,1.6049679627656293,1.4513882301993662e-07,0.7165723747757693,0.7350785108409187,0.017672710048687045,0.4689922480620155,0.03594425773447946,0.46141649048625794,0.030609793309873685,0.46516030630375654,0.033244835581056946,0.6943505574252956,0.017501598675911972,0.45149123557745474,0.05732249735128258,True
4,ANN,1.757637304981563,1.5034583354857596,2.054788498588302,1.4787402084512219e-12,0.7154339726783496,0.7427634930126459,0.017102795245547607,0.48990171990171993,0.05283931405619522,0.3928823114869626,0.07101797092529633,0.42951857404631016,0.03772071509787392,0.686578332313287,0.023885949937919076,0.4670368103872958,0.013588873115099216,True
5,Ensemble,1.7206188657062917,1.490279923721348,1.9865591919347125,1.3538259517101817e-13,0.7500689940665103,0.7312581666777401,0.012433786154715345,0.47051282051282056,0.021376066667350077,0.5392882311486963,0.08115512969314079,0.49764987890042417,0.025421402146823417,0.7107456807350293,0.010813750855728782,0.5096354746137167,0.062178426268341046,True
