,Model,HR,CI_lower,CI_upper,p,cindex,accuracy_mean,accuracy_std,precision_mean,precision_std,recall_mean,recall_std,f1_mean,f1_std,roc_auc_mean,roc_auc_std,pr_auc_mean,pr_auc_std,FDR,Sig
0,SVM,4.9632724028769974,2.842145669216167,8.667420960148823,1.779159678366943e-08,0.656127672387835,0.8226120857699805,0.035837770586452725,0.5470342522974102,0.1276222260764641,0.3473118279569893,0.035953233327527936,0.41658221559860903,0.049009203153309616,0.7628647325627421,0.07380197784537705,0.4607085356584965,0.04823142143512125,2.1349916140403313e-08,True
1,RandomForest,4.573368709939009,2.89439972591885,7.226265663913904,7.353795176196026e-11,0.69555480277025,0.820662768031189,0.01987921837658006,0.4949769585253456,0.06138256920509678,0.4562724014336918,0.09360124298137379,0.473926055405477,0.07878043022822093,0.7848000711761864,0.07517239263271243,0.46484742466000695,0.06499698973476704,1.7094518716792023e-10,True
2,XGBoost,3.6651949441830034,2.3797805719591896,5.644912870183319,3.753741150862969e-09,0.6597034025895815,0.7992202729044834,0.027567515835732845,0.4541446208112874,0.05230399515462758,0.4455197132616487,0.053377347237224815,0.4436200505414636,0.00889048113996817,0.7465942557912358,0.06668505889150118,0.4447746394319167,0.05013131292246466,5.630611726294453e-09,True
3,LogisticRegression,4.0248510382216125,2.670481902172011,6.066105846550745,2.873072559683067e-11,0.6894760614272809,0.7992202729044834,0.030324267419306102,0.45555555555555555,0.0785674201318386,0.5111111111111111,0.04251808638376176,0.4795874435218697,0.056621707749076725,0.728087357874592,0.08002378250519432,0.3933395255211794,0.0552598412120364,1.7094518716792023e-10,True
4,ANN,2.495973371702555,1.6086480729050137,3.8727445593478045,4.4834992110010056e-05,0.594945046672689,0.7660818713450291,0.02188103734955523,0.3382989559460148,0.03135317578687849,0.3039426523297491,0.02635810223777811,0.318122555410691,0.014750597782248694,0.6805656327962436,0.05262496074181255,0.3112127328010523,0.023520743848396877,4.4834992110010056e-05,True
5,Ensemble (Mean),4.695911930832111,2.9436229161234353,7.491309006104595,8.547259358396012e-11,0.6916591388136104,0.8109161793372319,0.03353733047579971,0.4716666666666667,0.09454569735788555,0.44480286738351255,0.09641643682065873,0.45703877179287017,0.09445434397091745,0.7530781884934252,0.0835332323491943,0.42637221272742315,0.05409216896446102,1.7094518716792023e-10,True
