,Model,HR,CI_lower,CI_upper,p,cindex,accuracy_mean,accuracy_std,precision_mean,precision_std,recall_mean,recall_std,f1_mean,f1_std,roc_auc_mean,roc_auc_std,pr_auc_mean,pr_auc_std,FDR,Sig
0,SVM,5.163604079658494,3.4188916642768334,7.798669776541627,6.019183976318611e-15,0.656127672387835,0.8226120857699805,0.035837770586452725,0.5470342522974102,0.1276222260764641,0.3473118279569893,0.035953233327527936,0.41658221559860903,0.049009203153309616,0.7628647325627421,0.07380197784537701,0.4597792989298208,0.04949690989459607,1.2038367952637222e-14,True
1,RandomForest,4.211019068219838,2.848880825233122,6.2244378339202795,5.559889444319845e-13,0.667212436013249,0.8167641325536062,0.026297734041387983,0.4821680533255486,0.09424928588310191,0.3917562724014337,0.12211548961240944,0.4264332278784393,0.11011969888417317,0.7717570350034317,0.07714500577195826,0.4274593970401746,0.07126099359335537,6.671867333183814e-13,True
2,XGBoost,5.242650111692138,3.592875682903218,7.649966939968282,8.424399115451864e-18,0.7109680819030413,0.820662768031189,0.026297734041387973,0.5303030303030303,0.10126231139274453,0.4767025089605734,0.12853348442323376,0.48177490871152845,0.05777331564770672,0.7545525523562585,0.0636020300076025,0.44310649643525807,0.009845250219807878,5.054639469271119e-17,True
3,LogisticRegression,4.240277913124997,2.9419279597625945,6.111623746893725,9.531519663856533e-15,0.7152213188798555,0.7738791423001948,0.0055135031671465695,0.4070175438596491,0.009924305700863804,0.5863799283154122,0.13693069801317528,0.4756132756132756,0.051179174482333924,0.728240967705621,0.07991834445706691,0.3933891106049477,0.055213499389045954,1.42972794957848e-14,True
4,ANN,3.1222200852673994,2.1311497367975174,4.574178009423163,5.11359575558898e-09,0.6492585064739537,0.7543859649122807,0.0642388189211855,0.37732152442297373,0.0797304835152168,0.4125448028673835,0.09772662869263166,0.3778494331519706,0.028841287912930513,0.6580981069313259,0.0070115657930610725,0.332525316631818,0.022924635389984124,5.11359575558898e-09,True
5,Ensemble (Mean),4.811683191876747,3.3037689103560193,7.007843395588546,2.6183709317850726e-16,0.698264829870521,0.8187134502923977,0.020813018035148744,0.4900344440574325,0.05955062874083708,0.478494623655914,0.0934308989085095,0.4834283070329242,0.07685527152864927,0.7507691385865717,0.08017192187297566,0.43975558173296087,0.04916317302452351,7.855112795355218e-16,True
