,Model,HR,CI_lower,CI_upper,p,cindex,accuracy_mean,accuracy_std,precision_mean,precision_std,recall_mean,recall_std,f1_mean,f1_std,roc_auc_mean,roc_auc_std,pr_auc_mean,pr_auc_std,FDR,Sig
0,SVM,6.082440308856599,3.325809324824166,11.123933003212542,4.5877503844586355e-09,0.6033009635651913,0.8323586744639376,0.014587358233036809,0.6243386243386243,0.14567089839085934,0.2064516129032258,0.013937076770769588,0.30757575757575756,0.031998048609004355,0.8021247544239994,0.01249965213605806,0.4940535072004824,0.04470950144219647,6.881625576687953e-09,True
1,RandomForest,4.0812968502953515,2.4686481823598996,6.747411032181808,4.1828350883448285e-08,0.6484304426377597,0.8362573099415206,0.02081301803514874,0.588164708854364,0.1415275715193,0.34623655913978496,0.11604935538264122,0.42265288544358315,0.10162987759136359,0.7908625754885192,0.04640826082665437,0.4923348139228403,0.1143364671382483,5.019402106013794e-08,True
2,XGBoost,4.568238951596336,3.0106931794563376,6.931562226693063,9.27470671508061e-13,0.7201332429990966,0.8089668615984404,0.031067012574092084,0.4942765567765568,0.09630108936584345,0.5537634408602151,0.1370704170320641,0.5056870299027701,0.06034906693272007,0.7738805184241011,0.04324430948873657,0.5150654726302242,0.11350168798934204,5.564824029048366e-12,True
3,LogisticRegression,3.3530663588364886,2.3173530452916538,4.851679388949549,1.3762523063762622e-10,0.6971168322794339,0.7719298245614034,0.04376207469911043,0.4112104787714544,0.08309855318898475,0.553763440860215,0.046249060575498005,0.46981749226394537,0.06884387231888658,0.777671376641864,0.03427425366899569,0.4853843313279167,0.06377345297494638,4.128756919128787e-10,True
4,ANN,3.4423082085078907,2.15032896483298,5.510545593790657,2.6164288480337405e-07,0.6429162902740139,0.7992202729044834,0.022054012668586274,0.4282044583768722,0.08048466915752021,0.3480286738351255,0.06715242920467623,0.3824984737041021,0.07007607361898198,0.7503119405315699,0.043676191770169286,0.4110517980577357,0.07708021981924132,2.6164288480337405e-07,True
5,Ensemble (Mean),4.288417500313975,2.7292348196303853,6.738344580950991,2.7085809733688447e-10,0.691038090936465,0.8245614035087718,0.020813018035148744,0.5273822766036337,0.08791314825875338,0.4455197132616488,0.027712375311939364,0.47811761847075257,0.028512280403143832,0.7979199122644558,0.028987468873225192,0.5029951388485766,0.0758655961822607,5.417161946737689e-10,True
