,Model,HR,CI_lower,CI_upper,p,cindex,accuracy_mean,accuracy_std,precision_mean,precision_std,recall_mean,recall_std,f1_mean,f1_std,roc_auc_mean,roc_auc_std,pr_auc_mean,pr_auc_std,Sig
0,SVM,3.012098175791734,2.1013810622436138,4.317510794982165,1.943828955944855e-09,0.688905754105147,0.7389210019267822,0.0195732254908127,0.47291923762511995,0.05516874023974466,0.3844256518675124,0.04179005237277808,0.4233977404709112,0.04383107146415123,0.7090737772789965,0.021736448072100935,0.4609660025221593,0.06165705794443283,True
1,RandomForest,4.217455926850031,3.0284082393053238,5.873360884463363,1.635016810429426e-17,0.720798261349524,0.7523198901512634,0.03605941045114128,0.5521955824353405,0.13262224750133667,0.4393939393939394,0.08623414624233369,0.466967214616893,0.017950800147744556,0.7002292828184893,0.01365885604294275,0.492640551242942,0.06667904558665755,True
2,XGBoost,2.9938248308030095,2.1588862378495506,4.151671802058744,4.9211862196841236e-11,0.6840416724161722,0.7351560250703164,0.046042799781006574,0.5052083333333334,0.09575404328567831,0.446969696969697,0.10020592773812767,0.4547207975820164,0.010682977267319482,0.6717801711277657,0.038569747011853804,0.4537511226388096,0.08392186786602676,True
3,LogisticRegression,3.3595943681586813,2.3889040670151593,4.724708067773533,3.2731229333532206e-12,0.6870084172761143,0.7466613514052223,0.011994935665035225,0.49723458163391426,0.02751108465690107,0.40821000704721633,0.07422738007198615,0.44230260668616833,0.03043261230101992,0.7022625681910255,0.009388590438691936,0.477999239969626,0.020800821066758735,True
4,ANN,2.8977418502807795,2.1464999889164953,3.9119067664692815,3.685752248319003e-12,0.6769525320822409,0.717881425375944,0.05516959583815782,0.45826330532212883,0.07444949223923183,0.4839675828047922,0.0824076211032946,0.4622684878708975,0.0501997751261934,0.6824682389035309,0.01797851442302969,0.4371512610923644,0.02541594266613921,True
5,Ensemble,3.625836669411995,2.6035846449382287,5.049458091870325,2.4846073746256e-14,0.6887505174554989,0.7484995459880849,0.026491145046237917,0.4915739268680445,0.07693089117346903,0.38407329105003524,0.07568461012450378,0.4305292120360613,0.07639042801112572,0.6955481290116475,0.019171571092568968,0.4757217593634559,0.06944623810261386,True
