,Model,HR,CI_lower,CI_upper,p,cindex,accuracy_mean,accuracy_std,precision_mean,precision_std,recall_mean,recall_std,f1_mean,f1_std,roc_auc_mean,roc_auc_std,pr_auc_mean,pr_auc_std,Sig
0,SVM,1.9724870222352364,1.710982400522555,2.2739597155985716,7.89717548361669e-21,0.7696115634055471,0.7446792018249065,0.03851756412263866,0.5270955165692007,0.14941898755302785,0.40063424947145876,0.180566268653109,0.42228799276524026,0.09688049613884854,0.7334503903694388,0.0175158619777812,0.49816209649010385,0.03404033367636264,True
1,RandomForest,1.9542902511449358,1.688409430382212,2.262040425144722,2.7089672183867953e-19,0.7601076307437561,0.7427745664739884,0.023458719488974752,0.5270544999609038,0.09895130547330347,0.45560253699788583,0.16828761495990674,0.45063246191973655,0.082236344192937,0.7139880002830473,0.013594327845795614,0.4729245211874329,0.04053173221395511,True
2,XGBoost,1.1764195490483624,1.017209045474456,1.3605492022906969,0.02852824197402659,0.5740651303987857,0.7120678581711072,0.04316885759626116,0.44722794778288666,0.0904760730047037,0.4312896405919662,0.05146880799580045,0.42902876280535845,0.023492546415354525,0.6772731203940151,0.04151774660857122,0.47647599262672996,0.05242492096784384,True
3,LogisticRegression,1.738253845335618,1.4369909798863207,2.102675989701128,1.2452023058874215e-08,0.7417552090520215,0.7581334573561004,0.03856152895036368,0.5612889525933004,0.14346052982843271,0.42353770260747003,0.04340764931482591,0.4683868429004083,0.01785105859479804,0.7113508495764842,0.016750157173379684,0.4843380936139259,0.04675051808820071,True
4,ANN,1.906779022233874,1.6358656018611037,2.222558036243783,1.5217554213521618e-16,0.7530012418931972,0.7447345691316191,0.06586626800585373,0.5474509803921569,0.15778259708566977,0.4772727272727273,0.09129239709236328,0.4869171825693564,0.04643691694444665,0.6965038068624079,0.012863000475134714,0.4903487385453875,0.042385359228534404,True
5,Ensemble,1.820634298387101,1.592254460920921,2.0817710547008574,1.921385839087982e-18,0.7581068028149579,0.763902730715567,0.026237135988250754,0.5841784989858012,0.1290651800982471,0.4008104298801973,0.11336302354465377,0.4511781575785761,0.042225530960528536,0.7182470659703041,0.032891992127892906,0.49513938383838063,0.04492128450244807,True
