,Model,HR,CI_lower,CI_upper,p,cindex,accuracy_mean,accuracy_std,precision_mean,precision_std,recall_mean,recall_std,f1_mean,f1_std,roc_auc_mean,roc_auc_std,pr_auc_mean,pr_auc_std,Sig
0,SVM,1.810903303348067,1.5742065891673518,2.0831895868327583,9.65175304845751e-17,0.751966330895543,0.742785639935331,0.033416275510787914,0.5053163211057948,0.11667538455036927,0.3386187455954898,0.014451089960824445,0.39862548108162144,0.024810571929275063,0.6948748570797213,0.019599439923908675,0.45470525558156943,0.0667043918215945,True
1,RandomForest,1.9568417313086088,1.654550653133808,2.3143622433910425,4.459561581068105e-15,0.7631433696702083,0.7465616902531392,0.033541611285510746,0.5999235633381975,0.20603097917007931,0.38618745595489784,0.14575306295470064,0.41374505446004956,0.07927448151535774,0.7037186997865144,0.0022758088271840962,0.4967787354370236,0.06025391596997293,True
2,XGBoost,1.5916382068177795,1.3772020908572942,1.8394629213967832,3.0778471693554433e-10,0.6982544501172899,0.7696277102296635,0.028941371976636782,0.6041394335511983,0.15519844523044976,0.41613812544045103,0.07899329140025256,0.47157086532475617,0.020148079986418845,0.7235506756099691,0.0027989872125024537,0.4973220939726018,0.04483853852648493,True
3,LogisticRegression,1.9858454281523665,1.6585025291694673,2.377796834888455,8.345675620929137e-14,0.7437215399475645,0.7408477842003854,0.013154125530246797,0.48414066099063274,0.028909352698028207,0.4392177589852008,0.0695147258460348,0.4553325545998372,0.03260416156161002,0.7054703137563071,0.011656549986737461,0.466731057902817,0.03193059410511888,True
4,ANN,1.5338918497821075,1.3129528275778601,1.7920097031730178,6.99941002644369e-08,0.7017731475093142,0.6603215733173876,0.07529565968956423,0.39950731940536227,0.05527554219741643,0.5757575757575757,0.11085878356399444,0.4596723294298752,0.004584595784904271,0.6788899144526696,0.024113720058006313,0.42915142159696346,0.015753375537926512,True
5,Ensemble,1.9353802905379023,1.6920225118610923,2.2137393815656754,5.930130739643493e-22,0.7797364426659308,0.7735144951608973,0.02581951753449197,0.6177536231884058,0.14193583347187713,0.40856236786469347,0.08853762344649962,0.4692384519350812,0.02605882830507176,0.7142991764729739,0.0023392487752130313,0.49955064770769964,0.05923660010353369,True
