,Model,HR,CI_lower,CI_upper,p,cindex,accuracy_mean,accuracy_std,precision_mean,precision_std,recall_mean,recall_std,f1_mean,f1_std,roc_auc_mean,roc_auc_std,pr_auc_mean,pr_auc_std,Sig
0,SVM,1.9037292722418038,1.646594260469192,2.2010189328351033,3.4347938433175046e-18,0.7648682213329654,0.7389210019267822,0.0195732254908127,0.47291923762511995,0.05516874023974466,0.3844256518675124,0.04179005237277808,0.4233977404709112,0.04383107146415123,0.7090737772789965,0.021736448072100935,0.4609660025221593,0.06165705794443283,True
1,RandomForest,1.9412954187868419,1.6084726379103607,2.3429853975624817,4.741194792267305e-12,0.7629363874706775,0.7523198901512634,0.03605941045114128,0.5521955824353405,0.13262224750133667,0.4393939393939394,0.08623414624233369,0.466967214616893,0.017950800147744556,0.7002292828184893,0.01365885604294275,0.492640551242942,0.06667904558665755,True
2,XGBoost,1.053832266371181,0.8995509937394063,1.2345741968762052,0.5161941399647527,0.5906927004277632,0.7351560250703164,0.046042799781006574,0.5052083333333334,0.09575404328567831,0.446969696969697,0.10020592773812767,0.4547207975820164,0.010682977267319482,0.6717801711277657,0.038569747011853804,0.4537511226388096,0.08392186786602676,False
3,LogisticRegression,1.8779702272803123,1.643725142342517,2.1455972678772617,1.8427336855989238e-20,0.7276114254174141,0.7466613514052223,0.011994935665035225,0.49723458163391426,0.02751108465690107,0.40821000704721633,0.07422738007198615,0.44230260668616833,0.03043261230101992,0.7022625681910255,0.009388590438691936,0.477999239969626,0.020800821066758735,True
4,ANN,1.7726282152336383,1.4984822747043334,2.0969289009857563,2.4189940340612268e-11,0.7187801849040982,0.717881425375944,0.05516959583815782,0.45826330532212883,0.07444949223923183,0.4839675828047922,0.0824076211032946,0.4622684878708975,0.0501997751261934,0.6824682389035309,0.01797851442302969,0.4371512610923644,0.02541594266613921,True
5,Ensemble,1.770545310744541,1.5321846153146939,2.0459875827402323,9.64692805879696e-15,0.7426866289499103,0.7484995459880849,0.026491145046237917,0.4915739268680445,0.07693089117346903,0.38407329105003524,0.07568461012450378,0.4305292120360613,0.07639042801112572,0.6955481290116475,0.019171571092568968,0.4757217593634559,0.06944623810261386,True
