,Model,HR,CI_lower,CI_upper,p,cindex,accuracy_mean,accuracy_std,precision_mean,precision_std,recall_mean,recall_std,f1_mean,f1_std,roc_auc_mean,roc_auc_std,pr_auc_mean,pr_auc_std,Sig
0,SVM,2.8298001186088366,2.033511832927338,3.9379012118906718,6.83678595606803e-10,0.673537325789982,0.7446792018249065,0.03851756412263866,0.5037037037037037,0.11665196850387867,0.4309372797744891,0.17159139727428785,0.4431539291241344,0.10574136065764739,0.7318150885743643,0.018521144448023795,0.4968199213426798,0.03392989143616131,True
1,RandomForest,3.039666601440378,2.2548858997158656,4.09757897243331,2.9610610315664063e-13,0.7077411342624534,0.7216021083870396,0.03836680944406979,0.46177524661131214,0.06300024590001267,0.561663143058492,0.014882813306513686,0.5040145040145041,0.03426642923292663,0.710534067683899,0.005228706705352867,0.4841228989951081,0.0628225766754044,True
2,XGBoost,2.861894038235488,2.0541218418398044,3.987318239482787,5.156454143407368e-10,0.6850248378639437,0.7178149846078887,0.05095897425288918,0.4700850906400296,0.12210061646350297,0.4312896405919662,0.05146880799580045,0.43546998663788666,0.02886988358022491,0.6871216052425,0.041943994134087385,0.48716739552138194,0.06353977408205976,True
3,LogisticRegression,3.158989669079132,2.238183643804559,4.45862239989637,6.051211635808348e-11,0.6949599834414241,0.7600491661683608,0.036634146574920076,0.5652975865741823,0.1399958094142446,0.4312896405919662,0.051468807995800454,0.47412966437356685,0.012922189018859472,0.7116467250720757,0.016638865321712014,0.4850644023778934,0.04620506895014267,True
4,ANN,2.6995815984769145,1.9956462436383398,3.6518199706319745,1.1760157390692213e-10,0.6710707879122395,0.7178371315305738,0.0171240329868999,0.4395747229709494,0.03097114263599659,0.49312896405919665,0.07608913465629237,0.4635481787113445,0.0505299696781502,0.6843476172918743,0.061862466582804754,0.44669780264866893,0.05553197287713061,True
5,Ensemble,3.7611426807230153,2.63584583030518,5.366851923626525,2.8109156175514795e-13,0.6992893611149441,0.7658405864505128,0.023554811463138484,0.5794216676569618,0.10549957310298712,0.42406624383368574,0.10731021282160919,0.46789244903611116,0.03749067310718717,0.7218176521389731,0.028786847424703842,0.4909081934177199,0.04597424267331881,True
