,Model,HR,CI_lower,CI_upper,p,cindex,accuracy_mean,accuracy_std,precision_mean,precision_std,recall_mean,recall_std,f1_mean,f1_std,roc_auc_mean,roc_auc_std,pr_auc_mean,pr_auc_std,Sig
0,SVM,2.7091570382833217,1.8705325548412548,3.923765902434635,1.3385889547962033e-07,0.6456982199530841,0.7485438398334551,0.015351540081120248,0.5046209273182957,0.047283066680390916,0.34566596194503174,0.05312825316333643,0.4046747967479674,0.026346042460579453,0.7126983348623682,0.017628173930975613,0.4572240436424957,0.02848856981104789,True
1,RandomForest,3.9667116051462954,2.9036659318499116,5.4189432695440045,4.837887012326238e-18,0.7313026079757141,0.7619980953646491,0.016439231220909904,0.520578231292517,0.02684382531368104,0.5008809020436927,0.09900555219407596,0.5077867883200385,0.06393435134027171,0.7349261056122408,0.01359969805229073,0.48055369951883153,0.015685584093125298,True
2,XGBoost,3.662939378202433,2.6784979194351077,5.00919742779404,4.3172969916470583e-16,0.7100351869739202,0.7524306247646889,0.013538663997855827,0.5077956989247312,0.030463050673780766,0.46952078928823116,0.08049613274254734,0.4831582734808541,0.0386286878621785,0.7062358553926101,0.03322676516742998,0.4476129148674007,0.036152857753599645,True
3,LogisticRegression,2.785515875964317,2.0105944112309535,3.859106865068264,7.320370467596858e-10,0.6789878570442942,0.7331628020286581,0.02270946899216755,0.4710550887021476,0.042146288714443945,0.45401691331923894,0.041092734887074434,0.4591593463439085,0.012234236693816642,0.688117815967097,0.023303216878158683,0.44317361766687363,0.01665839517055717,True
4,ANN,2.8790226452786043,2.0485769170531403,4.046111875530813,1.1269314222380284e-09,0.6740720298054367,0.7389210019267822,0.0171765127436641,0.4754134754134754,0.035035616178220326,0.41578576462297395,0.04147692450898424,0.44230623513263395,0.03233548743495771,0.6983961272173592,0.03025303210393234,0.46691850365516746,0.04530927427716223,True
5,Ensemble,3.942988060761029,2.850722833950933,5.4537588369321,1.1338189863770369e-16,0.7239892369256244,0.7658405864505128,0.01888524210546092,0.5377899877899878,0.03941782657546648,0.45401691331923894,0.024636296296741814,0.4922187940336484,0.030344484685862722,0.7195419454206956,0.020503830223734712,0.48857998202568204,0.01962669862692173,True
