,Model,HR,CI_lower,CI_upper,p,cindex,accuracy_mean,accuracy_std,precision_mean,precision_std,recall_mean,recall_std,f1_mean,f1_std,roc_auc_mean,roc_auc_std,pr_auc_mean,pr_auc_std,Sig
0,SVM,1.8332151922754374,1.5772463354599102,2.1307248371000505,2.8204152181381426e-15,0.7614012694908238,0.7485438398334551,0.015351540081120248,0.5046209273182957,0.047283066680390916,0.34566596194503174,0.05312825316333643,0.4046747967479674,0.026346042460579453,0.7126983348623682,0.017628173930975613,0.4572240436424957,0.02848856981104789,True
1,RandomForest,2.030562722505328,1.7209067372373732,2.3959374908644566,4.850241890071974e-17,0.7939147233337933,0.7619980953646491,0.016439231220909904,0.520578231292517,0.02684382531368104,0.5008809020436927,0.09900555219407596,0.5077867883200385,0.06393435134027171,0.7349261056122408,0.01359969805229073,0.48055369951883153,0.015685584093125298,True
2,XGBoost,1.6590572589854518,1.3653101039979971,2.0160042619858602,3.5465841398728756e-07,0.7319580516075618,0.7524306247646889,0.013538663997855827,0.5077956989247312,0.030463050673780766,0.46952078928823116,0.08049613274254734,0.4831582734808541,0.0386286878621785,0.7062358553926101,0.03322676516742998,0.4476129148674007,0.036152857753599645,True
3,LogisticRegression,1.6817107176511723,1.4420125946655762,1.9612525912221388,3.4612100786565735e-11,0.7062577618324825,0.7331628020286581,0.02270946899216755,0.4710550887021476,0.042146288714443945,0.45401691331923894,0.041092734887074434,0.4591593463439085,0.012234236693816642,0.688117815967097,0.023303216878158683,0.44317361766687363,0.01665839517055717,True
4,ANN,1.6752351507519376,1.4056438639147806,1.9965318971328079,8.239360026547431e-09,0.7452739064440458,0.7389210019267822,0.0171765127436641,0.4754134754134754,0.035035616178220326,0.41578576462297395,0.04147692450898424,0.44230623513263395,0.03233548743495771,0.6983961272173592,0.03025303210393234,0.46691850365516746,0.04530927427716223,True
5,Ensemble,1.9375181515264814,1.6637747811572183,2.2563009308769306,1.7293146547864803e-17,0.7837725955567821,0.7658405864505128,0.01888524210546092,0.5377899877899878,0.03941782657546648,0.45401691331923894,0.024636296296741814,0.4922187940336484,0.030344484685862722,0.7195419454206956,0.020503830223734712,0.48857998202568204,0.01962669862692173,True
