,Model,HR,CI_lower,CI_upper,p,cindex,accuracy_mean,accuracy_std,precision_mean,precision_std,recall_mean,recall_std,f1_mean,f1_std,roc_auc_mean,roc_auc_std,pr_auc_mean,pr_auc_std,Sig
0,SVM,1.7737482424354147,1.5119267504109444,2.0809095590693034,2.021016945740077e-12,0.6913722919828895,0.5780236086195824,0.2177447488486679,0.36443595548009805,0.14378229720017222,0.4619450317124736,0.041920572445286686,0.3873539439480728,0.10610004829749622,0.5657178580931466,0.19785863963547842,0.372927128364353,0.14279889190030948,True
1,RandomForest,1.9544628769329975,1.6590844966643978,2.302429529652768,1.0932743341737373e-15,0.7796674485994205,0.7620091688259917,0.03784469103424228,0.539561556329849,0.07384520194393467,0.44591261451726566,0.12540011109919422,0.47558661145617664,0.09091683623372042,0.7176983824507347,0.02276193197530216,0.47214686692208785,0.030982160175371618,True
2,XGBoost,1.5753811288471429,1.3285922790875877,1.868011533856041,1.7099626562531658e-07,0.7377363046777977,0.7696277102296635,0.04118700075484089,0.5488095238095237,0.09690505440461297,0.461768851303735,0.06975186862159143,0.5012210012210012,0.08100586266063099,0.7067142012375457,0.029976603583650396,0.47386713167402467,0.0476835886762194,True
3,LogisticRegression,1.986134175089388,1.5440026808417546,2.5548718343593997,9.247499946007311e-08,0.7553125431212916,0.763902730715567,0.005272386486106811,0.5363310524600847,0.015023971174191584,0.4001057082452431,0.013585326038517987,0.4581286549707602,0.01126577489894645,0.6935365066911312,0.028744371274226993,0.4772687412513967,0.03385416138349696,True
4,ANN,1.6173626880946486,1.3682950535950433,1.9117675372485345,1.7508432334093977e-08,0.7350282875672692,0.7370385134985494,0.030571807327463965,0.47701678951678955,0.06384764246467234,0.4076814658210007,0.00954631232145461,0.43803030303030305,0.03037944909731546,0.6918805349925535,0.022944278977144586,0.4205999531951871,0.0300446215022765,True
5,Ensemble,1.9981125730470106,1.7029229458675068,2.34447123063146,2.121794423684799e-17,0.7813578032289223,0.7524195513033464,0.02462773153756457,0.5129931972789116,0.04544818486496481,0.46124031007751937,0.15435897481968897,0.4676565966888548,0.09456339467831429,0.7213868015527876,0.024170688381721952,0.4713095395419762,0.03408246560565159,True
