,Model,HR,CI_lower,CI_upper,p,cindex,accuracy_mean,accuracy_std,precision_mean,precision_std,recall_mean,recall_std,f1_mean,f1_std,roc_auc_mean,roc_auc_std,pr_auc_mean,pr_auc_std,FDR,Sig
0,SVM,4.024431191436378,2.331531627125539,6.946526577713012,5.747714958008214e-07,0.6466049382716049,0.8265107212475633,0.014587358233036809,0.5404761904761906,0.08774059891756326,0.3150537634408603,0.02840826841639335,0.39477124183006534,0.03223223008088354,0.7700380029995678,0.024703485849800654,0.4764347716060331,0.08444745722941324,8.621572437012321e-07,True
1,RandomForest,4.055888148826881,1.9262719147067877,8.539930707705073,0.0002281087586674614,0.5985395965070762,0.8284600389863548,0.015348943224194571,0.5571895424836601,0.17151415257186445,0.20537634408602148,0.0912522559538801,0.29273504273504275,0.10781603257728944,0.7626192473481423,0.034366828927228414,0.4739175125637837,0.08272215361343457,0.0002281087586674614,True
2,XGBoost,4.569037774900764,2.9849918642378483,6.993689476537442,2.6540250944523668e-12,0.7176114122252334,0.8187134502923975,0.03443181624299355,0.5273035230352304,0.11286087544581322,0.5326164874551971,0.11852478111946686,0.5106831464980358,0.05936632429146906,0.7565101698423593,0.02548844439503259,0.49558106889029707,0.09678487974340352,5.3080501889047335e-12,True
3,LogisticRegression,4.54733589166854,3.0104149521492762,6.868908120753829,6.161061203980858e-13,0.7145626317374285,0.8304093567251462,0.03131067915050487,0.5248591909882232,0.09957366221208759,0.5093189964157706,0.10425241200554886,0.5168827537579702,0.10192992026316161,0.7689780770082759,0.039088450785433326,0.42213780170430804,0.0482839013909003,3.696636722388515e-12,True
4,ANN,2.817540188264072,1.7784619064404963,4.4637069164847745,1.0218619699402024e-05,0.6257151460403493,0.7875243664717347,0.014587358233036809,0.39146520146520153,0.057791217033372755,0.3362007168458781,0.0509011053077469,0.36161435947341386,0.05372488065085814,0.7324116743471581,0.023091599344931536,0.38345686445752564,0.06962555665251645,1.2262343639282429e-05,True
5,Ensemble (Mean),5.054998248025608,3.225884576537557,7.9212404167816866,1.5431971257680607e-12,0.7108928033724782,0.8265107212475633,0.018077229036053986,0.5322440087145969,0.06690191594561438,0.478494623655914,0.14565824929187166,0.4856897577330737,0.08483091799859438,0.7749470717898994,0.02999874951250949,0.487907341029816,0.08202015467815472,4.629591377304182e-12,True
