,Model,HR,CI_lower,CI_upper,p,cindex,accuracy_mean,accuracy_std,precision_mean,precision_std,recall_mean,recall_std,f1_mean,f1_std,roc_auc_mean,roc_auc_std,pr_auc_mean,pr_auc_std,FDR,Sig
0,SVM,4.256335846895791,2.789552724249824,6.494372622565157,1.8337074599199424e-11,0.6477905751279736,0.8265107212475633,0.012016401565241645,0.5397243107769424,0.07930241997320574,0.30430107526881717,0.01351591945158766,0.3866666666666667,0.018856180831641284,0.7703412280797318,0.024900882011942616,0.4758130592808704,0.08538620223811516,2.200448951903931e-11,True
1,RandomForest,4.834460312027755,3.0349031342401904,7.70107165691232,3.280087464294825e-11,0.6192035531466425,0.8323586744639376,0.009939609188290037,0.6016339869281047,0.11605771027443257,0.24982078853046596,0.05395188003808,0.34515669515669517,0.05058444473170126,0.7613584120447539,0.03558726914401538,0.4706900410602837,0.08723129490386579,3.280087464294825e-11,True
2,XGBoost,5.51494520551077,3.7691239340384466,8.06941378210356,1.4637138470717075e-18,0.6941056910569106,0.8460038986354776,0.02450254403504197,0.576936026936027,0.09385095338407115,0.4544802867383512,0.16951851528088052,0.4997957516339869,0.1320199883902895,0.7537552701245221,0.051588892534695355,0.4955976806325714,0.12859301107046797,8.782283082430246e-18,True
3,LogisticRegression,4.442912308903053,3.060591779748746,6.449559825395184,4.416617183261559e-15,0.7040800963565191,0.8265107212475634,0.02715085434148949,0.5188762850053172,0.09321224889397958,0.47706093189964155,0.07916361129049126,0.4963669834579032,0.08294194447883477,0.7689012720927614,0.03898495193327489,0.421722702163275,0.047732216933414964,8.833234366523118e-15,True
4,ANN,4.064671344537344,2.757972601921782,5.9904703649306175,1.3725261604334637e-12,0.6528342366757001,0.797270955165692,0.0055135031671465695,0.425409429280397,0.029232749219910373,0.37992831541218636,0.051443369514004744,0.4005376344086022,0.038947741608319805,0.7370299557327696,0.03012247189067219,0.4633623964634497,0.056646971807211115,2.0587892406501957e-12,True
5,Ensemble (Mean),4.801099811034721,3.265045768023418,7.059796717481206,1.5254375907980687e-15,0.6861449864498645,0.8343079922027291,0.0027567515835733108,0.5507246376811593,0.02049584873004484,0.4129032258064516,0.00912395846692319,0.47193105054740275,0.013506348953481673,0.7726955801767058,0.04106234703220924,0.5005566376974068,0.10206748839458209,4.576312772394206e-15,True
