,Model,HR,CI_lower,CI_upper,p,cindex,accuracy_mean,accuracy_std,precision_mean,precision_std,recall_mean,recall_std,f1_mean,f1_std,roc_auc_mean,roc_auc_std,pr_auc_mean,pr_auc_std,Sig
0,SVM,3.350449975759726,2.330753919764022,4.816259213329944,6.573796050809165e-11,0.6456637229198289,0.7523198901512634,0.02932385124227642,0.5083584381829995,0.09758098803320953,0.30673009161381254,0.08895872059141488,0.37801982963273284,0.08639993690806722,0.686057363844511,0.025147421011921068,0.4249068031482852,0.03676622485503104,True
1,RandomForest,3.5680751090374936,2.287025895733801,5.56668816364586,2.0780332489601006e-08,0.6451980129708845,0.7581445308174429,0.005286415239704206,0.521324354657688,0.018662501849961703,0.29140239605355883,0.11266843893458706,0.36190476190476195,0.1053007500987759,0.7112645491085043,0.020739074847878267,0.463947769950329,0.007203328806894811,True
2,XGBoost,3.787326697226374,2.6702992961774608,5.371623897012923,8.113022613934804e-14,0.6854732992962606,0.7543463335769496,0.017390531709894717,0.5140667761357417,0.04094553161269302,0.36927413671599724,0.003986507575399838,0.4292879666557488,0.017308821766852975,0.7096770943122799,0.021064717138240728,0.4831832900732132,0.038161890164951896,True
3,LogisticRegression,3.883155472420654,2.759697397934554,5.4639673299963984,6.940184188552853e-15,0.7066889747481716,0.7619980953646491,0.0024520654338141754,0.5288671023965142,0.0007702688248219445,0.4230091613812544,0.00622891808656225,0.470021645021645,0.0035202285643486076,0.6827840704771292,0.024517589213552793,0.4432314105359678,0.017106933303745745,True
4,ANN,1.7603827513143901,1.3239091782595473,2.3407553040754623,0.00010025152173330413,0.6046812474127226,0.5811684716408655,0.1588092164809028,0.37757431330741253,0.10675936320686093,0.6402396053558844,0.1659099430909968,0.44141733116403253,0.04213181305470401,0.633208651813303,0.059000622415434995,0.4036780965414907,0.06739286308488227,True
5,Ensemble,3.365220788354524,2.342204683828335,4.835064600700567,5.2768571960548544e-11,0.6956671726231544,0.7409142249684407,0.02006908993769222,0.48491379310344823,0.034257525912547035,0.39940098661028894,0.05587613811522981,0.43328502415458936,0.01693042019859534,0.707181415542857,0.024524102329070967,0.4514876252097079,0.0029313202690415675,True
