,Model,HR,CI_lower,CI_upper,p,cindex,accuracy_mean,accuracy_std,precision_mean,precision_std,recall_mean,recall_std,f1_mean,f1_std,roc_auc_mean,roc_auc_std,pr_auc_mean,pr_auc_std,Sig
0,SVM,1.818360513685216,1.571869227143017,2.1035051139331995,8.615720260578755e-16,0.758624258313785,0.7485106194494274,0.01966452814600946,0.49554781262098335,0.04444522008007687,0.45331219168428477,0.04908387452211057,0.47305045067776885,0.045103239522853715,0.700962185042604,0.034250356892128624,0.43868107741086987,0.011880639347099257,True
1,RandomForest,1.9501452175036773,1.660342336612858,2.290531467812126,4.054704403410487e-16,0.7581412998482131,0.7389874426948376,0.01127566585905326,0.478395061728395,0.015737714548125878,0.3444326990838618,0.2066374642897677,0.3543442693533109,0.16718163807990963,0.7173974377595892,0.024970783274819556,0.46095698651509637,0.013666022132737387,True
2,XGBoost,1.3875113384862727,1.1703883937479513,1.6449135387124887,0.00016191747061065727,0.6714847523113012,0.7524084778420038,0.012215739459088123,0.6699751861042184,0.2360408929271738,0.2760747004933051,0.17925384756864476,0.3126040896772604,0.18899355491107342,0.7106016121283297,0.028209479161249496,0.45006840423420935,0.010234137518631127,True
3,LogisticRegression,1.9818446935785168,1.6070007248457854,2.444123595427902,1.6102892073366036e-10,0.7317165723747757,0.7543463335769495,0.013868395204625305,0.51003146003146,0.03628583051449524,0.4230091613812544,0.019983860378363985,0.46239316239316236,0.026904416270814274,0.681932176646361,0.027426964269397683,0.4409759692956466,0.015339452642248884,True
4,ANN,1.4209130978445568,1.2185118420769432,1.6569342717136475,7.442504388990574e-06,0.6645508486270181,0.652691958452373,0.041605082459440446,0.338047138047138,0.043931330451986786,0.3851303735024665,0.060689995469865775,0.3557071291039842,0.030034865884199825,0.6236166682598423,0.0555456373177345,0.36859019002116966,0.03845409327502605,True
5,Ensemble,1.6864289959289684,1.454786400766086,1.9549555569204695,4.1352113223198715e-12,0.7562439630191804,0.7409142249684407,0.016451459564602876,0.48443370907139016,0.035913393123099074,0.34689922480620156,0.08910514676412906,0.3942571785268414,0.04757324279627816,0.7094505012710233,0.024896845399008705,0.44519739997921665,0.009215059488804371,True
