,Model,HR,CI_lower,CI_upper,p,cindex,accuracy_mean,accuracy_std,precision_mean,precision_std,recall_mean,recall_std,f1_mean,f1_std,roc_auc_mean,roc_auc_std,pr_auc_mean,pr_auc_std,Sig
0,SVM,3.350449975759726,2.330753919764022,4.816259213329944,6.573796050809165e-11,0.6456637229198289,0.7523198901512634,0.02932385124227642,0.5083584381829995,0.09758098803320953,0.30673009161381254,0.08895872059141488,0.37801982963273284,0.08639993690806722,0.686057363844511,0.025147421011921068,0.4249068031482852,0.03676622485503104,True
1,RandomForest,3.5680751090374936,2.287025895733801,5.56668816364586,2.0780332489601006e-08,0.6451980129708845,0.7581445308174429,0.005286415239704206,0.521324354657688,0.018662501849961703,0.29140239605355883,0.11266843893458706,0.36190476190476195,0.1053007500987759,0.7112645491085043,0.020739074847878267,0.463947769950329,0.007203328806894811,True
2,XGBoost,3.787326697226374,2.6702992961774608,5.371623897012923,8.113022613934804e-14,0.6854732992962606,0.7543463335769496,0.017390531709894717,0.5140667761357417,0.04094553161269302,0.36927413671599724,0.003986507575399838,0.4292879666557488,0.017308821766852975,0.7096770943122799,0.021064717138240728,0.4831832900732132,0.038161890164951896,True
3,LogisticRegression,3.883155472420654,2.759697397934554,5.4639673299963984,6.940184188552853e-15,0.7066889747481716,0.7619980953646491,0.0024520654338141754,0.5288671023965142,0.0007702688248219445,0.4230091613812544,0.00622891808656225,0.470021645021645,0.0035202285643486076,0.6827840704771292,0.024517589213552793,0.4432314105359678,0.017106933303745745,True
4,ANN,2.6692814962363305,1.8837639464709222,3.7823548536948524,3.368797507481588e-08,0.66255002069822,0.7178924988372866,0.018163156991868653,0.4223389355742297,0.040525470857972784,0.35429880197322056,0.042678590374929555,0.38477896461730526,0.03943590473005948,0.6539407408970698,0.03231125887393405,0.4218148387524465,0.04604544936512453,True
5,Ensemble,3.4694454377054718,2.376093158041436,5.065900553805392,1.1863286782517492e-10,0.6922174692976404,0.7523974043806613,0.0006733902861608966,0.5047619047619047,0.006734350297014714,0.3844256518675124,0.02578260483428713,0.43607118273322537,0.018671528674914294,0.7063226834707397,0.02572523103479636,0.44920923158318954,0.006470782255001243,True
