,Model,HR,CI_lower,CI_upper,p,cindex,accuracy_mean,accuracy_std,precision_mean,precision_std,recall_mean,recall_std,f1_mean,f1_std,roc_auc_mean,roc_auc_std,pr_auc_mean,pr_auc_std,Sig
0,SVM,2.0901746854752763,1.5247681321167212,2.8652423432648417,4.620062970386934e-06,0.6287946736580654,0.6986578964852833,0.007059468394364644,0.3887727853245095,0.020476567862937237,0.383368569415081,0.11617438215641929,0.3802693629083878,0.06578451660336423,0.683671169353754,0.006592094559541285,0.4327779369190811,0.04839557043619531,True
1,RandomForest,4.031355357884363,2.888211494358877,5.626951507285836,2.528285693046692e-16,0.710483648406237,0.7581113104334154,0.028959720388248046,0.5695484254307783,0.1380650737264599,0.4240662438336857,0.09094220406380896,0.46208695205303457,0.02545376156323421,0.7011592422607867,0.004896488248743353,0.4737395978206385,0.044664309055556566,True
2,XGBoost,2.811807182282376,1.9974555892819437,3.958165414419521,3.112346246038266e-09,0.6690182144335587,0.7235842579673554,0.043162380748935074,0.4884620514872616,0.12869209596348477,0.4009866102889359,0.09832319083639272,0.41549540946753805,0.037226183305228804,0.6676336622723983,0.021318325843892254,0.46666311994434473,0.05458319075749019,True
3,LogisticRegression,2.622000676954516,1.9386595704047447,3.5462066960599126,3.921273773836503e-10,0.6845246308817442,0.7044271698447501,0.01482106583377771,0.42115488090064357,0.017927474650093637,0.4996476391825229,0.09138041500637323,0.45377127498841924,0.047663065690949684,0.6917942552151678,0.013623860470593248,0.4600538310756166,0.05981884740431869,True
4,ANN,1.586043811203714,1.1570731818305213,2.1740500173705155,0.004147425249800546,0.5961259831654477,0.6889796912718977,0.03912259690761602,0.38971291866028707,0.07312464887558438,0.42212825933756165,0.09928825090630987,0.4016111602318499,0.07299705385511666,0.6216057390742283,0.0711822654958587,0.39803314400810835,0.11545275758684562,True
5,Ensemble,3.123225207164074,2.292470569199257,4.255032027770922,5.266932066698752e-13,0.6940113150269077,0.7408256372777003,0.021232206381561536,0.48639059227294523,0.03890490873979546,0.45401691331923894,0.041092734887074434,0.4662531234635254,0.0033612515890266343,0.6923655328634913,0.015191430414665563,0.46588967231520645,0.05624798540729552,True
