,Model,HR,CI_lower,CI_upper,p,cindex,accuracy_mean,accuracy_std,precision_mean,precision_std,recall_mean,recall_std,f1_mean,f1_std,roc_auc_mean,roc_auc_std,pr_auc_mean,pr_auc_std,Sig
0,SVM,1.6465367604788548,1.413090919548269,1.9185483864512196,1.6316738650595574e-10,0.7345108320684421,0.6986578964852833,0.007059468394364644,0.3887727853245095,0.020476567862937237,0.383368569415081,0.11617438215641929,0.3802693629083878,0.06578451660336423,0.683671169353754,0.006592094559541285,0.4327779369190811,0.04839557043619531,True
1,RandomForest,1.9523222794254163,1.644893418178297,2.317209273633133,1.9671196451186605e-14,0.7701462674210018,0.7581113104334154,0.028959720388248046,0.5695484254307783,0.1380650737264599,0.4240662438336857,0.09094220406380896,0.46208695205303457,0.02545376156323421,0.7011592422607867,0.004896488248743353,0.4737395978206385,0.044664309055556566,True
2,XGBoost,1.1556197295909565,0.9902740351975355,1.3485731342572103,0.06637157191331172,0.603215123499379,0.7235842579673554,0.043162380748935074,0.4884620514872616,0.12869209596348477,0.4009866102889359,0.09832319083639272,0.41549540946753805,0.037226183305228804,0.6676336622723983,0.021318325843892254,0.46666311994434473,0.05458319075749019,False
3,LogisticRegression,1.5587880889867007,1.3028055501807392,1.8650675122083409,1.2342584773165894e-06,0.7542086380571271,0.7044271698447501,0.01482106583377771,0.42115488090064357,0.017927474650093637,0.4996476391825229,0.09138041500637323,0.45377127498841924,0.047663065690949684,0.6917942552151678,0.013623860470593248,0.4600538310756166,0.05981884740431869,True
4,ANN,1.376314418706354,1.2029079252659365,1.5747185128240255,3.3400245599482365e-06,0.6675520905202152,0.6889796912718977,0.03912259690761602,0.38971291866028707,0.07312464887558438,0.42212825933756165,0.09928825090630987,0.4016111602318499,0.07299705385511666,0.6216057390742283,0.0711822654958587,0.39803314400810835,0.11545275758684562,True
5,Ensemble,1.6739298122670454,1.4617096535033829,1.9169614223184035,9.467399586636187e-14,0.7491030771353664,0.7408256372777003,0.021232206381561536,0.48639059227294523,0.03890490873979546,0.45401691331923894,0.041092734887074434,0.4662531234635254,0.0033612515890266343,0.6923655328634913,0.015191430414665563,0.46588967231520645,0.05624798540729552,True
