,Model,HR,CI_lower,CI_upper,p,cindex,accuracy_mean,accuracy_std,precision_mean,precision_std,recall_mean,recall_std,f1_mean,f1_std,roc_auc_mean,roc_auc_std,pr_auc_mean,pr_auc_std,Sig
0,SVM,2.1905862979004693,1.6006204168500255,2.9980051972552766,9.672408294358309e-07,0.6404201738650476,0.700573605297544,0.009420281492730413,0.39589529244701654,0.022856157677840015,0.3988724453840733,0.11038739534433416,0.3922072038057842,0.06321157627725454,0.6836415818041949,0.0065655768118466845,0.43253138640074257,0.048632841178422724,True
1,RandomForest,5.307250479515311,3.5916959603014003,7.842230512727432,5.3671299929286433e-17,0.7142265765144198,0.7849976745731181,0.0181544459657219,0.6503530166880617,0.1047861536073349,0.36169837914023956,0.11487422006665046,0.4463276836158192,0.07835409396735263,0.7219304158768033,0.002322499855599147,0.4867595071846366,0.04556784278511548,True
2,XGBoost,2.9966790910167664,2.1366776289725613,4.202826599937407,2.0259730827892936e-10,0.6787981233613909,0.7370606604212345,0.040347666494374,0.5198761811665037,0.10819303510544746,0.4164904862579281,0.1526889647802773,0.42930500787855036,0.047339102901986105,0.6835253627371505,0.0029027578305120894,0.4745823047933269,0.04611742040733807,True
3,LogisticRegression,2.6779546950493542,1.9666288090317634,3.6465657961492073,4.012691918024259e-10,0.6787981233613909,0.7121121520164774,0.02016728135229632,0.4337413684871312,0.019199241333335164,0.4763918252290345,0.05239642084690936,0.4514332705934063,0.013362538233769707,0.6988876529707349,0.008380050454997828,0.4685421887579489,0.0514599243223546,True
4,ANN,3.1136041984714096,2.2699087691775564,4.270890194521499,1.872455135824824e-12,0.6864392162274044,0.7081810732398733,0.029099695368769045,0.43501113895850735,0.02930338949317209,0.45577871740662435,0.1932044519813669,0.41552795031055895,0.09384570416496962,0.6799830192294243,0.044218269908612245,0.43638967956531644,0.007894627594481621,True
5,Ensemble,3.4938021960945886,2.501991058876966,4.878775942114839,2.086659311931483e-13,0.6842831516489581,0.7485106194494276,0.024635139179788698,0.5217382888114596,0.09195516807628397,0.3930584918957012,0.07158086640672102,0.4351365546218487,0.026673054946065457,0.7025395014477208,0.0074931607659705,0.4781264719157227,0.03856837958919778,True
