,Model,HR,CI_lower,CI_upper,p,cindex,accuracy_mean,accuracy_std,precision_mean,precision_std,recall_mean,recall_std,f1_mean,f1_std,roc_auc_mean,roc_auc_std,pr_auc_mean,pr_auc_std,FDR,Sig
0,SVM,3.6947688547362816,2.4286586004091166,5.62092872486468,1.0282680506642966e-09,0.6279735019572418,0.8167641325536062,0.01929726108501299,0.5431061313414255,0.1215118969833362,0.3136200716845878,0.1479770276225306,0.3604051813007037,0.08678442927469153,0.7740626350441039,0.0559776766781875,0.45457200848176643,0.028534314422655752,1.0282680506642966e-09,True
1,RandomForest,4.331237289110791,2.9311904955390555,6.3999990731185274,1.8622740012938399e-13,0.6612842517314061,0.8167641325536062,0.018077229036053986,0.48611111111111116,0.06874649261535881,0.38136200716845875,0.11016594179261724,0.4195253842474158,0.08916474487488162,0.7816683189709958,0.0657022579335795,0.4276942641638601,0.0687858014149629,3.7245480025876797e-13,True
2,XGBoost,4.197978326705931,2.8714964538248604,6.137225768821234,1.3226023714842107e-13,0.6704870520927432,0.8245614035087719,0.008270254750719828,0.5166666666666667,0.03600411499115479,0.44587813620071687,0.06746734661420756,0.47420979320690027,0.038427897861695266,0.7726080625188381,0.06180698726969294,0.47266592743430325,0.03895647036946333,3.7245480025876797e-13,True
3,LogisticRegression,3.7395909385800437,2.5953890447882615,5.388225097116747,1.4631163473688575e-12,0.6911510087323095,0.7582846003898635,0.05237828008789238,0.3936729936729937,0.07390092962479795,0.5967741935483871,0.12562711231771959,0.47064824593544125,0.08443513059936643,0.752819266957908,0.05931112040156499,0.42680627102409985,0.04445531547706536,2.1946745210532864e-12,True
4,ANN,3.713604394613018,2.512572144480264,5.488740942219518,4.648194472551846e-11,0.631248118036736,0.7953216374269007,0.004774833806594889,0.41896599777034554,0.024314872293400586,0.36917562724014336,0.0584570122949824,0.39065255731922394,0.03841802629769305,0.7335334255718609,0.04424117212731694,0.40472973545130264,0.027198399153496686,5.5778333670622155e-11,True
5,Ensemble (Mean),4.477735787332314,3.0247927108190917,6.628592336076845,6.877073989754141e-14,0.661717103282144,0.8245614035087719,0.00827025475071988,0.5127536231884058,0.03456696437720544,0.3910394265232975,0.043103245829109106,0.44339622641509435,0.040024912142634754,0.7795397515370062,0.06660526816578458,0.45885216883299523,0.04149565982238845,3.7245480025876797e-13,True
