,Model,HR,CI_lower,CI_upper,p,cindex,accuracy_mean,accuracy_std,precision_mean,precision_std,recall_mean,recall_std,f1_mean,f1_std,roc_auc_mean,roc_auc_std,pr_auc_mean,pr_auc_std,Sig
0,SVM,3.2459850566091046,2.3199013741557604,4.541752983599977,6.4060736703801265e-12,0.6671553746377812,0.7446681283635638,0.02723347567821566,0.512987012987013,0.09743289572056167,0.36980267794221283,0.059791903516787,0.41776267315060417,0.013547515811462966,0.7241356711221792,0.016347348229092406,0.47303994400874844,0.04178411772621759,True
1,RandomForest,3.8045607524594054,2.660777378277555,5.44002013746998,2.4082331056880395e-13,0.6816613771215675,0.7561734546984696,0.03509396015734057,0.5715852130325815,0.17134515207341933,0.35429880197322056,0.0504239287102534,0.42079772079772076,0.025983780662040677,0.7238524272342842,0.006240807315176298,0.49625280436832897,0.05468979613115527,True
2,XGBoost,3.7677772704913535,2.7502507974429435,5.161764001024996,1.4694961011209067e-16,0.7055333241341245,0.7504927690297434,0.006684611217557186,0.5005460005460005,0.011708815896263887,0.4464411557434813,0.06278947171572298,0.46955559936044855,0.03346626813290285,0.7054991771350726,0.02053672881715944,0.4740442666326534,0.024371144342644816,True
3,LogisticRegression,3.0707763467572837,2.220104039874441,4.247398861693576,1.2102108511477093e-11,0.6893369670208362,0.7388877815427546,0.04310148210488604,0.5066604823747681,0.1229493935099836,0.4311134601832276,0.033036527960962236,0.4547726136931534,0.0268690256920286,0.6985617450778111,0.026468716349161807,0.47440875427276313,0.06161024489718589,True
4,ANN,2.2402691080933557,1.6266590269639087,3.0853458490589705,7.841807367333323e-07,0.6246722781840762,0.7217017695391226,0.010488257422831866,0.4313131313131313,0.02642722313525482,0.37755461592670897,0.05805351656676025,0.40171073906013666,0.045289058952541615,0.6756534503427809,0.04917824384932652,0.4123660409772181,0.052416350569697165,True
5,Ensemble,4.026848065440236,2.9010711881462607,5.589488947529489,8.346828394524627e-17,0.6878708431074928,0.7657852191438,0.027952175883168444,0.5729166666666666,0.12586506222494345,0.40821000704721633,0.08963030033421165,0.4618679775280899,0.04795297741941347,0.7330038045864425,0.0022178858881075018,0.47178171717739,0.042807477385289755,True
