,Model,HR,CI_lower,CI_upper,p,cindex,accuracy_mean,accuracy_std,precision_mean,precision_std,recall_mean,recall_std,f1_mean,f1_std,roc_auc_mean,roc_auc_std,pr_auc_mean,pr_auc_std,Sig
0,SVM,1.9474406893363112,1.6986827516722012,2.2326271546286587,1.190147576550449e-21,0.75986615151097,0.7427413460899608,0.02926809471844439,0.511904761904762,0.09834226870506375,0.38530655391120505,0.07931054189814922,0.42434271646228167,0.022812715105013988,0.7221123068895127,0.014045107660937514,0.4726124803646862,0.04151558089274201,True
1,RandomForest,1.9905826866349057,1.709616395929694,2.3177242811688554,7.468107436468315e-19,0.7737339588795363,0.7581113104334154,0.028959720388248046,0.5307570861552535,0.08807476506991538,0.4307610993657505,0.009523524842663545,0.47245778067695876,0.03415889325726372,0.7248485241606136,0.006512243679580233,0.49358454979179234,0.05764707420447701,True
2,XGBoost,1.2751068124983367,1.1155355958336697,1.4575038119376114,0.0003669169203520014,0.6216365392576239,0.7351560250703164,0.016440484298646117,0.4734829168791433,0.028484677236685324,0.45419309372797745,0.057188931392782354,0.45976910454758557,0.01446489030113796,0.6997728483127027,0.021670552354531504,0.4749786106387794,0.03252978970650575,True
3,LogisticRegression,1.6650063746192618,1.291783406851664,2.146061183955984,8.248588822809876e-05,0.7334414240375328,0.7388877815427546,0.04310148210488604,0.5022160379303237,0.11668446265500822,0.4386892177589852,0.02298192228205824,0.4595354904707271,0.03360226582037403,0.6988829355152806,0.025001106860774034,0.4673376034168397,0.06358288777243204,True
4,ANN,1.5716276528904227,1.32638442406887,1.8622153837970643,1.7596572655099418e-07,0.7025665792741824,0.740858857661728,0.02075763378547083,0.4899087148766225,0.06614894916207796,0.3773784355179704,0.04292153964846357,0.4200297402911781,0.006864103967273187,0.6940847143270362,0.029171121334705515,0.4730778391248096,0.06112742386006479,True
5,Ensemble,1.9257321932995146,1.6738317581952589,2.2155419516646275,5.111755801407362e-20,0.7709741962191251,0.7677341483400881,0.02238558206316235,0.5804209905843299,0.11128522866234943,0.36962649753347426,0.052588007541346606,0.4415085817524842,0.0191973536922795,0.7254825667261314,0.00699808323138831,0.5063164310541346,0.03853052856310011,True
