,Model,HR,CI_lower,CI_upper,p,cindex,accuracy_mean,accuracy_std,precision_mean,precision_std,recall_mean,recall_std,f1_mean,f1_std,roc_auc_mean,roc_auc_std,pr_auc_mean,pr_auc_std,Sig
0,SVM,2.899076964319157,1.9756785592726303,4.254056008048319,5.325177766885558e-08,0.6507175382917069,0.7639470245609372,0.011831380683298193,0.5420619860847564,0.02781610806742067,0.3317477096546864,0.09192802677926842,0.40466696204401126,0.08056928078362273,0.7107650833396439,0.01476703775541671,0.4673060640313838,0.03955527159267762,True
1,RandomForest,3.1704652479097843,2.237413749991727,4.492620056634951,8.678891144382585e-11,0.6918380019318339,0.7485327663721127,0.01239508675669167,0.4962295628962295,0.031910988069370774,0.4150810429880197,0.08091726621230345,0.4475094863983753,0.05422017786642322,0.7013918873008168,0.004997041805897203,0.48644366560101077,0.06885984884487228,True
2,XGBoost,3.227157253483233,2.323192874380233,4.482858075865859,2.810976148186325e-12,0.7017903960259417,0.7408256372777003,0.041035429971701766,0.514177897574124,0.11727458524552435,0.46987315010570824,0.06202801542699466,0.4761473429951691,0.014944889698991064,0.6983806299623804,0.03650577547694946,0.4878188680744446,0.10030332171344877,True
3,LogisticRegression,2.534036845184822,1.7969207279894417,3.5735258838819384,1.147302303295294e-07,0.6674313509038222,0.7140278608287378,0.02195801768939631,0.4293381037567084,0.03262817893930698,0.39323467230443976,0.08573887968826457,0.4019234131841231,0.04262127560960024,0.6611486610909654,0.027443405418030996,0.43413235849515236,0.007118259932707121,True
4,ANN,2.14465975411025,1.5914368149453784,2.8901967189053033,5.375774965158423e-07,0.626604112046364,0.6735322126990454,0.06615814990297154,0.3984218982755368,0.06045692954848299,0.4626497533474278,0.19909914065115314,0.3999429638251377,0.05229301564482587,0.6630267152812865,0.043672663809942384,0.44028484447243027,0.06211754215080349,True
5,Ensemble,3.8940296610214835,2.652572415202263,5.716513869333459,3.914154624024831e-12,0.6998585621636539,0.7638695103315394,0.017597231790796763,0.5581925243215565,0.07129538296768499,0.38530655391120505,0.06962715731527973,0.445432564917859,0.028076294366733374,0.7161323010382127,0.014825115765253787,0.4972988169897257,0.058896226125908294,True
