,Model,HR,CI_lower,CI_upper,p,cindex,accuracy_mean,accuracy_std,precision_mean,precision_std,recall_mean,recall_std,f1_mean,f1_std,roc_auc_mean,roc_auc_std,pr_auc_mean,pr_auc_std,Sig
0,SVM,2.709723624704491,1.8189156961822006,4.0368017812443675,9.50885126534213e-07,0.6389368014350766,0.7542798928088942,0.020042683603048915,0.5272043010752688,0.0875996368775837,0.3000352360817477,0.019262570399713342,0.3791898516163223,0.021770798992142588,0.7061249744988428,0.02398873695140369,0.4722248998069369,0.034573409546544136,True
1,RandomForest,3.891947865077362,2.8217256577559207,5.368083230503223,1.20351267948893e-16,0.7066027321650338,0.7619538015192789,0.030159966027489053,0.5430181734529561,0.09588232386748366,0.4462649753347428,0.04855744294941142,0.484179849028377,0.040411692739354105,0.6995442896650069,0.022231463465503167,0.4768023637262077,0.07469040248294302,True
2,XGBoost,2.902591838529698,2.091831387735472,4.027590096647226,1.8178483721103297e-10,0.6749689526700704,0.7293646047881647,0.03754728750903051,0.4695366362033029,0.09425489133204573,0.39252995066948554,0.03505237523733866,0.42185971361184915,0.03824357915635801,0.6676014159814977,0.03955898686111509,0.45072569858566897,0.08485123993225242,True
3,LogisticRegression,2.225562941366013,1.5587010455272345,3.177729571809154,1.0699808092397692e-05,0.63671174279012,0.7062875113502979,0.02216204387116404,0.40526459356246586,0.045540978445959876,0.346723044397463,0.07064812422749621,0.36747625422324215,0.03877649265203468,0.6545106012396976,0.014877619286251215,0.41307145737936085,0.026616170657135965,True
4,ANN,2.476147663824809,1.797039356124578,3.411893697357628,2.9614928101408827e-08,0.6650683041258452,0.7044160963834075,0.007060684175594362,0.41347481021394067,0.0024491148320528763,0.4392177589852008,0.07921185599277894,0.42220425226043207,0.03675259558839789,0.6767147122952201,0.01590126184923409,0.444433076053846,0.00535252376201348,True
5,Ensemble,3.480895600900435,2.3690743416947533,5.114501462077455,2.1090647704275893e-10,0.6960983855388436,0.7658073660664849,0.01235644478182524,0.5565656565656566,0.05804346625680259,0.37737843551797035,0.05062972522126025,0.44391146369837386,0.01874388549206575,0.7139865829773516,0.01619781599621248,0.4962031326283012,0.06250795354599215,True
