,Model,HR,CI_lower,CI_upper,p,cindex,accuracy_mean,accuracy_std,precision_mean,precision_std,recall_mean,recall_std,f1_mean,f1_std,roc_auc_mean,roc_auc_std,pr_auc_mean,pr_auc_std,Sig
0,SVM,1.875769685894261,1.6004878684632604,2.198399615423653,7.977078005526742e-15,0.761470263557334,0.7542798928088942,0.020042683603048915,0.5272043010752688,0.0875996368775837,0.3000352360817477,0.019262570399713342,0.3791898516163223,0.021770798992142588,0.7061249744988428,0.02398873695140369,0.4722248998069369,0.034573409546544136,True
1,RandomForest,1.9184614386615186,1.6575076535153437,2.220499123382873,2.461503569023228e-18,0.7632468607699738,0.7619538015192789,0.030159966027489053,0.5430181734529561,0.09588232386748366,0.4462649753347428,0.04855744294941142,0.484179849028377,0.040411692739354105,0.6995442896650069,0.022231463465503167,0.4768023637262077,0.07469040248294302,True
2,XGBoost,1.0637372895626067,0.9162028656538477,1.2350289042137848,0.41730398618015774,0.5646991858700152,0.7293646047881647,0.03754728750903051,0.4695366362033029,0.09425489133204573,0.39252995066948554,0.03505237523733866,0.42185971361184915,0.03824357915635801,0.6676014159814977,0.03955898686111509,0.45072569858566897,0.08485123993225242,False
3,LogisticRegression,1.432935133570365,1.245004847567468,1.64923301385704,5.301043683602041e-07,0.6976335035186974,0.7062875113502979,0.02216204387116404,0.40526459356246586,0.045540978445959876,0.346723044397463,0.07064812422749621,0.36747625422324215,0.03877649265203468,0.6545106012396976,0.014877619286251215,0.41307145737936085,0.026616170657135965,True
4,ANN,1.630167752987226,1.3778684110053196,1.9286652351224864,1.2245608845578406e-08,0.7097419621912515,0.7044160963834075,0.007060684175594362,0.41347481021394067,0.0024491148320528763,0.4392177589852008,0.07921185599277894,0.42220425226043207,0.03675259558839789,0.6767147122952201,0.01590126184923409,0.444433076053846,0.00535252376201348,True
5,Ensemble,1.8275226394789266,1.5811475014379146,2.1122880659588894,3.325597004668476e-16,0.7610735476749,0.7658073660664849,0.01235644478182524,0.5565656565656566,0.05804346625680259,0.37737843551797035,0.05062972522126025,0.44391146369837386,0.01874388549206575,0.7139865829773516,0.01619781599621248,0.4962031326283012,0.06250795354599215,True
