,Model,HR,CI_lower,CI_upper,p,cindex,accuracy_mean,accuracy_std,precision_mean,precision_std,recall_mean,recall_std,f1_mean,f1_std,roc_auc_mean,roc_auc_std,pr_auc_mean,pr_auc_std,Sig
0,SVM,1.9526415967787432,1.7050762180869974,2.2361517714137165,3.8779301113658993e-22,0.7615910031737271,0.7446681283635638,0.02723347567821566,0.512987012987013,0.09743289572056167,0.36980267794221283,0.059791903516787,0.41776267315060417,0.013547515811462966,0.7241356711221792,0.016347348229092406,0.47303994400874844,0.04178411772621759,True
1,RandomForest,1.9670448289500266,1.6747370446984928,2.3103718708244334,1.6902455155355957e-16,0.7691113564233476,0.7561734546984696,0.03509396015734057,0.5715852130325815,0.17134515207341933,0.35429880197322056,0.0504239287102534,0.42079772079772076,0.025983780662040677,0.7238524272342842,0.006240807315176298,0.49625280436832897,0.05468979613115527,True
2,XGBoost,1.1795022438414307,1.037885672814631,1.3404419963271292,0.011413631097397712,0.6219470125569201,0.7504927690297434,0.006684611217557186,0.5005460005460005,0.011708815896263887,0.4464411557434813,0.06278947171572298,0.46955559936044855,0.03346626813290285,0.7054991771350726,0.02053672881715944,0.4740442666326534,0.024371144342644816,True
3,LogisticRegression,1.6485437405879344,1.279678389593616,2.1237339684189798,0.00010960695349237965,0.7338208914033393,0.7388877815427546,0.04310148210488604,0.5066604823747681,0.1229493935099836,0.4311134601832276,0.033036527960962236,0.4547726136931534,0.0268690256920286,0.6985617450778111,0.026468716349161807,0.47440875427276313,0.06161024489718589,True
4,ANN,1.3964174060591914,1.1884223217705039,1.6408153366220943,4.954233220874159e-05,0.6582378915413274,0.7217017695391226,0.010488257422831866,0.4313131313131313,0.02642722313525482,0.37755461592670897,0.05805351656676025,0.40171073906013666,0.045289058952541615,0.6756534503427809,0.04917824384932652,0.4123660409772181,0.052416350569697165,True
5,Ensemble,1.3070105197911501,1.1414731843222297,1.4965542093387436,0.0001066171988364634,0.7811163239961363,0.7657852191438,0.027952175883168444,0.5729166666666666,0.12586506222494345,0.40821000704721633,0.08963030033421165,0.4618679775280899,0.04795297741941347,0.7330038045864425,0.0022178858881075018,0.47178171717739,0.042807477385289755,True
