,Model,HR,CI_lower,CI_upper,p,cindex,accuracy_mean,accuracy_std,precision_mean,precision_std,recall_mean,recall_std,f1_mean,f1_std,roc_auc_mean,roc_auc_std,pr_auc_mean,pr_auc_std,Sig
0,SVM,1.919774727156537,1.6772724843770581,2.1973382603946847,2.9023633952603834e-21,0.7450151786946323,0.73895422231081,0.00999203032553522,0.4592172151511676,0.04438009741075019,0.29210711768851305,0.0967151817463466,0.3491508723120617,0.08254857272174357,0.6877980014541349,0.029047606376164888,0.4580949301269505,0.015951248261331763,True
1,RandomForest,1.9728965010111017,1.7033378605309377,2.285113654720617,1.2433491591044184e-19,0.7605560921760729,0.7658405864505128,0.005133979604394062,0.5386699507389162,0.017256620052520086,0.4302325581395349,0.052861169368162236,0.4765974765974766,0.03410556559240804,0.714304535336845,0.046158777610115755,0.4679028679189832,0.0576068465188713,True
2,XGBoost,1.6066630089447609,1.4066118966188472,1.835165784191367,2.773011385728694e-12,0.7282323720160067,0.7428963745487565,0.06612015045480552,0.5269234496124031,0.12086628564966076,0.4917195207892882,0.08567405287576382,0.4917358070094511,0.06097877559084451,0.6905647890780147,0.05811475104359887,0.4670948815913077,0.07851056773197626,True
3,LogisticRegression,1.769397514316778,1.4701335902186938,2.129580321475864,1.5773410708777746e-09,0.7380295294604664,0.681505104865679,0.0619824196527243,0.4119169719169719,0.06925928784040669,0.5151515151515151,0.052082695466953835,0.4500647650544302,0.03134718236967605,0.6773959811417649,0.04987544693424859,0.44052960282784165,0.050977735411013705,True
4,ANN,1.6432077405905297,1.4132439825264689,1.9105913148199531,1.0706544945370987e-10,0.7084310749275562,0.7178924988372866,0.018163156991868653,0.4086304470854556,0.03983006230355308,0.2771317829457364,0.069172745339437,0.3247031158142269,0.04984819117333702,0.658664755269584,0.03666212180290399,0.39864872001445956,0.04003635997209136,True
5,Ensemble,1.7856267812045918,1.5948284021310497,1.9992514539461215,8.670633379312834e-24,0.7563474541189458,0.769694150997719,0.0159661034926767,0.5554987212276216,0.054826188226626514,0.35306553911205074,0.08118686863376838,0.4291101055806938,0.07377040858156772,0.7025975178735697,0.05233808149534683,0.4651764615210907,0.05855435654129195,True
