,Model,HR,CI_lower,CI_upper,p,cindex,accuracy_mean,accuracy_std,precision_mean,precision_std,recall_mean,recall_std,f1_mean,f1_std,roc_auc_mean,roc_auc_std,pr_auc_mean,pr_auc_std,Sig
0,SVM,3.4375414829044026,2.443228710247417,4.836506462586536,1.3612420371221704e-12,0.6224817165723747,0.7351228046862888,0.014095946511860812,0.4556590752242926,0.04697773310458421,0.27695560253699786,0.05704328779379299,0.3397352635556395,0.04227973991533972,0.6831320655792519,0.030629184742459205,0.45621929247441834,0.026887037578805763,True
1,RandomForest,3.8631701309080517,2.737743328326716,5.451235441220708,1.4453737953497723e-14,0.6784704015454671,0.771620933271322,0.010257456684543429,0.5696386946386945,0.03925031749495229,0.36839323467230445,0.08208910572312056,0.4410053532153874,0.05604958892118631,0.7108582272216215,0.04570394489535507,0.4691805793851098,0.04841537587902546,True
2,XGBoost,3.2030163468731656,2.2663115579197144,4.526877022925267,4.243418118278269e-11,0.6795398095763764,0.7409917391978386,0.0549225107437822,0.48550061050061055,0.1323422898612802,0.41472868217054265,0.096976713203076,0.44588138904644864,0.10868949045365257,0.6972806455630883,0.06274577431870915,0.4651356571861714,0.10426120707135735,True
3,LogisticRegression,3.0566618514664046,2.2509686333869032,4.15073828023622,8.219104368011201e-13,0.6932868773285498,0.7102518105109296,0.07617652094879322,0.4696969696969697,0.10126231139274457,0.4772727272727273,0.09129239709236328,0.45493900039354584,0.02769399777372559,0.6787334832159969,0.04562287783674274,0.4467665242130174,0.04284860147989622,True
4,ANN,2.345692855773563,1.7355741235469213,3.170290971141215,2.904183610743547e-08,0.6247067752173313,0.677374703784909,0.0655629694135721,0.3923001949317739,0.0783706948357794,0.40045806906272025,0.1126047817196464,0.3792935579979512,0.03549217090686099,0.6335528708820027,0.029124358443486587,0.37977063299990516,0.042734860519955405,True
5,Ensemble,4.985142597104943,3.566348162452383,6.968373692483543,5.400694302215394e-21,0.708603560093832,0.7543131131929218,0.016548516446800363,0.5062160062160063,0.044941955999453324,0.3992248062015504,0.07125882291027223,0.445272076047521,0.06036128897025049,0.7060571300407977,0.04384096559364179,0.4721157375639858,0.0571831873460074,True
