,Model,HR,CI_lower,CI_upper,p,cindex,accuracy_mean,accuracy_std,precision_mean,precision_std,recall_mean,recall_std,f1_mean,f1_std,roc_auc_mean,roc_auc_std,pr_auc_mean,pr_auc_std,Sig
0,SVM,3.5365739855766543,2.484943584382865,5.033255335880689,2.2952083482987295e-12,0.6454739892369257,0.73895422231081,0.00999203032553522,0.4592172151511676,0.04438009741075019,0.29210711768851305,0.0967151817463466,0.3491508723120617,0.08254857272174357,0.6877980014541349,0.029047606376164888,0.4580949301269505,0.015951248261331763,True
1,RandomForest,3.7388679567463003,2.70181582703523,5.173977240826185,1.7685152754508272e-15,0.6928211673796053,0.7658405864505128,0.005133979604394062,0.5386699507389162,0.017256620052520086,0.4302325581395349,0.052861169368162236,0.4765974765974766,0.03410556559240804,0.714304535336845,0.046158777610115755,0.4679028679189832,0.0576068465188713,True
2,XGBoost,3.9919974943200014,2.939013988624826,5.422241628088914,7.984083784144942e-19,0.7249551538567683,0.7428963745487565,0.06612015045480552,0.5269234496124031,0.12086628564966076,0.4917195207892882,0.08567405287576382,0.4917358070094511,0.06097877559084451,0.6905647890780147,0.05811475104359887,0.4670948815913077,0.07851056773197626,True
3,LogisticRegression,2.630107312287704,1.9651505744632336,3.520068418186583,7.873997691096958e-11,0.6894232096039741,0.681505104865679,0.0619824196527243,0.4119169719169719,0.06925928784040669,0.5151515151515151,0.052082695466953835,0.4500647650544302,0.03134718236967605,0.6773959811417649,0.04987544693424859,0.44052960282784165,0.050977735411013705,True
4,ANN,2.341253560572759,1.6556702025240941,3.3107247002078317,1.4931906750788258e-06,0.6058886435766524,0.7178924988372866,0.018163156991868653,0.4086304470854556,0.03983006230355308,0.2771317829457364,0.069172745339437,0.3247031158142269,0.04984819117333702,0.658664755269584,0.03666212180290399,0.39864872001445956,0.04003635997209136,True
5,Ensemble,3.8887816985908388,2.765031504072191,5.469240794191045,5.9540961845589125e-15,0.6643611149441148,0.769694150997719,0.0159661034926767,0.5554987212276216,0.054826188226626514,0.35306553911205074,0.08118686863376838,0.4291101055806938,0.07377040858156772,0.7025975178735697,0.05233808149534683,0.4651764615210907,0.05855435654129195,True
