,Model,HR,CI_lower,CI_upper,p,cindex,accuracy_mean,accuracy_std,precision_mean,precision_std,recall_mean,recall_std,f1_mean,f1_std,roc_auc_mean,roc_auc_std,pr_auc_mean,pr_auc_std,FDR,Sig
0,SVM,3.7215391534270306,2.295064651715075,6.034624628173567,9.903720731293516e-08,0.6663843721770552,0.797270955165692,0.014587358233036809,0.4284310836034974,0.03542773478995533,0.3806451612903226,0.018993034121135153,0.4030103995621237,0.026397599814423106,0.7361262723651193,0.056016359422649306,0.4187597598171972,0.026427622014554033,1.1884464877552219e-07,True
1,RandomForest,4.408488026112637,2.586606530274125,7.513615406483499,4.9416849701422187e-08,0.6448923517012948,0.8265107212475633,0.012016401565241645,0.535438596491228,0.04941267857483213,0.3365591397849463,0.036905381294044116,0.40952380952380957,0.013468700594029454,0.7601195469417844,0.06895243108162351,0.4297707463402922,0.04829369636671739,7.412527455213329e-08,True
2,XGBoost,4.196860502452749,2.7375721910691144,6.4340360172088165,4.716136631305857e-11,0.6979825353809094,0.8031189083820663,0.026297734041387983,0.47115142353237593,0.04777409932437445,0.4777777777777778,0.12261941578069388,0.45973909131803864,0.03150664628718663,0.7423685328626991,0.057294434437619376,0.4687245829777609,0.035194596827457056,1.4018910617350708e-10,True
3,LogisticRegression,3.741789696995737,2.560256190623839,5.468589505932189,9.374577972290931e-12,0.7113821138211383,0.7699805068226121,0.007293679116518423,0.39584859584859583,0.028564122501791862,0.5641577060931899,0.14864486813546912,0.4605878878742447,0.06488153070042943,0.7250193374078068,0.059550360558129345,0.3981078538461292,0.02967405418226274,5.624746783374559e-11,True
4,ANN,2.816287963476579,1.813100866795545,4.37453758832572,4.0607677409138465e-06,0.6291591388136104,0.7816764132553606,0.024032803130483338,0.3933179723502304,0.043961539547368006,0.3580645161290323,0.041057813101154375,0.3702443792766374,0.012008557947025773,0.6989053029890367,0.03408556941623676,0.3535640218874702,0.03691541518438936,4.0607677409138465e-06,True
5,Ensemble (Mean),4.172796108654343,2.716031606055185,6.410907489287533,7.009455308675354e-11,0.6842442035531466,0.8070175438596491,0.01263302280391394,0.46325322187391155,0.027584799544720772,0.45663082437275987,0.007096412140940271,0.4595809792843691,0.015944020729463885,0.7454824910212694,0.06103619439611458,0.4274722336920713,0.02641019512090476,1.4018910617350708e-10,True
