,Model,HR,CI_lower,CI_upper,p,cindex,accuracy_mean,accuracy_std,precision_mean,precision_std,recall_mean,recall_std,f1_mean,f1_std,roc_auc_mean,roc_auc_std,pr_auc_mean,pr_auc_std,FDR,Sig
0,SVM,4.099363620464078,2.7851255713978187,6.033761014355359,8.447450696542515e-13,0.6756812707015959,0.8089668615984404,0.013783757917866396,0.4624691358024691,0.03978144835966183,0.4129032258064516,0.05346151782647765,0.435825753293249,0.0459266228587038,0.7355278113685801,0.060904387449527315,0.4237646324604336,0.026777225411899117,1.689490139308503e-12,True
1,RandomForest,4.238434350548276,2.894118267043324,6.20718439480368,1.1772842643480444e-13,0.6833408611863896,0.8128654970760234,0.020813018035148765,0.4838350611376927,0.06359774547445304,0.4347670250896057,0.09219067198490166,0.4507936507936508,0.0630673626486829,0.7621224666180053,0.0713002250780629,0.4350511841359325,0.044712439957409034,3.5318527930441333e-13,True
2,XGBoost,4.064293444873209,2.741512385409134,6.025317008945109,2.946305417477621e-12,0.6605691056910569,0.8167641325536062,0.014587358233036809,0.5293458781362007,0.09892864729794773,0.38136200716845875,0.1329898840944815,0.41182795698924735,0.08016343578329378,0.7493755742211473,0.07115249593147795,0.43649682752871616,0.01494005704134265,3.5355665009731453e-12,True
3,LogisticRegression,4.0810878669079225,2.833567602338869,5.87784747527306,4.17505781351703e-14,0.7173479373682625,0.7699805068226121,0.007293679116518423,0.39926739926739924,0.029456259052050827,0.5856630824372759,0.13483183067786497,0.47155469884105566,0.06043978204206019,0.7247889226612632,0.059735141251631436,0.39811092678888027,0.030801693517809616,2.505034688110218e-13,True
4,ANN,3.002010526355076,2.0299146927702294,4.439628538304675,3.664437851371334e-08,0.6368563685636857,0.7836257309941521,0.026585149506795063,0.39900362318840576,0.06786530263409504,0.3702508960573477,0.04650943345953726,0.38140752119246746,0.04547980451109728,0.6821402243502449,0.021438205099875013,0.35195521458731527,0.03889808599488026,3.664437851371334e-08,True
5,Ensemble (Mean),4.029335726610602,2.741425298655495,5.922301222544036,1.3190870950736272e-12,0.6709387232761217,0.8109161793372319,0.011027006334293137,0.47160493827160493,0.028098288090718612,0.4132616487455197,0.019361475033791417,0.4395778318125168,0.012420759953982542,0.7400513122201522,0.062285199310963234,0.4167990774879701,0.014530293182870462,1.978630642610441e-12,True
