,Model,HR,CI_lower,CI_upper,p,cindex,accuracy_mean,accuracy_std,precision_mean,precision_std,recall_mean,recall_std,f1_mean,f1_std,roc_auc_mean,roc_auc_std,pr_auc_mean,pr_auc_std,Sig
0,SVM,3.0916841635685146,2.2275567506513703,4.291029157602964,1.4934156938576688e-11,0.6985131778667034,0.7274821163599318,0.013686619035992137,0.455019305019305,0.023908625368037437,0.43868921775898523,0.035345144814588746,0.44503105590062114,0.011939368190522418,0.707915869561529,0.010627417192670552,0.4665059370520943,0.044673001965721625,True
1,RandomForest,3.7933748884118543,2.757106760229202,5.219127982855989,2.6179886314738353e-16,0.7146750379467366,0.7562288220051823,0.014478219344666036,0.5169191919191919,0.042838585095952494,0.4540169133192389,0.024636296296741814,0.4818184886221739,0.016963320828703075,0.7128978025347633,0.005231971743552426,0.4984872482974847,0.063140398075307,True
2,XGBoost,2.3791238792967135,1.6601283095603185,3.4095138312164215,2.3477872987507893e-06,0.6236028701531668,0.7274599694372467,0.02854433346616054,0.6205128205128205,0.26951145319940334,0.32522903453136015,0.20144255605374878,0.32498683460658917,0.16836190957284786,0.6781949898140205,0.01183506736429017,0.4590747586679575,0.04016137248964963,True
3,LogisticRegression,3.7403568573771198,2.711001690817222,5.160553557718632,9.506180711376938e-16,0.7384779908927832,0.7446792018249065,0.019560691959380646,0.4978636860814875,0.046869106316139636,0.49295278365045814,0.06226525722594909,0.48935541099940866,0.011316074439410814,0.7108260016213149,0.008567957054630438,0.4703872573387537,0.03677903246672762,True
4,ANN,3.182029364472181,2.3009030323995137,4.400581308202274,2.6066195196718984e-12,0.6897509314198979,0.7370385134985492,0.025892078036046994,0.48321123321123327,0.06501329897473944,0.41578576462297395,0.04147692450898424,0.4410097580829288,0.002438529614190487,0.6945593979368168,0.030581941261681463,0.46920660482817683,0.07269656435175763,True
5,Ensemble,3.879974764607285,2.7312334368677726,5.5118701941690444,3.7539870610696564e-14,0.6963053677383745,0.7581002369720727,0.02981977255146756,0.5571300044984255,0.1281107843951065,0.38513037350246654,0.0510059779325306,0.44253738833684625,0.017875688046775244,0.7030944438720047,0.009258833944372605,0.48667558980156117,0.06971488357546596,True
