,Model,HR,CI_lower,CI_upper,p,cindex,accuracy_mean,accuracy_std,precision_mean,precision_std,recall_mean,recall_std,f1_mean,f1_std,roc_auc_mean,roc_auc_std,pr_auc_mean,pr_auc_std,Sig
0,SVM,1.7141651739973982,1.4761645425420755,1.9905384251307319,1.5902294479958345e-12,0.755657513453843,0.7485549132947976,0.025889586847963553,0.5154230317273796,0.08030631659056688,0.40821000704721633,0.05123730976162137,0.44687155761180875,0.0040335605721100905,0.7154695761366274,0.005609703868199019,0.47271713594452586,0.047399919580838286,True
1,RandomForest,1.889491998175751,1.5820695222109313,2.2566517849233896,2.1682863168556473e-12,0.7577273354491514,0.7427302726286182,0.03391270632152719,0.5177777777777778,0.10699024993076196,0.43164200140944325,0.08022846495492188,0.4532182870892549,0.01901888079031717,0.7059997343327717,0.01003779926782875,0.4732031694734376,0.05315636345556396,True
2,XGBoost,1.1640555703349569,0.9975404801416861,1.3583662997168597,0.053768280756584526,0.5863805712708707,0.7389210019267822,0.042853325383799296,0.49241149935010325,0.11633412118897099,0.41525722339675825,0.03079581133655934,0.44609397845108756,0.057368810083824655,0.6781597020057876,0.02889402086382604,0.4793400825850165,0.058807871771744374,False
3,LogisticRegression,1.6028896802732497,1.347040538609944,1.9073333381471809,1.0512339810674869e-07,0.7469642610735476,0.7178371315305738,0.008546115523094425,0.44415584415584414,0.014354419594449578,0.5315362931642001,0.07302332586442016,0.4822888751460181,0.0385119973228853,0.7095171767105017,0.0031533390119093704,0.4709727448709076,0.03354759590512047,True
4,ANN,1.5272092472287386,1.2972589740611706,1.7979201774332767,3.6623178129426154e-07,0.7283013660825169,0.6504440457998361,0.08471592364690697,0.38617622768566157,0.07065275335414177,0.562015503875969,0.04486758489453575,0.4515965908881187,0.0486948517136,0.6719832493088308,0.038444696494098374,0.4387967484173389,0.04256617223432193,True
5,Ensemble,1.781545690183733,1.5383158769950167,2.063233626901268,1.2536394180817779e-14,0.7519318338622878,0.7446792018249065,0.030184301655255243,0.5193065405831363,0.10420381397932835,0.42389006342494717,0.07534756379581199,0.45066045066045063,0.014910318963556768,0.7065156129153999,0.009970041522396665,0.4713834596851801,0.06633137751378121,True
