,Model,HR,CI_lower,CI_upper,p,cindex,accuracy_mean,accuracy_std,precision_mean,precision_std,recall_mean,recall_std,f1_mean,f1_std,roc_auc_mean,roc_auc_std,pr_auc_mean,pr_auc_std,FDR,Sig
0,SVM,2.588388008295647,1.5544827147542966,4.309956243255929,0.00025651831672439005,0.569312707015959,0.7933723196881092,0.01929726108501299,0.3319688109161793,0.10511830333488659,0.1860215053763441,0.09628310281945647,0.23421368547418972,0.10914660452321068,0.6800283615314501,0.02340916808167704,0.32579087576385274,0.021552073162172784,0.0007695549501731702,True
1,RandomForest,1.7510469793645946,1.0814807385162597,2.8351550006785184,0.02269319343782256,0.5740552544414333,0.7602339181286549,0.02188103734955523,0.28058361391694725,0.0750538877544354,0.21792114695340503,0.06295196673863843,0.24483259096141333,0.0676494724805298,0.6603100158693844,0.05113660524100804,0.29814751879480667,0.03282525749052191,0.03403979015673384,True
2,XGBoost,1.1458503294809796,0.41149318195744355,3.1907526907880985,0.7944309569513133,0.5056082505269497,0.7992202729044834,0.02756751583573285,0.044444444444444446,0.06285393610547088,0.022222222222222223,0.03142696805273544,0.02962962962962963,0.04190262407031393,0.6511664179131579,0.02276047257043583,0.26069209321931486,0.028844790534180473,0.8233196759383785,False
3,LogisticRegression,1.934322594999136,1.2429340873176322,3.010299532132812,0.003458997821067042,0.6095490816019271,0.7719298245614036,0.024810764252159587,0.3445203445203446,0.05958440851934275,0.3265232974910394,0.14761717388335274,0.32157394843962006,0.11144374056109127,0.6580757735870982,0.04955800946825938,0.3352453641402841,0.08124209621981299,0.006917995642134084,True
4,ANN,0.961030737932785,0.6779573181938185,1.3622982663749263,0.8233196759383785,0.48635576633544114,0.5458089668615984,0.2388053462941685,0.21136567834681042,0.032801941275775015,0.4612903225806451,0.31272026576508805,0.25015714878728573,0.02768610415773795,0.5639122208785902,0.07745431754024909,0.23463398712293929,0.0608180244360949,0.8233196759383785,False
5,Ensemble (Mean),2.5762084285995552,1.756866037378346,3.7776641624259057,1.2636728681898287e-06,0.6068955133995785,0.7543859649122807,0.051647724364490305,0.3478057889822595,0.05642170184980752,0.33584229390681003,0.08960430106379909,0.32610626863571196,0.019990065495336766,0.6713652028339743,0.03169235028771809,0.31288407865182943,0.0423279311622381,7.582037209138972e-06,True
