,Model,HR,CI_lower,CI_upper,p,cindex,accuracy_mean,accuracy_std,precision_mean,precision_std,recall_mean,recall_std,f1_mean,f1_std,roc_auc_mean,roc_auc_std,pr_auc_mean,pr_auc_std,FDR,Sig
0,SVM,3.6096336333571943,2.386101195542784,5.460562607907144,1.2194568133245844e-09,0.6262232761216501,0.8109161793372319,0.0443657180379768,0.4836032388663967,0.15519975937845057,0.3265232974910394,0.07170429836544048,0.38853801169590646,0.10237332763672127,0.7374455738216891,0.05518271572019209,0.4188271647870418,0.09074654212341224,1.4633481759895011e-09,True
1,RandomForest,5.435709541525634,3.666816169132624,8.057927329043624,3.4873559273008205e-17,0.6877822944896116,0.8284600389863548,0.027567515835732845,0.5473093302361595,0.13060862963302863,0.41111111111111115,0.23414594033007563,0.43219373219373214,0.14717257683419857,0.7901471821856173,0.056558557391433985,0.46959520178882336,0.10714811483758838,1.0462067781902462e-16,True
2,XGBoost,5.203297083257376,3.5644278111881516,7.595693326051646,1.2831618611278184e-17,0.7007866606443842,0.8226120857699805,0.027567515835732845,0.4990823211875844,0.08099622659264326,0.48888888888888893,0.14571203986345657,0.48955458474909275,0.10615661527999004,0.7808968199496684,0.05656847485843805,0.4471526638075871,0.08669488912840126,7.698971166766911e-17,True
3,LogisticRegression,4.1194926130715634,2.840668338973177,5.974023491698944,8.311407907247094e-14,0.7013888888888888,0.8031189083820663,0.015348943224194571,0.44861660079051385,0.044572410603523765,0.5007168458781363,0.15218335786787687,0.46597222222222223,0.09379371408825399,0.7449875260101754,0.0562486026656307,0.430296520145762,0.09917668591297808,1.6622815814494188e-13,True
4,ANN,3.4167613420132352,2.294116428337138,5.088781861319055,1.4895331427292728e-09,0.6379102679915688,0.797270955165692,0.02715085434148953,0.423992673992674,0.08351929498513079,0.3591397849462366,0.07190646665505587,0.38860805497736806,0.07631676910643904,0.7299724373849289,0.02616060953643259,0.40266086357023595,0.07210178672915807,1.4895331427292728e-09,True
5,Ensemble (Mean),4.1035978768880055,2.809622861352579,5.993514562695807,2.7744322686708995e-13,0.6746461909063535,0.8070175438596491,0.033423836646164246,0.4655685550082102,0.08646823048946335,0.446236559139785,0.06496261276126113,0.45548257617223137,0.07547756224516251,0.7724680705806306,0.0603746495679213,0.4485804664731172,0.10231380629315452,4.161648403006349e-13,True
