,Model,HR,CI_lower,CI_upper,p,cindex,accuracy_mean,accuracy_std,precision_mean,precision_std,recall_mean,recall_std,f1_mean,f1_std,roc_auc_mean,roc_auc_std,pr_auc_mean,pr_auc_std,FDR,Sig
0,SVM,3.884304533861073,2.2730888970798757,6.637585415667756,6.91697488117996e-07,0.6240590183679614,0.8187134502923975,0.033423836646164246,0.49385964912280705,0.1410672507044029,0.3157706093189964,0.08682569138641585,0.38509803921568625,0.10717870182707201,0.7472137791286727,0.047107416682153395,0.4305628751287373,0.08850705077797034,6.91697488117996e-07,True
1,RandomForest,5.1193354670151585,2.98599333432569,8.776843311258638,2.9002459272546563e-09,0.6817411924119241,0.8304093567251463,0.024810764252159587,0.5558558558558558,0.1227541530686808,0.38960573476702504,0.20376525345716584,0.42712418300653593,0.13553150844622033,0.7876894248891503,0.054495868816971264,0.4593038660573156,0.0989578406119331,5.8004918545093125e-09,True
2,XGBoost,4.931497322558457,2.775708289786662,8.761607238010738,5.2848057501731615e-08,0.6601174345076785,0.8265107212475634,0.018077229036053986,0.4998670919723551,0.09714167639007153,0.34659498207885303,0.23777195346875582,0.3775017253278123,0.17357037895181826,0.770659614413904,0.055837237156488057,0.4148660555627878,0.07452465793048454,7.927208625259743e-08,True
3,LogisticRegression,3.780895755948612,2.465016090418605,5.799220854141622,1.1030052159130943e-09,0.6954795242396868,0.7953216374269005,0.004774833806594889,0.4300980822719953,0.027739538273733856,0.48960573476702507,0.14812540774327254,0.4505050505050505,0.08518451976690108,0.7383681406673858,0.052872744126220714,0.42115277291554426,0.09457361906214692,3.3090156477392828e-09,True
4,ANN,3.645451486373763,2.2254997769673848,5.9713852488512,2.789431148703257e-07,0.6392276422764228,0.7894736842105262,0.04079619792681551,0.4083333333333334,0.12037749266678026,0.3594982078853047,0.09470643712506306,0.38166637509047435,0.10455302376692187,0.7164507776724661,0.05725485805771642,0.3705028085299052,0.055135105667207016,3.347317378443909e-07,True
5,Ensemble (Mean),4.67712252526534,2.9024707054953827,7.536846134200969,2.3399807102709513e-10,0.6772244805781391,0.8226120857699805,0.044365718037976794,0.5433862433862434,0.12950593385656906,0.4240143369175627,0.006589525559444528,0.46935323383084576,0.05806019175550894,0.7639964702421805,0.05750838402871623,0.43557838729735315,0.0878760162721346,1.4039884261625709e-09,True
