,Model,HR,CI_lower,CI_upper,p,cindex,accuracy_mean,accuracy_std,precision_mean,precision_std,recall_mean,recall_std,f1_mean,f1_std,roc_auc_mean,roc_auc_std,pr_auc_mean,pr_auc_std,FDR,Sig
0,SVM,3.8809063187370847,2.2831869744143094,6.596671242256469,5.439879136423161e-07,0.64306684733514,0.8343079922027291,0.016768665237899834,0.6111642743221691,0.1428592722767939,0.31541218637992835,0.04149045484871049,0.40495309568480303,0.02488820577143168,0.7691382234278596,0.04902987237658571,0.4745239475692435,0.00962907154948351,6.527854963707793e-07,True
1,RandomForest,4.30560423592694,2.7581414777281745,6.721275172476494,1.3197650162268095e-10,0.6885350797952424,0.8245614035087719,0.019099335226379553,0.5209718670076726,0.06484170413952921,0.456989247311828,0.04985816395427799,0.48296957671957674,0.03859355086814766,0.7849342528134566,0.0690242340791359,0.4724990732763424,0.07079186982715235,3.9592950486804284e-10,True
2,XGBoost,2.9576657704250433,1.6574228393990027,5.277945133612372,0.00024262454631569615,0.5931383619391749,0.8109161793372319,0.009939609188290037,0.3102766798418972,0.22416678163556106,0.2290322580645161,0.16580770678575996,0.2635327635327635,0.19061724042260278,0.7416798306297278,0.08320717743454144,0.42764060987259395,0.05848971297695786,0.00024262454631569615,True
3,LogisticRegression,4.135643523483157,2.8034488001230247,6.100895208993159,8.267754750494139e-13,0.7258920505871725,0.7738791423001948,0.027977972893581553,0.41288714067187154,0.05593307941620807,0.6308243727598567,0.10835997460810733,0.49817655144900197,0.07305330864317662,0.7596138691883372,0.06233624600667938,0.4732517204713121,0.07186539018818094,4.960652850296484e-12,True
4,ANN,3.0970322594874578,2.0566342925014536,4.6637405839615065,6.223909503178766e-08,0.6323396567299007,0.783625730994152,0.031310679150504915,0.416911045943304,0.05952830380334338,0.4232974910394265,0.06616957310406221,0.4122801213123794,0.017867517899635206,0.7158488668097452,0.003573812067563714,0.39287291987650946,0.06391379580338342,9.335864254768149e-08,True
5,Ensemble (Mean),4.069610977652863,2.601524960078037,6.366163601573091,7.848577694274631e-10,0.6842630231857875,0.8089668615984406,0.030697886448389125,0.47670083876980424,0.07266051781742638,0.44480286738351255,0.06120747298151408,0.4560583207642031,0.054836497822367096,0.7649553514687352,0.0525322058329857,0.4686812793633859,0.010903867139230307,1.5697155388549262e-09,True
