,Model,HR,CI_lower,CI_upper,p,cindex,accuracy_mean,accuracy_std,precision_mean,precision_std,recall_mean,recall_std,f1_mean,f1_std,roc_auc_mean,roc_auc_std,pr_auc_mean,pr_auc_std,Sig
0,SVM,3.119175826086472,2.21597264236816,4.3905135144830965,6.955271987063358e-11,0.6697771491651718,0.737049586959892,0.037593551576272644,0.480718954248366,0.08758779610035067,0.36116983791402396,0.109795314098228,0.39924422903146306,0.0840462212980401,0.703834918853559,0.048593884969747314,0.4528814992192312,0.03999509140947456,True
1,RandomForest,3.5392326321697047,2.6030734701049445,4.812068413923752,7.419386370961802e-16,0.6941493031599283,0.7428520807033863,0.0503810632582162,0.5116858237547893,0.09287414804514725,0.4614164904862579,0.06739816019300242,0.4742306519374235,0.04060803104516668,0.7147917988278364,0.05755243452769763,0.4770108025281588,0.055124541656512115,True
2,XGBoost,1.6506922884138862,1.2267381600179819,2.2211626896722048,0.0009352478835962155,0.5925382917069132,0.6524040484574668,0.07849509909459929,0.38254985754985754,0.045461574259297824,0.46899224806201545,0.29513410574886006,0.35103785103785096,0.14111150782765863,0.6614084728810452,0.04247974993363797,0.4245713842784901,0.051855263972676105,True
3,LogisticRegression,3.1772992902468453,2.335053192214661,4.323340818728148,1.8878968980451e-13,0.6880260797571409,0.7102850308949572,0.04875739214251939,0.45090579710144923,0.08837200886746176,0.42265680056377725,0.08520759242358739,0.4194093744536969,0.026842706199163707,0.6742632286347892,0.057837364074906236,0.44910269056080737,0.030374444645922476,True
4,ANN,2.3143782872430583,1.7203030041854135,3.1136066398944724,2.950099538339879e-08,0.6646715882434111,0.6584390848891546,0.09729526401355512,0.3925925925925926,0.09087291960285405,0.45419309372797745,0.09120497489253629,0.4038273394329197,0.032883502151987785,0.6408722616515977,0.03365304898127099,0.3799702460514496,0.024895836891777854,True
5,Ensemble,3.8940645498903788,2.688982799369496,5.639210009922154,6.216512303171192e-13,0.6721401959431489,0.7639691714836223,0.025690778744533724,0.5666666666666668,0.12981468272831023,0.32945736434108525,0.12096501189400957,0.40054244377455905,0.09319640982295997,0.7091997312705639,0.056744630800611214,0.47453614988799897,0.062842142789463,True
