,Model,HR,CI_lower,CI_upper,p,cindex,accuracy_mean,accuracy_std,precision_mean,precision_std,recall_mean,recall_std,f1_mean,f1_std,roc_auc_mean,roc_auc_std,pr_auc_mean,pr_auc_std,Sig
0,SVM,1.5425907924200404,1.3166042800301752,1.80736641142056,8.175523328406817e-08,0.6803159928246171,0.5521892233074214,0.2189903959030087,0.33351913786696397,0.1096640331439992,0.46247357293868924,0.09819588580939904,0.36237569310079104,0.07070966429137772,0.5351186419356133,0.17963488100155006,0.34223961302125433,0.12381406087600043,True
1,RandomForest,1.9494792213707213,1.658988523164865,2.2908351573801182,5.109799510816163e-16,0.7759762660411205,0.7677784421854584,0.027296084455515103,0.5436293436293437,0.060649312628871264,0.4466173361522199,0.04365080735656082,0.4903450459006014,0.05100185687136131,0.7101546125334516,0.021714332010403563,0.49806826656852166,0.05802855409540829,True
2,XGBoost,1.6703428777439038,1.4536845611234603,1.9192921241961443,4.562955184987816e-13,0.7352697668000552,0.752452771687374,0.02094237764981103,0.5094524619297117,0.07030810143061285,0.2988019732205779,0.13938888012759904,0.35639924145671276,0.12193234189591354,0.6843872087436796,0.039576391160504154,0.45474768936080157,0.02883834290803546,True
3,LogisticRegression,1.7852425707158015,1.5202980759625628,2.0963593170885826,1.540671222749159e-12,0.7593486960121429,0.738976369233495,0.03318628610546025,0.47557679630850364,0.06567479821977719,0.4312896405919662,0.06107948887955025,0.4521970233876684,0.06274654116229418,0.7005263790591325,0.020054680392956183,0.4749446830810505,0.05527472309444686,True
4,ANN,1.4640884959194556,1.2206894400136068,1.7560200437711655,3.9627578494097615e-05,0.6859390092452049,0.7312692401390827,0.03804375919855159,0.4746827246827247,0.07336733805415191,0.46141649048625794,0.014691798265954466,0.46401515151515155,0.026379523252242652,0.6697455925930984,0.02803547098509791,0.4542774779212815,0.053032338852715216,True
5,Ensemble,1.9618620423187851,1.709568207876855,2.2513887748715566,8.376675397187137e-22,0.7609010625086242,0.75626204238921,0.022898124171060522,0.5296296296296297,0.057437268219521574,0.36116983791402396,0.035190245028178704,0.42501776830135035,0.005025634550010995,0.6935414620884175,0.035463784744421356,0.45551291927735704,0.036151080045319854,True
