,Model,HR,CI_lower,CI_upper,p,cindex,accuracy_mean,accuracy_std,precision_mean,precision_std,recall_mean,recall_std,f1_mean,f1_std,roc_auc_mean,roc_auc_std,pr_auc_mean,pr_auc_std,Sig
0,SVM,1.5425907924200404,1.3166042800301752,1.80736641142056,8.175523328406817e-08,0.6803159928246171,0.5521892233074214,0.2189903959030087,0.33351913786696397,0.1096640331439992,0.46247357293868924,0.09819588580939904,0.36237569310079104,0.07070966429137772,0.5351186419356133,0.17963488100155006,0.34223961302125433,0.12381406087600043,True
1,RandomForest,1.9494792213707213,1.658988523164865,2.2908351573801182,5.109799510816163e-16,0.7759762660411205,0.7677784421854584,0.027296084455515103,0.5436293436293437,0.060649312628871264,0.4466173361522199,0.04365080735656082,0.4903450459006014,0.05100185687136131,0.7101546125334516,0.021714332010403563,0.49806826656852166,0.05802855409540829,True
2,XGBoost,1.6703428777439038,1.4536845611234603,1.9192921241961443,4.562955184987816e-13,0.7352697668000552,0.752452771687374,0.02094237764981103,0.5094524619297117,0.07030810143061285,0.2988019732205779,0.13938888012759904,0.35639924145671276,0.12193234189591354,0.6843872087436796,0.039576391160504154,0.45474768936080157,0.02883834290803546,True
3,LogisticRegression,1.7852425707158015,1.5202980759625628,2.0963593170885826,1.540671222749159e-12,0.7593486960121429,0.738976369233495,0.03318628610546025,0.47557679630850364,0.06567479821977719,0.4312896405919662,0.06107948887955025,0.4521970233876684,0.06274654116229418,0.7005263790591325,0.020054680392956183,0.4749446830810505,0.05527472309444686,True
4,ANN,1.6122267808359834,1.3766848323846461,1.8880684465320814,3.0837354102634996e-09,0.7039809576376431,0.7119792704803668,0.05021386046493808,0.4409756274744833,0.0791167531800676,0.5079281183932346,0.052185695805516595,0.47113688534493176,0.06748094848103724,0.6560995354134,0.04989619406533211,0.44345179166849147,0.0739383733203973,True
5,Ensemble,1.903796968694448,1.6649068441486723,2.176964381369625,4.884509428935276e-21,0.7574858562163654,0.7620091688259917,0.014870788676606067,0.5409199522102749,0.04190339052486896,0.33844256518675125,0.009653014469205575,0.41549395877754086,0.011788728993100383,0.690233760263052,0.04103463272555882,0.45903726834222985,0.03212761641454898,True
