,Model,HR,CI_lower,CI_upper,p,cindex,accuracy_mean,accuracy_std,precision_mean,precision_std,recall_mean,recall_std,f1_mean,f1_std,roc_auc_mean,roc_auc_std,pr_auc_mean,pr_auc_std,Sig
0,SVM,3.240110512812884,2.2815282708925873,4.601440301738354,5.0660926984209886e-11,0.6669483924382503,0.7274931898212743,0.020602656179984018,0.4481481481481482,0.040908744508100954,0.3460183227625088,0.03108773079649441,0.38760908876483996,0.012457217830667978,0.6693877591134826,0.04169906434215016,0.4399143047356815,0.06835780946384298,True
1,RandomForest,3.5071525229808302,2.547055363724386,4.829152516522129,1.485875219565417e-14,0.7043949220367048,0.7582220450468408,0.024277048132032703,0.5251071754866822,0.06251333039478021,0.46987315010570824,0.08204825859550119,0.4901428023768449,0.04667148468147653,0.7147035017175263,0.0237411489584902,0.49789253499188396,0.05675496164227027,True
2,XGBoost,3.0421126707832933,2.2785509991207142,4.061550303377685,4.5273368035535803e-14,0.6925624396301918,0.685358669412885,0.10262312839146494,0.4463901689708141,0.10282668555049851,0.5232558139534884,0.09635506119888415,0.4616436914658529,0.04076904902993546,0.6778530363653745,0.01450477589910945,0.46895063709208024,0.021277689841115503,True
3,LogisticRegression,3.4648438735699054,2.4430996128867184,4.913898313802222,3.1523274343668142e-12,0.6975127639023044,0.7562731158505526,0.03098436009842693,0.5217871915561262,0.07181251344640845,0.40803382663847776,0.09103192448884134,0.4519244659397554,0.0686024739816137,0.6995108433196487,0.01952059379208529,0.475585500777209,0.0545685842907976,True
4,ANN,2.6043062301090165,1.9605367625680437,3.459466340891551,3.9249465696409576e-11,0.6478370360149027,0.6851482736473767,0.03134087316257271,0.4053748006379585,0.03477487764623694,0.5236081747709654,0.10676474624048271,0.4501808543554274,0.032314743048153904,0.6700167428287435,0.03590550608120974,0.4392463674092077,0.031801751586629456,True
5,Ensemble,3.62078002421279,2.553966338845983,5.133210952835887,5.007079212325818e-13,0.6519076859390093,0.7562509689278675,0.004776372959978195,0.5150063856960408,0.011449821888276576,0.3461945031712473,0.07604506475029109,0.41014436693299183,0.058199101022646006,0.6961832578333554,0.02171015674728409,0.4876006765799808,0.03393389434024625,True
