,Model,HR,CI_lower,CI_upper,p,cindex,accuracy_mean,accuracy_std,precision_mean,precision_std,recall_mean,recall_std,f1_mean,f1_std,roc_auc_mean,roc_auc_std,pr_auc_mean,pr_auc_std,FDR,Sig
0,SVM,2.8270982306182595,1.755716701585163,4.552263128982491,1.904240947497722e-05,0.6160418548629931,0.7933723196881092,0.024032803130483338,0.40812324929971994,0.06540361321575529,0.28207885304659497,0.09841826614536413,0.3207070707070707,0.058790134983953614,0.6387450839406914,0.009609036253565678,0.3169412478846954,0.03408864213166624,5.7127228424931656e-05,True
1,RandomForest,1.987923268075535,1.2136527397917158,3.256152925946775,0.006351441150432775,0.5796258657031015,0.773879142300195,0.0027567515835733108,0.304868154158215,0.05889506270483363,0.2272401433691756,0.09351473597914207,0.2573911834237241,0.08170982810295102,0.6274549429319505,0.04242012543002819,0.2803464342595772,0.04298182524305906,0.007621729380519329,True
2,XGBoost,2.081910531865275,1.3664083743740447,3.1720761845280188,0.0006425264876270117,0.5915198735320687,0.7446393762183235,0.007293679116518423,0.2790897489354713,0.044831800233048565,0.2835125448028674,0.08827834021527904,0.2787080131005664,0.06617267596632193,0.6213519480849611,0.010124800860058028,0.26036697604528153,0.03373828077162058,0.0009637897314405176,True
3,LogisticRegression,2.2602346823646804,1.4721834001618583,3.4701252702635412,0.0001929814457850817,0.6151385124962361,0.7621832358674464,0.04279629317758314,0.35046402237477753,0.042612659139738704,0.32508960573476703,0.09244116032481317,0.32449266626481815,0.028741299442147716,0.6282500463008356,0.0387977172698959,0.3532396959874417,0.016799496882958977,0.0003859628915701634,True
4,ANN,1.5954565641151743,1.125844785509825,2.2609525582387517,0.00863045219457336,0.5799081601927131,0.6003898635477584,0.2595302633193096,0.3121520213023481,0.09121864671554344,0.5197132616487455,0.34243930931888705,0.31541450777202074,0.017502587321827297,0.5637475351613992,0.09808631005221768,0.25215477801103464,0.04974043399025424,0.00863045219457336,True
5,Ensemble (Mean),3.380234344161507,2.07033514880427,5.518905587845569,1.1196031492775027e-06,0.600195724179464,0.797270955165692,0.016768665237899834,0.393719806763285,0.07538399291945524,0.2275985663082437,0.04308535942713731,0.28631468347780403,0.04876973140120904,0.649466904889005,0.003981011359034713,0.30832052353674233,0.03427780557291383,6.717618895665017e-06,True
