,Model,HR,CI_lower,CI_upper,p,cindex,accuracy_mean,accuracy_std,precision_mean,precision_std,recall_mean,recall_std,f1_mean,f1_std,roc_auc_mean,roc_auc_std,pr_auc_mean,pr_auc_std,FDR,Sig
0,SVM,2.9046035640169823,1.9175495789624368,4.399741188785932,4.831282716501994e-07,0.6160418548629931,0.7933723196881092,0.024032803130483338,0.40812324929971994,0.06540361321575529,0.28207885304659497,0.09841826614536413,0.3207070707070707,0.058790134983953614,0.638599463273451,0.010565015765443827,0.3166719218852994,0.0343422100733512,1.4493848149505982e-06,True
1,RandomForest,2.425029883565437,1.5713465122056691,3.742503572894735,6.298673064860393e-05,0.5916139716952725,0.7621832358674464,0.01987921837658006,0.30572213893053474,0.06142989235638595,0.2494623655913978,0.037372359563403804,0.2740740740740741,0.04566232594791834,0.6442539755168445,0.013967478998937197,0.2912000605854718,0.030391555526439223,9.44800959729059e-05,True
2,XGBoost,2.1714967621330814,1.455906077838145,3.238806582191268,0.00014383178539103584,0.6025293586269196,0.7348927875243665,0.0027567515835732583,0.28141072106589354,0.02850655001461974,0.3157706093189964,0.06379726951032715,0.2966832504145937,0.04479515595576471,0.6139786761955602,0.009422388738742312,0.26140958448240154,0.032090207796648035,0.00017259814246924302,True
3,LogisticRegression,2.3171713345945575,1.5594737407925492,3.44300955727409,3.1932132216261314e-05,0.6151385124962361,0.7621832358674464,0.04279629317758314,0.35046402237477753,0.042612659139738704,0.32508960573476703,0.09244116032481317,0.32449266626481815,0.028741299442147716,0.6282500463008356,0.0387977172698959,0.3532396959874417,0.016799496882958977,6.386426443252263e-05,True
4,ANN,1.439167153481715,0.9784610363629823,2.1167956808576514,0.06440642682596416,0.5706489009334538,0.6803118908382065,0.07614824555409201,0.2545198089119512,0.04514666818245645,0.3569892473118279,0.14429450492229032,0.27713194982634404,0.03988342003708665,0.5628632799875078,0.03942169251240415,0.23213300939541215,0.018942898392715964,0.06440642682596416,False
5,Ensemble (Mean),3.636920350654113,2.3510771697303356,5.626012538975558,6.608575031786702e-09,0.6138964167419452,0.797270955165692,0.021530918162158425,0.4108225108225108,0.09033903590306161,0.25017921146953404,0.017588307019907237,0.3085675068496088,0.03435438843011521,0.6312452564340004,0.02985890844235439,0.30031144315482816,0.03995619376088302,3.9651450190720215e-08,True
