,Model,HR,CI_lower,CI_upper,p,cindex,accuracy_mean,accuracy_std,precision_mean,precision_std,recall_mean,recall_std,f1_mean,f1_std,roc_auc_mean,roc_auc_std,pr_auc_mean,pr_auc_std,Sig
0,SVM,1.6983366956512496,1.4768019957505165,1.953103760758238,1.1097583109112854e-13,0.7414447357527253,0.7197749872655196,0.00958699584837305,0.4243386243386243,0.018389573753420898,0.34637068357998585,0.022078153908133252,0.3813696851671535,0.02079781803778097,0.6620520951916301,0.008778730590480217,0.40158818877138364,0.03008162934813603,True
1,RandomForest,1.7635306956601455,1.4920251864954124,2.0844423691269363,2.912835976963466e-11,0.7242652131916655,0.7217571368458353,0.026048881513743228,0.4409344987904262,0.05143721121867003,0.41560958421423533,0.035198182578066096,0.42779046017061156,0.04281743702464112,0.6654453526235881,0.016825853352164896,0.4467462780231675,0.0691626287976802,True
2,XGBoost,1.2432186517227775,1.0800643563629555,1.4310190007529555,0.0024213758533854985,0.6285359459086518,0.7025557548778597,0.04984897181712061,0.4148148148148148,0.0544390696865923,0.3403805496828753,0.18044452164510666,0.33245839795924165,0.12899788187271868,0.6572046407347313,0.012433427245592512,0.43618124494398586,0.03790021894902316,True
3,LogisticRegression,1.3986776681742992,1.2038371499536036,1.625053039379032,1.1664988642020584e-05,0.7221953911963571,0.7274599694372467,0.006640144563118579,0.4506799978498092,0.01526616561046128,0.4466173361522199,0.09548035444391924,0.44517839289648037,0.05352871981429033,0.6822211207929297,0.014960259738763595,0.43480336373832373,0.05012424391902778,True
4,ANN,1.4042063362120205,1.1850262021420805,1.6639256002050615,8.833163175780482e-05,0.6330205602318201,0.6659358182180587,0.03483237133768474,0.34422244422244425,0.03933124434482105,0.3539464411557434,0.013233482704872394,0.34707382669460296,0.016101917713540873,0.6204743049719084,0.051400806801103774,0.35983844114032754,0.026375214267382565,True
5,Ensemble,1.8450735659837763,1.577524511474876,2.157999092330621,1.815283261712799e-14,0.7298537325789982,0.7428410072420437,0.015901359394847384,0.4852749907097733,0.04346401550671218,0.31589147286821706,0.06010876906694117,0.37701735226307487,0.03607708830035704,0.6518175548931807,0.007244001164650564,0.43115104980557817,0.03364714999687916,True
