,Model,HR,CI_lower,CI_upper,p,cindex,accuracy_mean,accuracy_std,precision_mean,precision_std,recall_mean,recall_std,f1_mean,f1_std,roc_auc_mean,roc_auc_std,pr_auc_mean,pr_auc_std,Sig
0,SVM,3.18069228080623,2.2801098151261816,4.43698076209565,9.559825345140404e-12,0.6814888919552918,0.7332181693353709,0.004713732003126014,0.45555555555555555,0.017532319074900396,0.37702607470049326,0.06713005330012606,0.4106053033316674,0.04687742801306078,0.6632964378659391,0.0017964748418764656,0.4122930761504567,0.0455430394925498,True
1,RandomForest,3.3184955073009275,2.3669163444196313,4.6526411708381215,3.4711823044152493e-12,0.6842486546157031,0.7524084778420038,0.007819573162991558,0.5060718407533372,0.015564539544589171,0.3847780126849894,0.09611121703302225,0.43028289539917447,0.06130474808536769,0.6815187268498115,0.03293381374171541,0.4668532440192299,0.08435143652617669,True
2,XGBoost,2.5049866639604756,1.770495063185316,3.5441828204426,2.1441110038257711e-07,0.6248447633503519,0.7408810045844131,0.018783260675013333,0.6401642403882045,0.2546787600523008,0.31412966878083154,0.19074423999950038,0.3316239316239316,0.1717814058307629,0.6603187923976136,0.024660378326298308,0.4511702621657647,0.060188719768158455,True
3,LogisticRegression,3.180059063608756,2.327814994442555,4.344321035899985,3.6410511411915314e-13,0.6931833862287843,0.7332846101034262,0.02919068589311282,0.4645348837209302,0.06048933623448896,0.43886539816772374,0.05310780090191965,0.4511623459508021,0.05611711464838999,0.6841604398323731,0.013994077492896254,0.4391367318182688,0.052235296689043004,True
4,ANN,2.183490018733467,1.618104785654576,2.94642763817055,3.263061439778109e-07,0.6322788740168346,0.6775075853210196,0.017596527985563364,0.3719952210274791,0.022635864540123684,0.42389006342494717,0.10001959023650354,0.39091141833077314,0.04726327352934251,0.6389182626356423,0.0748211223654114,0.3972346454640252,0.021580364887467514,True
5,Ensemble,3.7900446486334727,2.6649519560825854,5.39013035707803,1.2185816523933065e-13,0.6899751621360563,0.7716320067326645,0.015971609187429313,0.5624690098743393,0.03676581013218763,0.37702607470049326,0.06713005330012606,0.44897395002658164,0.05629735749770953,0.6758669048567859,0.02480742957814268,0.4692337823042522,0.08025625339477138,True
