,Model,HR,CI_lower,CI_upper,p,cindex,accuracy_mean,accuracy_std,precision_mean,precision_std,recall_mean,recall_std,f1_mean,f1_std,roc_auc_mean,roc_auc_std,pr_auc_mean,pr_auc_std,Sig
0,SVM,1.7308185065411434,1.500461912505644,1.9965403170965499,5.1342335228564566e-14,0.7405133158548365,0.7332181693353709,0.004713732003126014,0.45555555555555555,0.017532319074900396,0.37702607470049326,0.06713005330012606,0.4106053033316674,0.04687742801306078,0.6632964378659391,0.0017964748418764656,0.4122930761504567,0.0455430394925498,True
1,RandomForest,1.8593278608930623,1.5895615043825897,2.174876583738081,8.856710551080702e-15,0.7494480474679177,0.7524084778420038,0.007819573162991558,0.5060718407533372,0.015564539544589171,0.3847780126849894,0.09611121703302225,0.43028289539917447,0.06130474808536769,0.6815187268498115,0.03293381374171541,0.4668532440192299,0.08435143652617669,True
2,XGBoost,1.317265974474122,1.1247862094346586,1.5426839633634923,0.0006285050342660018,0.6366082516903546,0.7408810045844131,0.018783260675013333,0.6401642403882045,0.2546787600523008,0.31412966878083154,0.19074423999950038,0.3316239316239316,0.1717814058307629,0.6603187923976136,0.024660378326298308,0.4511702621657647,0.060188719768158455,True
3,LogisticRegression,1.555117867422895,1.3625808426357782,1.7748609887247446,5.839967952499379e-11,0.7216434386642748,0.7332846101034262,0.02919068589311282,0.4645348837209302,0.06048933623448896,0.43886539816772374,0.05310780090191965,0.4511623459508021,0.05611711464838999,0.6841604398323731,0.013994077492896254,0.4391367318182688,0.052235296689043004,True
4,ANN,1.6713811991769538,1.429869199007755,1.953685774125862,1.1137074377082948e-10,0.7198495929350076,0.6794011472105951,0.024498005504370937,0.3834419027420088,0.021054846921590625,0.46247357293868924,0.10865433042658534,0.41336148658528743,0.04482334241622838,0.6627139355703177,0.040525594442134466,0.4188875612244336,0.03593859109944018,True
5,Ensemble,1.7378554650162426,1.4720421868203941,2.0516678423532926,6.794681116786307e-11,0.7434455636815234,0.7581888246628131,0.011816031867621665,0.5196078431372549,0.027729677693590107,0.36927413671599724,0.05710419895668189,0.4304569064294465,0.04810235732246282,0.6779868424374017,0.022640382473795666,0.46315476886979984,0.06534305399443655,True
