,Model,HR,CI_lower,CI_upper,p,cindex,accuracy_mean,accuracy_std,precision_mean,precision_std,recall_mean,recall_std,f1_mean,f1_std,roc_auc_mean,roc_auc_std,pr_auc_mean,pr_auc_std,Sig
0,SVM,1.6190147077714263,1.3867648304380027,1.8901608740339206,1.0694653246335737e-09,0.7225748585621636,0.7351228046862888,0.009412624525819554,0.4654320987654321,0.0017459426695964162,0.40644820295983086,0.1753456262526563,0.409618706416736,0.11972047810901051,0.6792615071773601,0.027281998039798826,0.41276465270912266,0.0518533684703724,True
1,RandomForest,1.9359500390392619,1.6343058815199898,2.2932687179528313,2.1049924856081472e-14,0.7546226024561887,0.7524084778420038,0.012215739459088123,0.5185185185185185,0.04542335879876109,0.27642706131078226,0.09685148417132619,0.3464980918650304,0.08860608016620021,0.7064584551492062,0.01764058876842286,0.4687318070067554,0.03125333595209524,True
2,XGBoost,1.5820171143670667,1.3376586457193402,1.8710140723565578,8.39480314040744e-08,0.7048433834690216,0.7658184395278277,0.007677207669059062,0.8695652173913043,0.1844626385704037,0.12931642001409444,0.1338850556496117,0.18408462736820944,0.1662879455627744,0.6965476398860031,0.04431443977451924,0.4561394546919748,0.039853910653965485,True
3,LogisticRegression,1.6281999769397404,1.4020064621179278,1.8908865519077636,1.6824565460159124e-10,0.7356837311991169,0.7428520807033863,0.020600144394778475,0.48701108723505143,0.03940920019070091,0.4536645525017618,0.02528296290194383,0.4686609686609686,0.02323291514287763,0.6841806959239943,0.025610943402971646,0.45903658525885954,0.053066199143960296,True
4,ANN,1.2325582921340468,1.0728043091632784,1.4161016417740537,0.0031551497874978563,0.6731061128742928,0.6851372001860341,0.03383955573584979,0.3766141620547751,0.033129729080887606,0.409090909090909,0.22151532089669052,0.3678678678678679,0.0969137511297593,0.6627547167312834,0.037191609030850205,0.3856800110303528,0.04705386746625146,True
5,Ensemble,1.7090150006613924,1.4856437134148808,1.9659708758650505,6.430391077129397e-14,0.7502069821995309,0.7601266803977588,0.018974517376700518,0.5558333333333333,0.09345973583432719,0.27695560253699786,0.019222243406604438,0.3658396790305412,0.012838193480730141,0.6977865098981733,0.03666979472795273,0.45381393877109205,0.05148978703238165,True
