,Model,HR,CI_lower,CI_upper,p,cindex,accuracy_mean,accuracy_std,precision_mean,precision_std,recall_mean,recall_std,f1_mean,f1_std,roc_auc_mean,roc_auc_std,pr_auc_mean,pr_auc_std,Sig
0,SVM,3.104110899325952,2.2274773876362244,4.325747380780043,2.232743779694922e-11,0.6729163791913896,0.7351228046862888,0.009412624525819554,0.4654320987654321,0.0017459426695964162,0.40644820295983086,0.1753456262526563,0.409618706416736,0.11972047810901051,0.6792615071773601,0.027281998039798826,0.41276465270912266,0.0518533684703724,True
1,RandomForest,4.303833873839377,2.9038441189855777,6.378781110357272,3.5917063016193865e-13,0.6473195805160756,0.7524084778420038,0.012215739459088123,0.5185185185185185,0.04542335879876109,0.27642706131078226,0.09685148417132619,0.3464980918650304,0.08860608016620021,0.7064584551492062,0.01764058876842286,0.4687318070067554,0.03125333595209524,True
2,XGBoost,3.1044717931057377,1.79076517129885,5.3819145405865,5.448691664190861e-05,0.5521250172485166,0.7658184395278277,0.007677207669059062,0.8695652173913043,0.1844626385704037,0.12931642001409444,0.1338850556496117,0.18408462736820944,0.1662879455627744,0.6965476398860031,0.04431443977451924,0.4561394546919748,0.039853910653965485,True
3,LogisticRegression,3.0305244190019347,2.195765825339461,4.182631020203247,1.5364768943804017e-11,0.6938043328273769,0.7428520807033863,0.020600144394778475,0.48701108723505143,0.03940920019070091,0.4536645525017618,0.02528296290194383,0.4686609686609686,0.02323291514287763,0.6841806959239943,0.025610943402971646,0.45903658525885954,0.053066199143960296,True
4,ANN,1.995290695882717,1.4483910753827376,2.7486947612019144,2.3728457957654533e-05,0.6343141989788879,0.6851372001860341,0.03383955573584979,0.3766141620547751,0.033129729080887606,0.409090909090909,0.22151532089669052,0.3678678678678679,0.0969137511297593,0.6627547167312834,0.037191609030850205,0.3856800110303528,0.04705386746625146,True
5,Ensemble,3.727155486182701,2.4994945538407434,5.557798874510739,1.0915589063558614e-10,0.6469056161170139,0.7601266803977588,0.018974517376700518,0.5558333333333333,0.09345973583432719,0.27695560253699786,0.019222243406604438,0.3658396790305412,0.012838193480730141,0.6977865098981733,0.03666979472795273,0.45381393877109205,0.05148978703238165,True
