,Model,HR,CI_lower,CI_upper,p,cindex,accuracy_mean,accuracy_std,precision_mean,precision_std,recall_mean,recall_std,f1_mean,f1_std,roc_auc_mean,roc_auc_std,pr_auc_mean,pr_auc_std,Sig
0,SVM,1.6062047674953437,1.3705747845657545,1.8823443887756703,4.785300108355769e-09,0.7331654477714916,0.7101964432042168,0.018600099312933948,0.39705419705419703,0.02504973958863206,0.31483439041578576,0.0912529484149391,0.3440074906367041,0.06687727118093852,0.681379551568616,0.01829863573977988,0.410630492505823,0.028142380863495915,True
1,RandomForest,1.8618928600041682,1.5841607533833624,2.188316441201206,4.6336665219198346e-14,0.7488271008693252,0.75626204238921,0.009161400556060486,0.5158404319694642,0.025962815225736145,0.3921775898520085,0.015269872219887574,0.44540276452335076,0.017286550773819832,0.7059556530220474,0.017230019933212628,0.46577148436189614,0.039785252922420085,True
2,XGBoost,1.3339870705304515,1.139928438319364,1.5610817701557003,0.0003271855044471453,0.6395060024837864,0.7543795539609771,0.023526573916767622,0.5147257834757835,0.05698322306908963,0.45419309372797745,0.04275924290112021,0.4801338688085677,0.03292169065948976,0.7207493346939469,0.009044359069503446,0.480162942059267,0.021794838780444463,True
3,LogisticRegression,1.6296611830419898,1.3751074279129718,1.9313367942056516,1.7421192556124864e-08,0.7493790534014074,0.7543463335769495,0.013868395204625305,0.5087719298245614,0.035349452479119574,0.4383368569415081,0.030701932220989384,0.4709349593495935,0.03286026595234113,0.6962851693545818,0.02773130738107665,0.4580868002221834,0.05214471649416338,True
4,ANN,1.187120923417295,1.0147474213354468,1.3887752333092858,0.03212507366971045,0.5690458120601628,0.5568290036099484,0.16219170946720252,0.2821095571095571,0.08816463591769395,0.3689217758985201,0.0636535696292795,0.30642713076747136,0.06442812706962452,0.5397338082652302,0.13352968413504204,0.3223168752422876,0.06596791762431997,True
5,Ensemble,1.9578522812900172,1.6815460317117779,2.279560287416232,4.908073723658474e-18,0.7624534290051056,0.7485327663721127,0.010468948976159968,0.4991848991848991,0.028357934315885427,0.3534178999295279,0.0692440558486951,0.4081487341772152,0.047229665361131296,0.706805239851574,0.0144271318555172,0.4699577081222621,0.036078845904444046,True
