,Model,HR,CI_lower,CI_upper,p,cindex,accuracy_mean,accuracy_std,precision_mean,precision_std,recall_mean,recall_std,f1_mean,f1_std,roc_auc_mean,roc_auc_std,pr_auc_mean,pr_auc_std,FDR,Sig
0,SVM,5.36230935851853,3.4498373400591547,8.334990558123636,8.477065392529704e-14,0.6264302920806986,0.8226120857699805,0.031792410195516735,0.6174242424242424,0.1716707453579494,0.2838709677419355,0.08623629099253086,0.35858048761274564,0.036070704029601594,0.8020212584385543,0.0446009748970798,0.49456349788134,0.09280143426529165,1.0172478471035644e-13,True
1,RandomForest,5.064399407419555,3.509133270378322,7.308967594469958,4.448084711443573e-18,0.7315943992773261,0.8050682261208576,0.026297734041387983,0.4572754572754573,0.06430185169536042,0.5745519713261649,0.1451581928073431,0.5077622159975101,0.09644663992231638,0.7814402646592077,0.06062275285249764,0.4713556011929379,0.12687282403327826,1.334425413433072e-17,True
2,XGBoost,4.665810084542805,3.2005666946430367,6.801852866074816,1.1565506032463893e-15,0.6826821740439627,0.8382066276803118,0.026297734041387983,0.5417508417508418,0.10910441783592485,0.45412186379928315,0.18130603922003963,0.485444063274252,0.14394812724752934,0.775317660046555,0.05738366297844175,0.48999443849525653,0.11380736924643113,1.7348259048695841e-15,True
3,LogisticRegression,4.586391380186459,3.176235385691304,6.62261556149448,4.462705463461395e-16,0.7226550737729599,0.8070175438596491,0.00827025475071988,0.4609275942609276,0.03785719381176718,0.5523297491039427,0.14145768752619994,0.4981080151358788,0.0818352028870491,0.7808089391479919,0.04344322667639381,0.4855667003226465,0.09736120927920545,8.92541092692279e-16,True
4,ANN,3.437007857978549,2.291910866015738,5.154224446931515,2.3497382490996533e-09,0.6256775067750677,0.8011695906432749,0.014324501419784667,0.43512361466325666,0.02881853517312408,0.3254480286738351,0.04920717505872549,0.36807950841202786,0.02170466957226875,0.7628674561413065,0.03570353396418375,0.42166548421296496,0.03531492613444833,2.3497382490996533e-09,True
5,Ensemble (Mean),5.491061102325314,3.7755889231274247,7.985973219906197,5.0201912063339615e-19,0.7013512496236074,0.8362573099415204,0.017215908121496752,0.5388888888888889,0.06285393610547091,0.47634408602150535,0.15507001838647524,0.49865219357756674,0.1091972123007495,0.8075012800819253,0.05428524243305396,0.49594977313786764,0.10603832764693696,3.012114723800377e-18,True
