,Model,HR,CI_lower,CI_upper,p,cindex,accuracy_mean,accuracy_std,precision_mean,precision_std,recall_mean,recall_std,f1_mean,f1_std,roc_auc_mean,roc_auc_std,pr_auc_mean,pr_auc_std,Sig
0,SVM,1.8102389005419859,1.5717268409540155,2.0849455462925017,1.8293353738590646e-16,0.745705119359735,0.7465395433304542,0.042953381317678084,0.5091991991991992,0.13117273942725347,0.36909795630725856,0.04901553017396497,0.4239558490796796,0.06929748014343923,0.7144272409051391,0.010364999205489627,0.4684931487464503,0.06591299297656597,True
1,RandomForest,1.910326196536383,1.605873268152625,2.272499486445354,2.7209256840064627e-13,0.7552090520215261,0.7504706221070583,0.019075180635916414,0.5149494949494949,0.060989360311592224,0.41596194503171247,0.0850486174541543,0.45015296539619265,0.03194119392730777,0.7047098206249635,0.0024691280644004027,0.4787603706809119,0.05621748696777269,True
2,XGBoost,1.3672392630795267,1.1992450868536328,1.5587666132622642,2.9215045790151023e-06,0.726335035186974,0.7542909662702368,0.01932654351926949,0.5511904761904761,0.1154086695085444,0.3238195912614517,0.08891369843204261,0.38961869820223094,0.04901623397498784,0.7167967380864594,0.004901453775752487,0.4886518109451337,0.04401543242280941,True
3,LogisticRegression,1.158535115497488,1.089461338412555,1.231988292302774,2.7076359310160713e-06,0.7545536083896784,0.7427745664739884,0.03216743125441626,0.5038890329271454,0.08278201036449179,0.47744890768146586,0.07470880323957053,0.4800698361536395,0.023509196712273615,0.7162476304097111,0.004639682488946252,0.48707773155589124,0.056695489893745045,True
4,ANN,1.6627965395090478,1.4349385895530176,1.9268366966592811,1.3566719300333886e-11,0.6926314336967021,0.7255221137023011,0.021221080312595474,0.4444444444444444,0.04046840883803798,0.39235377026074697,0.03821206448785552,0.41636667476460754,0.037569822820707886,0.6700839044971834,0.05376090630042489,0.43209010610286525,0.05157558880248754,True
5,Ensemble,1.8012109489998385,1.5715982858671733,2.0643703368553448,2.7243691489940535e-17,0.7638678073685663,0.7484995459880849,0.024324525858886427,0.5083333333333334,0.07168604389202188,0.38495419309372797,0.03255955047295298,0.43337245514805506,0.018829376726147824,0.7217434142873517,0.009259709807937866,0.4737673581797118,0.06458885983256528,True
