,Model,HR,CI_lower,CI_upper,p,cindex,accuracy_mean,accuracy_std,precision_mean,precision_std,recall_mean,recall_std,f1_mean,f1_std,roc_auc_mean,roc_auc_std,pr_auc_mean,pr_auc_std,Sig
0,SVM,1.7748120915224659,1.5429078803111491,2.041572280763202,9.7390856412216e-16,0.7330102111218435,0.7427191991672757,0.03857222144897592,0.48939217963608206,0.10848855770495233,0.39200140944326983,0.06354278068367297,0.43307593307593306,0.07481415712825092,0.7087628493761993,0.016499536620618094,0.45781823164456953,0.07037958793360459,True
1,RandomForest,1.8908221311156408,1.590661056138753,2.2476242300137312,5.098834140589369e-13,0.7560714778529046,0.7485438398334551,0.04267416047585749,0.5406698564593301,0.13368618558019701,0.44679351656095845,0.0818691232217483,0.4697643097643098,0.01801293306106451,0.7050951105229465,0.018588936964578067,0.4697659484627053,0.06135766105167499,True
2,XGBoost,1.006531672342697,0.8618395091629395,1.1755158549333207,0.9344720412381129,0.6004208638057127,0.7351338781476313,0.03068572225340827,0.5040849673202614,0.1214053387168636,0.30091613812544044,0.08474845374433715,0.35424816147707716,0.053262976360960695,0.6725236255548701,0.03858911229982636,0.45390719200832813,0.0609032739356057,False
3,LogisticRegression,1.3522356603814214,1.1983374457852367,1.5258984751235805,9.829263693309483e-07,0.7320615427073272,0.7466170575598521,0.034018379746869505,0.5147790194301822,0.09132244299212704,0.4774489076814658,0.06147055397525426,0.48497073247903816,0.01464423232600779,0.723185331444696,0.0012355522763729974,0.5144382451612155,0.03587033458206322,True
4,ANN,1.8270625643424103,1.5653165281427486,2.132576737040013,2.1742941372658114e-14,0.7289568097143646,0.7484663256040572,0.040602615417273856,0.5354486371611437,0.13097622510449333,0.41596194503171247,0.05391293230523608,0.45331705331705335,0.022786498545597403,0.715084074160055,0.009687205886858627,0.48444182087966575,0.03369796281913201,True
5,Ensemble,1.6430077481665828,1.4361877963917027,1.8796110559619157,4.704538556959521e-13,0.7409617772871533,0.735067437379576,0.03334751878045659,0.4817155067155068,0.09487875801608439,0.3847780126849894,0.014949403407749405,0.4222604704532415,0.02497747128541741,0.6994674344532325,0.020943763380009802,0.44899992943751843,0.07577767330956464,True
