,Model,HR,CI_lower,CI_upper,p,cindex,accuracy_mean,accuracy_std,precision_mean,precision_std,recall_mean,recall_std,f1_mean,f1_std,roc_auc_mean,roc_auc_std,pr_auc_mean,pr_auc_std,Sig
0,SVM,2.9117681787173173,2.06185745714688,4.112017490444194,1.2871618582853337e-09,0.6623775355319442,0.7465395433304542,0.042953381317678084,0.5091991991991992,0.13117273942725347,0.36909795630725856,0.04901553017396497,0.4239558490796796,0.06929748014343923,0.7144272409051391,0.010364999205489627,0.4684931487464503,0.06591299297656597,True
1,RandomForest,3.452119228959492,2.504459229473016,4.758363414628019,3.8189561577780044e-14,0.6836622050503657,0.7504706221070583,0.019075180635916414,0.5149494949494949,0.060989360311592224,0.41596194503171247,0.0850486174541543,0.45015296539619265,0.03194119392730777,0.7047098206249635,0.0024691280644004027,0.4787603706809119,0.05621748696777269,True
2,XGBoost,4.008560040217371,2.7517174513425413,5.839463491496109,4.708434698419481e-13,0.6720712018766386,0.7542909662702368,0.01932654351926949,0.5511904761904761,0.1154086695085444,0.3238195912614517,0.08891369843204261,0.38961869820223094,0.04901623397498784,0.7167967380864594,0.004901453775752487,0.4886518109451337,0.04401543242280941,True
3,LogisticRegression,3.2297447356583717,2.3353269632045386,4.466719744972751,1.3735713656564725e-12,0.7029977921898717,0.7427745664739884,0.03216743125441626,0.5038890329271454,0.08278201036449179,0.47744890768146586,0.07470880323957053,0.4800698361536395,0.023509196712273615,0.7162476304097111,0.004639682488946252,0.48707773155589124,0.056695489893745045,True
4,ANN,2.799839487698368,2.008308491451632,3.903335165011852,1.254639840554907e-09,0.6642576238443494,0.7255221137023011,0.021221080312595474,0.4444444444444444,0.04046840883803798,0.39235377026074697,0.03821206448785552,0.41636667476460754,0.037569822820707886,0.6700839044971834,0.05376090630042489,0.43209010610286525,0.05157558880248754,True
5,Ensemble,3.477609456104911,2.4835839357205542,4.869482104167971,3.977103844048784e-13,0.6828170277356147,0.7484995459880849,0.024324525858886427,0.5083333333333334,0.07168604389202188,0.38495419309372797,0.03255955047295298,0.43337245514805506,0.018829376726147824,0.7217434142873517,0.009259709807937866,0.4737673581797118,0.06458885983256528,True
