,Model,HR,CI_lower,CI_upper,p,cindex,accuracy_mean,accuracy_std,precision_mean,precision_std,recall_mean,recall_std,f1_mean,f1_std,roc_auc_mean,roc_auc_std,pr_auc_mean,pr_auc_std,Sig
0,SVM,1.659073997031981,1.2519699611349207,2.1985563656275637,0.00042452076745777957,0.6167897060852766,0.5453236772750426,0.1998710312301979,0.3364564007421151,0.09269100719623476,0.5547921071176886,0.12191200542774444,0.39510614577042785,0.04867889802984882,0.569317255914096,0.17160111620778826,0.37558912621179646,0.1378127221604717,True
1,RandomForest,4.281476570521781,3.072091080192125,5.966959033903564,8.925260705160753e-18,0.7087760452601076,0.7620423892100193,0.023659646751252816,0.5319430006930007,0.0543164247360731,0.4386892177589852,0.022981922282058236,0.4801338688085677,0.03292169065948976,0.7057071176057507,0.023457194066268002,0.4581196508462139,0.026595490803961768,True
2,XGBoost,3.2338246081613096,2.284415847354715,4.577809950171401,3.625217452800934e-11,0.6550986615151096,0.7619648749806215,0.012444550759183071,0.5504662557294137,0.060459949958996305,0.3544749823819591,0.060843235219589516,0.42310284844531415,0.030181574504657388,0.701491667690851,0.018238075862182925,0.473750281756784,0.02642649015660244,True
3,LogisticRegression,3.492670519425429,2.447515508720116,4.984134855857404,5.445785687332024e-12,0.6985649234165862,0.7581556042787855,0.004738380560370176,0.5194250194250194,0.01913536962863208,0.4154334038054968,0.03824048430621216,0.46066800408263825,0.025427162203590325,0.6852846425720561,0.017537125180986345,0.4395921131162612,0.004768360328970983,True
4,ANN,1.3388578050031663,1.0043875224010999,1.7847097679316348,0.04661122964739533,0.5373947840485718,0.5507939671782606,0.15697069815392273,0.3417666624563176,0.12522474567565642,0.5221987315010571,0.1246222055994114,0.3770881365530074,0.03082863094049246,0.5611919251232229,0.10358516978072455,0.3487122552819956,0.0740320715523509,True
5,Ensemble,3.3747764973625123,2.454444435526611,4.640201359745512,7.065838230474386e-14,0.677711466813854,0.7427745664739884,0.012407980202198693,0.4866100861893288,0.024337906122158345,0.4307610993657505,0.04747661588599052,0.45405795669772925,0.01633606513352725,0.7084934578410523,0.01992225695232566,0.46357082261355553,0.012486876555187976,True
