,Model,HR,CI_lower,CI_upper,p,cindex,accuracy_mean,accuracy_std,precision_mean,precision_std,recall_mean,recall_std,f1_mean,f1_std,roc_auc_mean,roc_auc_std,pr_auc_mean,pr_auc_std,Sig
0,SVM,1.7170641157069457,1.4496285840143637,2.033837639489635,3.8913690641898737e-10,0.7097074651579964,0.5453236772750426,0.1998710312301979,0.3364564007421151,0.09269100719623476,0.5547921071176886,0.12191200542774444,0.39510614577042785,0.04867889802984882,0.569317255914096,0.17160111620778826,0.37558912621179646,0.1378127221604717,True
1,RandomForest,2.0506318324539348,1.7357856777355523,2.422586478394731,3.0615098118898746e-17,0.7649027183662205,0.7620423892100193,0.023659646751252816,0.5319430006930007,0.0543164247360731,0.4386892177589852,0.022981922282058236,0.4801338688085677,0.03292169065948976,0.7057071176057507,0.023457194066268002,0.4581196508462139,0.026595490803961768,True
2,XGBoost,1.5660225427916181,1.352435528874359,1.8133408596361678,2.0295793855325513e-09,0.7143990616806954,0.7619648749806215,0.012444550759183071,0.5504662557294137,0.060459949958996305,0.3544749823819591,0.060843235219589516,0.42310284844531415,0.030181574504657388,0.701491667690851,0.018238075862182925,0.473750281756784,0.02642649015660244,True
3,LogisticRegression,1.487654769387041,1.1632564246165007,1.9025183665842418,0.0015512528636201128,0.7493100593348972,0.7581556042787855,0.004738380560370176,0.5194250194250194,0.01913536962863208,0.4154334038054968,0.03824048430621216,0.46066800408263825,0.025427162203590325,0.6852846425720561,0.017537125180986345,0.4395921131162612,0.004768360328970983,True
4,ANN,1.3893553803888097,1.1911687137731142,1.6205163472611206,2.81742565735697e-05,0.6207741134262453,0.5507939671782606,0.15697069815392273,0.3417666624563176,0.12522474567565642,0.5221987315010571,0.1246222055994114,0.3770881365530074,0.03082863094049246,0.5611919251232229,0.10358516978072455,0.3487122552819956,0.0740320715523509,True
5,Ensemble,1.8721972498222956,1.6089394479497767,2.178529805275543,5.021121779405333e-16,0.7735959707465158,0.7427745664739884,0.012407980202198693,0.4866100861893288,0.024337906122158345,0.4307610993657505,0.04747661588599052,0.45405795669772925,0.01633606513352725,0.7084934578410523,0.01992225695232566,0.46357082261355553,0.012486876555187976,True
