,Model,HR,CI_lower,CI_upper,p,cindex,accuracy_mean,accuracy_std,precision_mean,precision_std,recall_mean,recall_std,f1_mean,f1_std,roc_auc_mean,roc_auc_std,pr_auc_mean,pr_auc_std,Sig
0,SVM,1.7883140777447355,1.5349381619398506,2.0835153623506866,8.864550536114856e-14,0.7517593486960121,0.737049586959892,0.005102715389182532,0.4670478572917598,0.0065100238688254085,0.39200140944326994,0.08100352932226633,0.42182438192668376,0.05319911683707162,0.6848574749116202,0.01676362701991293,0.42853896619124354,0.021917828560963377,True
1,RandomForest,1.9380821955569478,1.644046183895306,2.2847062531024585,3.2197334853288407e-15,0.7760107630743756,0.7562177485438398,0.02239599822887917,0.5139088155587438,0.04959116821982953,0.4390415785764623,0.05415821298616165,0.47269748535571315,0.04961842897885095,0.709530615251368,0.022533466242008346,0.45849411260115175,0.02510855828626866,True
2,XGBoost,1.5549169563509457,1.304255811800767,1.8537519398203899,8.582507361192935e-07,0.7140885883813992,0.7427967133966735,0.0031218128133062174,0.46648148148148144,0.015715666303168244,0.27061310782241016,0.1434000304124047,0.3205719659994027,0.12736005284978286,0.6792938672665283,0.015924087551693923,0.4266870682599821,0.048424366302842234,True
3,LogisticRegression,1.4193146094802462,1.0696261647500098,1.8833252467743034,0.015251642494957824,0.7372360976955982,0.738976369233495,0.01485072135163887,0.4754012924744632,0.02624945268209182,0.4154334038054968,0.019510737420587926,0.4428341624898296,0.016308041759189807,0.6930287802025775,0.025152910013519988,0.4336738674957674,0.010542245853509708,True
4,ANN,1.7371410574050195,1.4935761059492403,2.02042536788198,7.788389800555746e-13,0.7447564509452187,0.698713263791996,0.038953194780272406,0.4205785762580894,0.040353086824947336,0.5149753347427767,0.11998105735205392,0.4552324737968303,0.0615683248651672,0.6913973578938961,0.024434137268028632,0.46242972223572126,0.02407480210466815,True
5,Ensemble,1.6516945109966787,1.4494897773227824,1.8821069319270176,5.0237739106596224e-14,0.7665930729957223,0.7524306247646889,0.011800683870283329,0.5063166224456547,0.02975041748117145,0.38460183227625083,0.009575530825723174,0.43696394595794996,0.016356137798482804,0.6941061704731153,0.007904280431347659,0.44234018177488066,0.018466401215347726,True
