,Model,HR,CI_lower,CI_upper,p,cindex,accuracy_mean,accuracy_std,precision_mean,precision_std,recall_mean,recall_std,f1_mean,f1_std,roc_auc_mean,roc_auc_std,pr_auc_mean,pr_auc_std,Sig
0,SVM,1.99025672796179,1.7240111349724017,2.297619639945412,5.814902232525341e-21,0.7673002621774527,0.7275153367439594,0.039498299302551165,0.47962962962962963,0.07176971250028186,0.39975334742776597,0.12548918809967258,0.41262847611764353,0.06032584856973551,0.7084653496689711,0.044934865011847826,0.4575616664637847,0.027994866006750677,True
1,RandomForest,1.9384427823302075,1.6542423754926954,2.2714690882277355,2.7798403595754796e-16,0.7654201738650476,0.7505149159524285,0.02678450331145148,0.5039984852534972,0.0605219979709402,0.4605355884425652,0.09412321885585638,0.4760888289705276,0.06390017838775254,0.7158500502988341,0.0343642437063987,0.46571362214169554,0.034717315899591386,True
2,XGBoost,1.4980483891656466,1.2741439963212104,1.7612993372501369,9.92345846021219e-07,0.6868014350765834,0.7332956835647687,0.05945225172863902,0.4907157494876793,0.11696224559597493,0.4149048625792812,0.04511113041127668,0.4424109053120606,0.06384838820604073,0.6885057749517185,0.05827868565681584,0.4483317280126635,0.09076672623681659,True
3,LogisticRegression,1.526664881251754,1.254112669097459,1.8584499758899327,2.479717269443592e-05,0.7565199392852214,0.7179478661439993,0.08536458162398307,0.4963086366498584,0.11883127803498636,0.46899224806201545,0.1253562916960948,0.45445959289310833,0.06412551497216439,0.7021595083418268,0.0426774837712348,0.48542259504786517,0.027808136078247794,True
4,ANN,1.781459741941415,1.4901159440894933,2.129766361299583,2.335014410209783e-10,0.7601421277770112,0.735167098531659,0.016288177088973933,0.4698763411529369,0.030394054366461608,0.4536645525017618,0.02528296290194383,0.46102609311542603,0.02207693287445643,0.7047254109876158,0.043876096120636386,0.4750275185687209,0.03675953224148299,True
5,Ensemble,1.8384836506002749,1.6300427191327,2.073578866278381,3.470428259773128e-23,0.7680074513591831,0.7620202422873342,0.022904185332241936,0.541196276490394,0.06842258423701067,0.3763213530655391,0.06221538676347637,0.4392946013199177,0.05203174656422221,0.7126130378882021,0.05545726314729776,0.4565892643924576,0.059667974730718644,True
