,Model,HR,CI_lower,CI_upper,p,cindex,accuracy_mean,accuracy_std,precision_mean,precision_std,recall_mean,recall_std,f1_mean,f1_std,roc_auc_mean,roc_auc_std,pr_auc_mean,pr_auc_std,Sig
0,SVM,1.8449880570866688,1.6042664166971468,2.1218301993758213,8.977837066410481e-18,0.7453429005105561,0.723617478351383,0.04002490922187893,0.4570707070707071,0.10207769157276637,0.36962649753347426,0.06758901399364353,0.40031552851025465,0.05383083141334753,0.680118811598485,0.05708661708979289,0.4511935665860222,0.07342708740092897,True
1,RandomForest,1.943449354765708,1.6811138960004026,2.246721892862363,2.6812821788928894e-19,0.7432040844487374,0.7601045334750736,0.01739973089987852,0.5566239316239318,0.06935398447486103,0.3238195912614517,0.07812086464831276,0.3967560571128099,0.045667501650492624,0.6943991803214242,0.06057738837290944,0.45693470906665307,0.06575178815556966,True
2,XGBoost,1.7278845600134116,1.4919686617293249,2.0011043993860977,2.841458699787532e-13,0.727093969918587,0.7658738068345404,0.01451220941610069,0.5643274853801169,0.07315787136372398,0.2910500352360817,0.12888123743745403,0.36647643972713945,0.11171251759537575,0.6893651173963619,0.04677799720866944,0.4584109475452484,0.057804192594165596,True
3,LogisticRegression,1.5154958278253536,1.215363285225591,1.8897457509832083,0.00022242766456934555,0.750241479232786,0.7466281310211946,0.012663402399115963,0.48648648648648657,0.03325613981959669,0.42212825933756165,0.09173840933689098,0.44929582884408187,0.06587026079660419,0.6899592064246778,0.051231277947135494,0.4432000799701165,0.03170969654569952,True
4,ANN,1.4270830459261759,1.2062414212772075,1.6883568944378895,3.384403583891382e-05,0.6755209052021526,0.6661794343675945,0.05925597995876174,0.3789930668048986,0.0755667423138211,0.4076814658210007,0.1234279254983983,0.3721858162225135,0.04836788389084264,0.5997291239147265,0.057895511465047025,0.34903105454609284,0.06638399587012651,True
5,Ensemble,1.7995014596116858,1.5889106250901215,2.038003555398794,2.2058896699479332e-20,0.7501724851662757,0.7773902066307886,0.021811419041026802,0.6007407407407408,0.098888195308984,0.3528893587033122,0.08846326922576789,0.4369387514291876,0.07334771503237889,0.6975896182047432,0.054328341561001664,0.4661743811461063,0.0708738146489518,True
