,Model,HR,CI_lower,CI_upper,p,cindex,accuracy_mean,accuracy_std,precision_mean,precision_std,recall_mean,recall_std,f1_mean,f1_std,roc_auc_mean,roc_auc_std,pr_auc_mean,pr_auc_std,Sig
0,SVM,3.6481088884548356,2.6172584740326164,5.084976739617702,2.1977686994030675e-14,0.6825927970194563,0.7562398954665249,0.007073177224831828,0.5175274019946676,0.021593998038102625,0.3916490486257928,0.11260367911324135,0.4349317392457695,0.08037241433879533,0.7139093139536952,0.040155891343797684,0.47142425346865147,0.025861867861821722,True
1,RandomForest,3.1750723191770454,2.3545556201649784,4.281523080477472,3.624304186244598e-14,0.6995998344142403,0.721790357229863,0.03761221731801619,0.4742424242424243,0.07879759069901435,0.49876673713883024,0.13645806732306218,0.46472092229021866,0.046013542632026755,0.7095514610249211,0.04955885450683979,0.47184511222663134,0.052785364754788545,True
2,XGBoost,3.213858254572211,2.227820313334328,4.636318655799906,4.257835459464591e-10,0.6751241893197185,0.7485770602174827,0.009324235832622846,0.4875540952927791,0.037412319890398796,0.3756166314305849,0.1291353122284349,0.41572316572316576,0.09163058322658527,0.6914829135004886,0.048886371147443514,0.45713512320947985,0.0634677724387286,True
3,LogisticRegression,2.9361606831568077,2.1251740190737505,4.056627589054237,6.54095291650131e-11,0.6885952808058508,0.7275042632826169,0.0601040960270797,0.48553434869224343,0.09579972502906785,0.4302325581395349,0.12415207269803849,0.43542043059319485,0.07901045835894631,0.7089401884582073,0.04719861494499435,0.49147617636244817,0.034923888439106,True
4,ANN,3.2825864945074232,2.390829941301239,4.50695965772367,1.9918890326207278e-13,0.6915275286325376,0.7235953314286979,0.017119607048803727,0.4495238095238095,0.03586318168335759,0.45384073291050037,0.02848679764821385,0.45044426372699614,0.021514665003549198,0.7069786994471888,0.047065034995027635,0.46614600375066856,0.02486250284654046,True
5,Ensemble,4.17019591642961,2.961188811160324,5.8728217247963395,2.9684712179510915e-16,0.69087208500069,0.7601045334750737,0.021374941544477704,0.5398860398860399,0.07016302197165103,0.375968992248062,0.09972620411060935,0.43194650359062314,0.07174773035854529,0.7166676494698861,0.0507364813249437,0.4704434604535548,0.04145190552659527,True
