,Model,HR,CI_lower,CI_upper,p,cindex,accuracy_mean,accuracy_std,precision_mean,precision_std,recall_mean,recall_std,f1_mean,f1_std,roc_auc_mean,roc_auc_std,pr_auc_mean,pr_auc_std,Sig
0,SVM,2.051526117838565,1.785222911794613,2.3575539975245317,4.091502934019244e-24,0.7719228646336415,0.7562398954665249,0.007073177224831828,0.5175274019946676,0.021593998038102625,0.3916490486257928,0.11260367911324135,0.4349317392457695,0.08037241433879533,0.7139093139536952,0.040155891343797684,0.47142425346865147,0.025861867861821722,True
1,RandomForest,1.9643750903737849,1.6843313067127008,2.29098009417883,7.709764416051943e-18,0.7619704705395336,0.721790357229863,0.03761221731801619,0.4742424242424243,0.07879759069901435,0.49876673713883024,0.13645806732306218,0.46472092229021866,0.046013542632026755,0.7095514610249211,0.04955885450683979,0.47184511222663134,0.052785364754788545,True
2,XGBoost,1.5793121225255562,1.3611810338833383,1.8323990110561208,1.6807944152336103e-09,0.7006692424451497,0.7485770602174827,0.009324235832622846,0.4875540952927791,0.037412319890398796,0.3756166314305849,0.1291353122284349,0.41572316572316576,0.09163058322658527,0.6914829135004886,0.048886371147443514,0.45713512320947985,0.0634677724387286,True
3,LogisticRegression,1.7484484490497858,1.4999512137716686,2.038114273928623,9.091123615036247e-13,0.7581757968814682,0.7275042632826169,0.0601040960270797,0.48553434869224343,0.09579972502906785,0.4302325581395349,0.12415207269803849,0.43542043059319485,0.07901045835894631,0.7089401884582073,0.04719861494499435,0.49147617636244817,0.034923888439106,True
4,ANN,1.9115736072869556,1.6374785617846477,2.2315490054987563,2.301944386841149e-16,0.7469642610735476,0.7235953314286979,0.017119607048803727,0.4495238095238095,0.03586318168335759,0.45384073291050037,0.02848679764821385,0.45044426372699614,0.021514665003549198,0.7069786994471888,0.047065034995027635,0.46614600375066856,0.02486250284654046,True
5,Ensemble,1.7909669687820498,1.5879428127645776,2.0199484877443785,2.2417081863451467e-21,0.7701462674210018,0.7601045334750737,0.021374941544477704,0.5398860398860399,0.07016302197165103,0.375968992248062,0.09972620411060935,0.43194650359062314,0.07174773035854529,0.7166676494698861,0.0507364813249437,0.4704434604535548,0.04145190552659527,True
