,Model,HR,CI_lower,CI_upper,p,cindex,accuracy_mean,accuracy_std,precision_mean,precision_std,recall_mean,recall_std,f1_mean,f1_std,roc_auc_mean,roc_auc_std,pr_auc_mean,pr_auc_std,Sig
0,SVM,1.8464502402114553,1.6062311309087387,2.122595200634704,6.460742358047424e-18,0.7460155926590313,0.7255331871636436,0.0375918945602244,0.4597807341709781,0.09881234911843728,0.36962649753347426,0.06758901399364353,0.4016227180527383,0.052113401179702215,0.6805339476784532,0.05673880492228205,0.4505020222442934,0.07419213986674388,True
1,RandomForest,1.9758000875047952,1.6809701770420071,2.3223410141954,1.4682256428107033e-16,0.7533117151924934,0.7600823865523885,0.009609978237207746,0.5527531411677753,0.05624694063586263,0.3238195912614517,0.10212508288620438,0.3929181929181929,0.06067872415180997,0.7021588565881128,0.05199548584315528,0.46756714139234523,0.04703373590926626,True
2,XGBoost,1.6535699550178926,1.4099823681054935,1.939239566386761,6.185615752572272e-10,0.7186421967710777,0.7543131131929218,0.0031012414203330538,0.5087719298245613,0.012405382126079766,0.3143058491895701,0.13090002815437884,0.37231520011339586,0.11341413932108856,0.6810765067821699,0.04160707788667663,0.43916994301150414,0.04878989586773521,True
3,LogisticRegression,1.514391088261428,1.2144916537977204,1.888345927313887,0.00022798472955744376,0.7501724851662757,0.7466281310211946,0.012663402399115963,0.48648648648648657,0.03325613981959669,0.42212825933756165,0.09173840933689098,0.44929582884408187,0.06587026079660419,0.6899592064246778,0.051231277947135494,0.4432000799701165,0.03170969654569952,True
4,ANN,1.6941507577527601,1.4488703331945911,1.9809549027523465,3.932167688487271e-11,0.7217814267972954,0.717881425375944,0.011708613251556414,0.4253011632321977,0.017636683776393033,0.36169837914023956,0.05883106788436257,0.3877665544332211,0.03137772964970656,0.6577129465599197,0.0207858375102578,0.42222782541350373,0.013422116925176026,True
5,Ensemble,2.0006490866693376,1.689122495857845,2.3696308454870696,9.746543008917025e-16,0.7449634331447496,0.7658405864505128,0.009613358993559019,0.5701754385964912,0.05407380704358751,0.2536997885835095,0.01646697878160383,0.35108380269670586,0.026056157640059075,0.6887262849583106,0.04401783905204675,0.45438075000514155,0.05521605300583836,True
