,Model,HR,CI_lower,CI_upper,p,cindex,accuracy_mean,accuracy_std,precision_mean,precision_std,recall_mean,recall_std,f1_mean,f1_std,roc_auc_mean,roc_auc_std,pr_auc_mean,pr_auc_std,Sig
0,SVM,2.9324140520983746,2.1237295925984507,4.04903345647823,6.354631487193688e-11,0.6852835656133572,0.7159878634863684,0.021502979744492355,0.4212396069538927,0.050746500269486405,0.40732910500352365,0.10964254784795636,0.410492463298473,0.08226804105819928,0.6831491922185159,0.02066346012830037,0.4380490621492638,0.04833720275217457,True
1,RandomForest,2.9356459226332547,2.024148641705636,4.257600852776966,1.3674687315947182e-08,0.6631364702635574,0.73895422231081,0.005812206591795175,0.4663012158268325,0.016378778683946753,0.3629316420014095,0.1539554696832849,0.391369406468926,0.10358936803757968,0.6905002344244311,0.01864833332346073,0.4617380600490142,0.0657383634721653,True
2,XGBoost,3.254059748272712,2.3714129826252233,4.465230190992055,2.6994052513391527e-13,0.6867669380433282,0.7275042632826169,0.035133759762469546,0.4648795648795649,0.05896601509512401,0.4314658210007047,0.06473329511322523,0.4405939040085382,0.03469700476701609,0.6696624060595301,0.03784688534633671,0.46637515905889043,0.05920934242528296,True
3,LogisticRegression,2.8731567368958153,2.0791709406856262,3.9703467729534707,1.60041570924535e-10,0.6592038084724714,0.7332846101034262,0.02919068589311282,0.4601851851851852,0.06820498837297369,0.39235377026074697,0.057122133607632714,0.42335512588677143,0.061577251510708426,0.6750960353925026,0.013707638757628158,0.4327383363692327,0.0784184415923711,True
4,ANN,3.429607085444082,2.4580593108564757,4.78515905152422,4.0975487987537025e-13,0.6689837174003036,0.733240316258056,0.026761873468099134,0.44920634920634916,0.0821418986218134,0.3534178999295279,0.0855489687607461,0.3951216692676724,0.08566532647633106,0.6756940556336971,0.023748669388055244,0.4200716873824093,0.045887199004801336,True
5,Ensemble,3.5504803270800567,2.517575267688476,5.0071633268612,5.056453928064138e-13,0.6818511108044708,0.7466502779438796,0.004123106342175374,0.4871794871794872,0.01813094310734736,0.3694503171247357,0.08779831839264562,0.4157830464735836,0.06017240073265206,0.6947291746066822,0.02103392150758417,0.470242681421807,0.056625873763364414,True
