,Model,HR,CI_lower,CI_upper,p,cindex,accuracy_mean,accuracy_std,precision_mean,precision_std,recall_mean,recall_std,f1_mean,f1_std,roc_auc_mean,roc_auc_std,pr_auc_mean,pr_auc_std,Sig
0,SVM,1.7965986266497702,1.5461511803371664,2.087613854536506,2.0238042021790862e-14,0.7326479922726645,0.6929993577392421,0.03981203350658586,0.39491605357479714,0.06290164244143033,0.3763213530655391,0.056121687785946554,0.3795981356520543,0.030118061690963087,0.6819088066203279,0.016716589003359508,0.4364334004428249,0.03471431893677925,True
1,RandomForest,1.8593403696064144,1.5731976559326861,2.197528452328206,3.483281825847115e-13,0.7369256243963019,0.7389652957721524,0.0024346006439696227,0.4747611989459816,0.004269659695547903,0.44591261451726566,0.07006090358327502,0.45721824991487914,0.041057911036683846,0.6811612451102954,0.017894082828333036,0.464772138969662,0.05394409241096062,True
2,XGBoost,1.4635911925244307,1.2360350196232373,1.7330408482180628,9.971785462495096e-06,0.6815923830550573,0.7523863309193187,0.005300453131615781,0.5097751710654936,0.026074249595990476,0.29245947850599013,0.04045863310615173,0.3691677691677692,0.027608183155412313,0.67660864196458,0.017766061812005643,0.46046361507881056,0.05890361314845678,True
3,LogisticRegression,1.8472594757398866,1.54392418856654,2.2101911453819643,2.0047650024384646e-11,0.7144680557472057,0.7216796226164375,0.014500459794040679,0.4418116605616606,0.024102031860925435,0.4312896405919662,0.10631257836557632,0.43019755790840125,0.05325711216073494,0.6792445408902004,0.009469107687410995,0.4379984629175107,0.07370148491889718,True
4,ANN,1.561473868970268,1.3296247988946788,1.8337508788222525,5.5116201673565467e-08,0.718469711604802,0.6911611631563795,0.06861084299532749,0.4259469696969697,0.12166729168864704,0.4621212121212121,0.07157566267009118,0.4328997136473773,0.06755752148476661,0.6534091064270364,0.043951364290840386,0.4302669320172566,0.059774605439425116,True
5,Ensemble,1.7775686000240034,1.5173784854766619,2.0823744095717207,1.0483098286499913e-12,0.7353042638333104,0.7715987863486369,0.005140352758707713,0.5707070707070707,0.02245061694029583,0.33844256518675125,0.04750276011875257,0.42325560086131847,0.04023936451509551,0.6850127785109145,0.01885120814741346,0.4572540528834381,0.03691602847535996,True
