,Model,HR,CI_lower,CI_upper,p,cindex,accuracy_mean,accuracy_std,precision_mean,precision_std,recall_mean,recall_std,f1_mean,f1_std,roc_auc_mean,roc_auc_std,pr_auc_mean,pr_auc_std,Sig
0,SVM,1.7965986266497702,1.5461511803371664,2.087613854536506,2.0238042021790862e-14,0.7326479922726645,0.6929993577392421,0.03981203350658586,0.39491605357479714,0.06290164244143033,0.3763213530655391,0.056121687785946554,0.3795981356520543,0.030118061690963087,0.6819088066203279,0.016716589003359508,0.4364334004428249,0.03471431893677925,True
1,RandomForest,1.8593403696064144,1.5731976559326861,2.197528452328206,3.483281825847115e-13,0.7369256243963019,0.7389652957721524,0.0024346006439696227,0.4747611989459816,0.004269659695547903,0.44591261451726566,0.07006090358327502,0.45721824991487914,0.041057911036683846,0.6811612451102954,0.017894082828333036,0.464772138969662,0.05394409241096062,True
2,XGBoost,1.4635911925244307,1.2360350196232373,1.7330408482180628,9.971785462495096e-06,0.6815923830550573,0.7523863309193187,0.005300453131615781,0.5097751710654936,0.026074249595990476,0.29245947850599013,0.04045863310615173,0.3691677691677692,0.027608183155412313,0.67660864196458,0.017766061812005643,0.46046361507881056,0.05890361314845678,True
3,LogisticRegression,1.8472594757398866,1.54392418856654,2.2101911453819643,2.0047650024384646e-11,0.7144680557472057,0.7216796226164375,0.014500459794040679,0.4418116605616606,0.024102031860925435,0.4312896405919662,0.10631257836557632,0.43019755790840125,0.05325711216073494,0.6792445408902004,0.009469107687410995,0.4379984629175107,0.07370148491889718,True
4,ANN,1.6985330087333719,1.4566219776388007,1.980619835513864,1.3998518015340737e-11,0.7037049813716021,0.7082918078532988,0.029440320920406906,0.409637860857373,0.0655168818405379,0.3768498942917547,0.05736072645931826,0.3921119064909915,0.05945304107877035,0.6586206222323744,0.02965118214765072,0.3820088424736066,0.037772300469142296,True
5,Ensemble,1.7889001250821495,1.5268997771752852,2.095857046648555,6.101655989943939e-13,0.7363391748309646,0.7561956016211546,0.01579630716015858,0.5309886192239133,0.044599864740800334,0.3927061310782241,0.1196722852981581,0.43614683189151277,0.05797736535767298,0.6843618317300192,0.01903063345142228,0.45601577494878326,0.042049065967456514,True
