,Model,HR,CI_lower,CI_upper,p,cindex,accuracy_mean,accuracy_std,precision_mean,precision_std,recall_mean,recall_std,f1_mean,f1_std,roc_auc_mean,roc_auc_std,pr_auc_mean,pr_auc_std,Sig
0,SVM,3.2791306619533795,2.2832738143727958,4.7093335150942135,1.2724211200563498e-10,0.6516317096729681,0.7370717338825769,0.017362989643605702,0.4646464646464647,0.0499974491748064,0.31518675123326284,0.01818844081276179,0.37477408758873293,0.025882305114251943,0.6694790201513973,0.06651965916086307,0.41242799515143713,0.05947700112720598,True
1,RandomForest,4.530331532947369,3.2183765209960877,6.3770984111160205,4.706340385374996e-18,0.7123982337518974,0.7697273713817466,0.02098663124141093,0.5657762291908632,0.07479682812203892,0.4230091613812544,0.03848402838711761,0.4782716915722773,0.002023168094485941,0.703254402854971,0.054849952136375855,0.4738421703985949,0.05810415988708251,True
2,XGBoost,4.0687291682055875,2.8987954354329775,5.710840041299522,4.952527032622849e-16,0.7158134400441563,0.756284189311895,0.0309127687740172,0.5624151887382444,0.10547399159068506,0.4223044397463001,0.15069698136164325,0.44725723622782443,0.09250565247403326,0.7021070059593049,0.03853358919342644,0.48888758045572783,0.07172796006048388,True
3,LogisticRegression,3.7255103860110967,2.6600794274360355,5.217674139021661,1.9700070831634973e-14,0.6955809300400165,0.7658295129891702,0.01189997867725864,0.5378205128205128,0.030621976698708153,0.41455250176180414,0.08162193247329233,0.46499153020892153,0.060222910018371954,0.6913032467266446,0.05409499903842267,0.4621932152872801,0.0393150192539351,True
4,ANN,2.7720036887808397,2.0626193322494784,3.7253623732084673,1.3764494239234042e-11,0.6668966468883676,0.6872633047638029,0.06528104409865287,0.4198376458650431,0.07747703512927766,0.4686398872445385,0.10124964085659842,0.4269046132294589,0.044479818108724214,0.6423802024947062,0.037143221752182466,0.3929522417241091,0.03322001837014599,True
5,Ensemble,3.5184878419895584,2.4707174858328176,5.010591767457957,3.06640475733414e-12,0.6815923830550573,0.7601377538591012,0.025343275311816564,0.5561274509803922,0.11175556808190244,0.3606412966878083,0.08462860364696577,0.42444444444444446,0.05452375176171242,0.6861170665537788,0.044872104596761615,0.4512208568813665,0.06618837270311245,True
