,Model,HR,CI_lower,CI_upper,p,cindex,accuracy_mean,accuracy_std,precision_mean,precision_std,recall_mean,recall_std,f1_mean,f1_std,roc_auc_mean,roc_auc_std,pr_auc_mean,pr_auc_std,Sig
0,SVM,1.7951075664694351,1.5609595085484358,2.0643784528353306,2.3140802030866703e-16,0.7406340554712295,0.7236617721967532,0.028841879677345528,0.4395833333333334,0.06461692674696178,0.3461945031712474,0.019352597925945743,0.3862509687874304,0.03695403607444442,0.6710603557044174,0.06647574339248018,0.4203450752519949,0.06197546181426225,True
1,RandomForest,1.8751048755608117,1.5866694447344096,2.215974036697019,1.6190781482792812e-13,0.7602456188767766,0.7716320067326645,0.029523588240635404,0.5609116809116809,0.12176975466173968,0.3070824524312896,0.10219587554538277,0.3952702392432383,0.11737401872109281,0.7101351013032177,0.049407247719960634,0.4759123997209787,0.05012670576105391,True
2,XGBoost,1.3520698957026418,1.1240559043474583,1.6263363733021845,0.0013696664880818864,0.6517869463226162,0.7658738068345404,0.03799610700150713,0.5290590310198153,0.11341169604499768,0.3992248062015504,0.11870847155901981,0.45405227683708693,0.12001243063776786,0.692481576060486,0.06155532691985902,0.4721764975083442,0.08816120090323132,True
3,LogisticRegression,1.318665914414122,1.1025402496466434,1.5771576542397718,0.002455278055155322,0.7143645646474404,0.7275153367439594,0.029992105664438294,0.4619433198380567,0.05745850772072,0.3918252290345314,0.05270827893253037,0.4170273675875485,0.008284035763037155,0.671425151568947,0.05181091772024294,0.45422694916907674,0.03335746465545828,True
4,ANN,1.5882009468018545,1.3415368747604282,1.880218348729888,7.795883094509082e-08,0.6650683041258452,0.6795451022080482,0.03120847580153078,0.38979988564894225,0.02693435860551268,0.4755109231853418,0.1382182186141697,0.41721644798270185,0.05086993698138257,0.636750322876721,0.028674336876175217,0.41188231543122344,0.017605901032831373,True
5,Ensemble,1.8728628044137563,1.6445288314482105,2.132899720017479,3.1066908632332454e-21,0.7610045536083897,0.761975948441964,0.022390785275290724,0.5267857142857143,0.0859495778463908,0.29915433403805497,0.1022732963293119,0.3772181109254396,0.10793492969299182,0.6914482671006725,0.054298036034996146,0.4656559983050445,0.0598735955632145,True
