,Model,HR,CI_lower,CI_upper,p,cindex,accuracy_mean,accuracy_std,precision_mean,precision_std,recall_mean,recall_std,f1_mean,f1_std,roc_auc_mean,roc_auc_std,pr_auc_mean,pr_auc_std,Sig
0,SVM,2.825567698665315,2.0289920073278442,3.934876426770851,7.876742442775583e-10,0.6835759624672278,0.7102407370495869,0.03276168080555326,0.4289230843852693,0.05568711472287758,0.4302325581395349,0.052861169368162236,0.42571654485103166,0.036946799245145795,0.677769818795915,0.04773657923050253,0.4295256409718513,0.034521495321360104,True
1,RandomForest,4.103597771857813,2.935098394200638,5.737291365246574,1.4903936373748484e-16,0.7025148337242997,0.752452771687374,0.03248281305850703,0.5190796857463524,0.07922997652715986,0.4150810429880198,0.03375315014750683,0.45697865353037764,0.035194009673898394,0.6950104632334351,0.04850853152979748,0.44251735946232706,0.053332352111385976,True
2,XGBoost,3.7661785627349618,2.6375903883422605,5.377673890948309,2.950165950642676e-13,0.6586001103905064,0.7620313157486768,0.013774923024545457,0.5318961892749302,0.04857592068425384,0.33016208597603947,0.08678526046533776,0.4030012997754933,0.0796960920963291,0.6964336243672299,0.05584012204089285,0.4592095452096398,0.06757825606236864,True
3,LogisticRegression,2.84271014732772,2.080326106402171,3.884487608385452,5.446118125799581e-11,0.6936490961777287,0.6968418488251057,0.046441909408231084,0.4224270353302611,0.06598968210141504,0.48414376321353064,0.05187249110522321,0.44523206751054856,0.033487545857177115,0.6684404506080345,0.07832414015800318,0.4445404163933129,0.07296765315796726,True
4,ANN,3.3494054547421053,2.421853921876147,4.632202131978909,2.739282301160638e-13,0.6886297778391058,0.7293978251721923,0.020051106347279142,0.4576312576312576,0.04075584290179506,0.41525722339675825,0.01507552605023356,0.4342732234298499,0.01993130858211288,0.6643301296017433,0.061224342417884735,0.4137097896639552,0.03474100769473405,True
5,Ensemble,4.140188342732713,2.9153189297415243,5.879685868475324,2.0427839411764773e-15,0.6824893059196909,0.769694150997719,0.012034045584826486,0.554673721340388,0.039613893201439494,0.3608174770965469,0.08152261785947346,0.43397783650948213,0.07046201983396953,0.6931442026817493,0.042457451107197675,0.4406790535622625,0.05015891099499204,True
