,Model,HR,CI_lower,CI_upper,p,cindex,accuracy_mean,accuracy_std,precision_mean,precision_std,recall_mean,recall_std,f1_mean,f1_std,roc_auc_mean,roc_auc_std,pr_auc_mean,pr_auc_std,Sig
0,SVM,1.8173030256462042,1.577973577245366,2.092931297866285,1.1228580089694388e-16,0.7410652683869188,0.7198192811108896,0.037589311035159986,0.4459298871063577,0.06604325517983797,0.42265680056377736,0.04303492744540812,0.43080114933548613,0.043575343094835774,0.6795790560702685,0.0479568820894182,0.4341104753366223,0.03591139059654588,True
1,RandomForest,1.849026389635699,1.5711790369626215,2.1760082773116607,1.377908120381803e-13,0.750724437698358,0.7505370628751136,0.03154047989571126,0.511672278338945,0.07646401305882586,0.44538407329105006,0.07326394034315446,0.47008726776258736,0.052059488283551836,0.694995555660388,0.0481074598391501,0.4405830913445759,0.050881461609729985,True
2,XGBoost,1.4739951110756835,1.2345611913942445,1.759865450671857,1.7880594956011888e-05,0.6969780598868497,0.7659070272185678,0.02816912707917162,0.4939309056956116,0.15753380093470318,0.29140239605355883,0.1732074749438177,0.3519413919413919,0.19349359792400014,0.6932843090396791,0.045479099794947395,0.44407593619851626,0.07397301065612652,True
3,LogisticRegression,1.5054466002342306,1.1560097169922412,1.9605107403885387,0.0023990060559178636,0.7240927280253898,0.6968418488251057,0.046441909408231084,0.42324805339265853,0.0660762862215358,0.4917195207892883,0.06111048015873174,0.448630760321006,0.03715977660789948,0.6687914561915983,0.07842037450775516,0.44613522441298636,0.07353705812735122,True
4,ANN,1.7417589826174493,1.503817714096352,2.017348462577158,1.3205566275784659e-13,0.7214709534979992,0.7102075166655594,0.04413262967432226,0.4292568542568542,0.0718547527529813,0.3768498942917547,0.05736072645931826,0.39385373631948967,0.035574023755925326,0.6683104929865092,0.047749252322171906,0.432850779713618,0.04753479919225873,True
5,Ensemble,1.8075884533787157,1.6001771630766262,2.0418839189692872,1.732393098619879e-21,0.7474127225058645,0.7390206630788652,0.031519556853098006,0.49838579499596447,0.06030897590466952,0.36768851303735023,0.14208772472543005,0.3996328105551406,0.06247943790983626,0.6990126655402706,0.04163655798420292,0.445513303945063,0.0492060946325044,True
