,Model,HR,CI_lower,CI_upper,p,cindex,accuracy_mean,accuracy_std,precision_mean,precision_std,recall_mean,recall_std,f1_mean,f1_std,roc_auc_mean,roc_auc_std,pr_auc_mean,pr_auc_std,FDR,Sig
0,SVM,3.3869906903280818,2.1801205315055934,5.261959497462612,5.7226200456330255e-08,0.6167758205359831,0.8089668615984404,0.0027567515835733108,0.43244047619047615,0.02820009186874921,0.2709677419354839,0.15330784447846552,0.3146799000457537,0.11851834214312107,0.7613685800713941,0.03377550163598511,0.42050722656049605,0.05842876471746954,6.86714405475963e-08,True
1,RandomForest,4.421958274818355,2.9920647750166514,6.5351910652153915,8.71447029459215e-14,0.6783724781692262,0.820662768031189,0.015348943224194554,0.521075112830432,0.08422585422835512,0.40035842293906815,0.241551002072391,0.4096931149344227,0.1285526495174127,0.79595530426004,0.05722602423834616,0.47485344216164965,0.09621708197227223,1.74289405891843e-13,True
2,XGBoost,4.720845862327761,3.260634054328694,6.834985246587418,2.0398328089653935e-16,0.7137533875338753,0.820662768031189,0.027977972893581553,0.506054131054131,0.07751598291791481,0.5003584229390681,0.18583875111978626,0.48497373632997504,0.11219176415549358,0.7597139153076009,0.06171049357165363,0.45067726803489666,0.09590978214722758,1.0716615373079448e-15,True
3,LogisticRegression,4.611241963731767,3.19317535356849,6.659061934797288,3.572205124359816e-16,0.718213640469738,0.8031189083820663,0.032501621833397804,0.4703703703703703,0.07046776885348313,0.5759856630824373,0.053087749220542595,0.5145622271641545,0.04806545272945244,0.7500116206018745,0.05585703435875312,0.4291721823095121,0.08113273862432915,1.0716615373079448e-15,True
4,ANN,2.5986869575971694,1.74862846842656,3.861983277478166,2.3053533970774093e-06,0.6181684733514001,0.7894736842105262,0.02904418016715659,0.3938426409690778,0.08882775493599557,0.33835125448028674,0.09896108624995183,0.3629041156349994,0.09503272682265829,0.7021959306104811,0.04620029500897371,0.37395107302693137,0.0829672392172552,2.3053533970774093e-06,True
5,Ensemble (Mean),4.440686452667,2.990676958311353,6.593723242524562,1.4517071708960563e-13,0.6571627521830774,0.820662768031189,0.031792410195516735,0.49333333333333335,0.10498677165349082,0.382078853046595,0.11401681013296142,0.42946693829046767,0.11246816043232999,0.771864343998867,0.05389019464487255,0.45546389078198707,0.0960285098387769,2.1775607563440846e-13,True
