,Model,HR,CI_lower,CI_upper,p,cindex,accuracy_mean,accuracy_std,precision_mean,precision_std,recall_mean,recall_std,f1_mean,f1_std,roc_auc_mean,roc_auc_std,pr_auc_mean,pr_auc_std,Sig
0,SVM,3.884961212221294,2.747671570436501,5.492986783011426,1.5961168598464403e-14,0.7008417276114254,0.7619980953646491,0.011752892155257901,0.5326388888888889,0.02723426604323274,0.39992952783650454,0.00647807481002477,0.45636225266362257,0.006778562352111811,0.6788001896913666,0.026245192666786498,0.465689340911503,0.03392266110986372,True
1,RandomForest,3.525065262066989,2.5926216416153465,4.792864837033942,9.168865996149061e-16,0.7105181454394922,0.7447234956702765,0.01643726190574925,0.49034391534391536,0.026750335902030783,0.5077519379844961,0.005481447916174797,0.49863597612958227,0.016108246271443208,0.704185996854202,0.013351937166424662,0.4762355072668756,0.052648751368151184,True
2,XGBoost,3.4409338147287274,2.4881167753981033,4.75862935148981,7.998420114079968e-14,0.6761418518007452,0.7581445308174429,0.021641141755723004,0.5196078431372549,0.04999038738816457,0.41578576462297395,0.04147692450898424,0.46181104408952506,0.04479970218954966,0.6960267024531182,0.025213688001896294,0.46421253626563014,0.043732365330911904,True
3,LogisticRegression,3.1785008768261744,2.3245373230966733,4.346184388438233,4.360941254733812e-13,0.7090520215261488,0.7293867517108498,0.015914679094076664,0.4656328320802005,0.020490206732267993,0.48537702607470057,0.11796485514066725,0.4660628924203986,0.04092316701798573,0.664194409649762,0.021934499063800926,0.4259756599625493,0.016835633635161495,True
4,ANN,2.284105939042224,1.688749264973557,3.089351420590937,8.286728645457645e-08,0.6489754381123224,0.6795118818240206,0.037536136447015894,0.3842102524069737,0.0403221601413175,0.44608879492600423,0.038444486813208896,0.41085509472606246,0.02985076395585387,0.6356718670405871,0.005079884834400521,0.3912586564520923,0.03695571423403539,True
5,Ensemble,3.9263282463711757,2.883110201726363,5.347021937982547,3.961785929715881e-18,0.7134848902994343,0.7504706221070582,0.02835939609190511,0.5013368983957219,0.04924729705983406,0.4920718816067653,0.08815395860655217,0.49332526719096587,0.06306165610204467,0.6995881433791961,0.026703354444453792,0.4532426572179043,0.04423876589849403,True
