,Model,HR,CI_lower,CI_upper,p,cindex,accuracy_mean,accuracy_std,precision_mean,precision_std,recall_mean,recall_std,f1_mean,f1_std,roc_auc_mean,roc_auc_std,pr_auc_mean,pr_auc_std,Sig
0,SVM,1.6163183470433773,1.4130763817020664,1.8487924876660013,2.504996076422469e-12,0.6738305505726507,0.6049099727592852,0.2327311944176032,0.42751068376068374,0.1723604359660451,0.44538407329105006,0.07076050946334723,0.3983162756521283,0.08673653293570828,0.5695918304430642,0.1642233988415599,0.3846639968991708,0.136680737334611,True
1,RandomForest,1.8654385209251962,1.5896443604762802,2.189081383152246,2.1999979108970445e-14,0.7649717124327308,0.7447234956702765,0.01643726190574925,0.490171650055371,0.026760813190838974,0.5,0.009494146289857296,0.4947600071373342,0.016701737656494024,0.7027548698416797,0.012528910123944748,0.476426875642729,0.052813790823311044,True
2,XGBoost,1.4395000207094129,1.228574434965296,1.6866379851709457,6.592367677539433e-06,0.6804539809576376,0.7523974043806613,0.004740579711146287,0.5072463768115942,0.01024792436502242,0.29334038054968287,0.11588037870307201,0.35805049215010903,0.09306505393679637,0.6685492624423922,0.027706272920429566,0.4242611046161316,0.0526827596529426,True
3,LogisticRegression,1.2518455796081858,1.108164157212567,1.4141563278191749,0.00030489464659875116,0.7421691734510832,0.7293867517108498,0.015914679094076664,0.4656328320802005,0.020490206732267993,0.48537702607470057,0.11796485514066725,0.4660628924203986,0.04092316701798573,0.6641347793575735,0.021931182110790787,0.4260934837344743,0.016945146277813686,True
4,ANN,1.5504080848728075,1.3230189279155125,1.8168789417292979,5.990019588533087e-08,0.7151234993790534,0.7274046021305339,0.017205087441238057,0.4445097441701856,0.038072315475568545,0.36962649753347426,0.052588007541346606,0.4023727792833484,0.04318005574503123,0.650160103817125,0.023402134289698,0.40830351480092864,0.024760738137664925,True
5,Ensemble,2.022316517343205,1.7355786584992956,2.3564268183934978,1.7603274881680317e-19,0.7613495239409411,0.7428188603193586,0.02197961855025452,0.4878205128205128,0.047114294423110145,0.3768498942917548,0.03856781902670304,0.42208506958094194,0.023770417212967233,0.6881662733384729,0.025596729777926683,0.44301684691502374,0.04292676230936894,True
