,Model,HR,CI_lower,CI_upper,p,cindex,accuracy_mean,accuracy_std,precision_mean,precision_std,recall_mean,recall_std,f1_mean,f1_std,roc_auc_mean,roc_auc_std,pr_auc_mean,pr_auc_std,Sig
0,SVM,1.207883047955589,0.8980834668198918,1.6245499571490036,0.21163864709799268,0.5387229198288948,0.6049099727592852,0.2327311944176032,0.42751068376068374,0.1723604359660451,0.44538407329105006,0.07076050946334723,0.3983162756521283,0.08673653293570828,0.5695918304430642,0.1642233988415599,0.3846639968991708,0.136680737334611,False
1,RandomForest,3.479327160277307,2.5549900465555777,4.738068355516006,2.4930947288689194e-15,0.7094659859252105,0.7447234956702765,0.01643726190574925,0.490171650055371,0.026760813190838974,0.5,0.009494146289857296,0.4947600071373342,0.016701737656494024,0.7027548698416797,0.012528910123944748,0.476426875642729,0.052813790823311044,True
2,XGBoost,2.7826728392889963,1.9341776491183467,4.003390347337685,3.494273398780974e-08,0.6175486408168898,0.7523974043806613,0.004740579711146287,0.5072463768115942,0.01024792436502242,0.29334038054968287,0.11588037870307201,0.35805049215010903,0.09306505393679637,0.6685492624423922,0.027706272920429566,0.4242611046161316,0.0526827596529426,True
3,LogisticRegression,3.1785008768261744,2.3245373230966733,4.346184388438233,4.360941254733812e-13,0.7090520215261488,0.7293867517108498,0.015914679094076664,0.4656328320802005,0.020490206732267993,0.48537702607470057,0.11796485514066725,0.4660628924203986,0.04092316701798573,0.6641347793575735,0.021931182110790787,0.4260934837344743,0.016945146277813686,True
4,ANN,2.2947067836550286,1.72318937179788,3.0557751278714593,1.318545081035196e-08,0.6675693390368428,0.6221181316856023,0.17575587772379644,0.4131485429992893,0.11287575199324704,0.5317124735729387,0.18321610523768966,0.4233594089526293,0.028295390194628903,0.6047258454900919,0.05539050759337579,0.3622544699292487,0.06839783528027524,True
5,Ensemble,3.265010574690508,2.3231107888623725,4.588801405403996,9.498367857570888e-12,0.6583931281909756,0.7351449516089739,0.024613492452021574,0.46165615330700716,0.057366771570429125,0.3620507399577167,0.05077481478297042,0.40525525525525524,0.05135969234894578,0.6940556026611414,0.023673450173672006,0.4535333081938546,0.05200530477855354,True
