,Model,HR,CI_lower,CI_upper,p,cindex,accuracy_mean,accuracy_std,precision_mean,precision_std,recall_mean,recall_std,f1_mean,f1_std,roc_auc_mean,roc_auc_std,pr_auc_mean,pr_auc_std,Sig
0,SVM,1.207883047955589,0.8980834668198918,1.6245499571490036,0.21163864709799268,0.5387229198288948,0.6049099727592852,0.2327311944176032,0.42751068376068374,0.1723604359660451,0.44538407329105006,0.07076050946334723,0.3983162756521283,0.08673653293570828,0.5695918304430642,0.1642233988415599,0.3846639968991708,0.136680737334611,False
1,RandomForest,3.479327160277307,2.5549900465555777,4.738068355516006,2.4930947288689194e-15,0.7094659859252105,0.7447234956702765,0.01643726190574925,0.490171650055371,0.026760813190838974,0.5,0.009494146289857296,0.4947600071373342,0.016701737656494024,0.7027548698416797,0.012528910123944748,0.476426875642729,0.052813790823311044,True
2,XGBoost,2.7826728392889963,1.9341776491183467,4.003390347337685,3.494273398780974e-08,0.6175486408168898,0.7523974043806613,0.004740579711146287,0.5072463768115942,0.01024792436502242,0.29334038054968287,0.11588037870307201,0.35805049215010903,0.09306505393679637,0.6685492624423922,0.027706272920429566,0.4242611046161316,0.0526827596529426,True
3,LogisticRegression,3.1785008768261744,2.3245373230966733,4.346184388438233,4.360941254733812e-13,0.7090520215261488,0.7293867517108498,0.015914679094076664,0.4656328320802005,0.020490206732267993,0.48537702607470057,0.11796485514066725,0.4660628924203986,0.04092316701798573,0.6641347793575735,0.021931182110790787,0.4260934837344743,0.016945146277813686,True
4,ANN,2.736873091484961,1.9711454141832694,3.8000617635802754,1.8263867212818892e-09,0.6507002897750793,0.7274046021305339,0.017205087441238057,0.4445097441701856,0.038072315475568545,0.36962649753347426,0.052588007541346606,0.4023727792833484,0.04318005574503123,0.650160103817125,0.023402134289698,0.40830351480092864,0.024760738137664925,True
5,Ensemble,3.4613969077054954,2.4849528359676354,4.821527547426341,2.0873423683948907e-13,0.662825996964261,0.7428188603193586,0.02197961855025452,0.4878205128205128,0.047114294423110145,0.3768498942917548,0.03856781902670304,0.42208506958094194,0.023770417212967233,0.6881662733384729,0.025596729777926683,0.44301684691502374,0.04292676230936894,True
