,Model,HR,CI_lower,CI_upper,p,cindex,accuracy_mean,accuracy_std,precision_mean,precision_std,recall_mean,recall_std,f1_mean,f1_std,roc_auc_mean,roc_auc_std,pr_auc_mean,pr_auc_std,Sig
0,SVM,1.2811629649050227,0.9611636995834296,1.7076992642934865,0.09106345379431609,0.5450186283979578,0.5644696919363055,0.20906378233912967,0.36005398110661274,0.13964944623422418,0.5229034531360113,0.041188553054834265,0.40471122463459624,0.09331395697171783,0.5705857445117164,0.16430996484980717,0.3653938260600484,0.12033591000026282,False
1,RandomForest,3.8263522401687884,2.8066428311601266,5.216542448257606,2.1331745974540578e-17,0.7336829032703187,0.7620091688259917,0.010537653831052506,0.5207188160676534,0.01497628815934445,0.5243128964059197,0.1270963075280265,0.5159243624010191,0.07099950904089511,0.7105339642309286,0.03064093551160047,0.4649188675814411,0.04077359393259848,True
2,XGBoost,2.5490358065354926,1.649671886101587,3.9387126602216505,2.5013920471674545e-05,0.5622671450255278,0.7485881336788253,0.010194815727691197,0.4449404761904762,0.06483041937735703,0.1777660324171952,0.15385563851982095,0.22954248366013072,0.15824402737142082,0.6885863855063216,0.017774828825840853,0.4089361966110965,0.021842732729623754,True
3,LogisticRegression,3.6063017896771306,2.600853777190446,5.000439744935404,1.4507657657097322e-14,0.7048088864357666,0.7504484751843732,0.02204278664409879,0.5029223575735203,0.048527996109372924,0.43886539816772374,0.03712435179591106,0.4676455972967601,0.03589715593223239,0.6634219573550304,0.021207989449560465,0.4311325426705869,0.022878986870765155,True
4,ANN,3.022418246624086,2.2345789375793395,4.088023879533177,7.066235050378838e-13,0.6854732992962606,0.6966093061369122,0.04911952796407347,0.41510972330644463,0.0664217643269149,0.4619450317124736,0.04192057244528669,0.43440667859272514,0.04841267340987071,0.6570055972195151,0.05055586327783738,0.4367498736052832,0.01592645539227619,True
5,Ensemble,3.9049405227365312,2.7726286899750674,5.499676368943212,6.3558563438297254e-15,0.6725541603422106,0.7600934600137311,0.01753630062889915,0.5331253713606655,0.046846349436898437,0.36927413671599724,0.038185249285818366,0.4339503561813067,0.028269305596517667,0.7061923844544117,0.019238276805008725,0.440725784898012,0.01840566190289781,True
