,Model,HR,CI_lower,CI_upper,p,cindex,accuracy_mean,accuracy_std,precision_mean,precision_std,recall_mean,recall_std,f1_mean,f1_std,roc_auc_mean,roc_auc_std,pr_auc_mean,pr_auc_std,Sig
0,SVM,1.6163183470433773,1.4130763817020664,1.8487924876660013,2.504996076422469e-12,0.6738305505726507,0.6049099727592852,0.2327311944176032,0.42751068376068374,0.1723604359660451,0.44538407329105006,0.07076050946334723,0.3983162756521283,0.08673653293570828,0.5695918304430642,0.1642233988415599,0.3846639968991708,0.136680737334611,True
1,RandomForest,1.8654385209251962,1.5896443604762802,2.189081383152246,2.1999979108970445e-14,0.7649717124327308,0.7447234956702765,0.01643726190574925,0.490171650055371,0.026760813190838974,0.5,0.009494146289857296,0.4947600071373342,0.016701737656494024,0.7027548698416797,0.012528910123944748,0.476426875642729,0.052813790823311044,True
2,XGBoost,1.4395000207094129,1.228574434965296,1.6866379851709457,6.592367677539433e-06,0.6804539809576376,0.7523974043806613,0.004740579711146287,0.5072463768115942,0.01024792436502242,0.29334038054968287,0.11588037870307201,0.35805049215010903,0.09306505393679637,0.6685492624423922,0.027706272920429566,0.4242611046161316,0.0526827596529426,True
3,LogisticRegression,1.2518455796081858,1.108164157212567,1.4141563278191749,0.00030489464659875116,0.7421691734510832,0.7293867517108498,0.015914679094076664,0.4656328320802005,0.020490206732267993,0.48537702607470057,0.11796485514066725,0.4660628924203986,0.04092316701798573,0.6641347793575735,0.021931182110790787,0.4260934837344743,0.016945146277813686,True
4,ANN,1.604746084376124,1.368089513586423,1.8823402779907539,6.245357227962316e-09,0.7042569339036843,0.7139281996766549,0.044956515629266794,0.42549251379038616,0.10765072197806778,0.36099365750528545,0.0758488887058315,0.38727228496605987,0.07940095372401763,0.6379361215150315,0.03828765769024764,0.4158860427668065,0.06700651412570179,True
5,Ensemble,1.6945962703226989,1.4679954376453344,1.956175370679449,5.949076533326272e-13,0.7518973368290327,0.7428188603193586,0.026519804803524723,0.486986986986987,0.06198532502824516,0.33844256518675125,0.009653014469205575,0.39776933204163245,0.023882026562246448,0.6787554462816313,0.026514476938802642,0.42218480618444215,0.03620269787384718,True
