,Model,HR,CI_lower,CI_upper,p,cindex,accuracy_mean,accuracy_std,precision_mean,precision_std,recall_mean,recall_std,f1_mean,f1_std,roc_auc_mean,roc_auc_std,pr_auc_mean,pr_auc_std,Sig
0,SVM,1.624067762849584,1.4214600510309292,1.855554151109845,9.828489546704199e-13,0.6723816751759348,0.5644696919363055,0.20906378233912967,0.36005398110661274,0.13964944623422418,0.5229034531360113,0.041188553054834265,0.40471122463459624,0.09331395697171783,0.5705857445117164,0.16430996484980717,0.3653938260600484,0.12033591000026282,True
1,RandomForest,1.9111129875724546,1.6340133726699442,2.235203770272849,5.324617658279217e-16,0.780046915965227,0.7620091688259917,0.010537653831052506,0.5207188160676534,0.01497628815934445,0.5243128964059197,0.1270963075280265,0.5159243624010191,0.07099950904089511,0.7105339642309286,0.03064093551160047,0.4649188675814411,0.04077359393259848,True
2,XGBoost,1.7056454467462423,1.4760300219427043,1.9709804995545797,4.556826037624675e-13,0.7165723747757693,0.7485881336788253,0.010194815727691197,0.4449404761904762,0.06483041937735703,0.1777660324171952,0.15385563851982095,0.22954248366013072,0.15824402737142082,0.6885863855063216,0.017774828825840853,0.4089361966110965,0.021842732729623754,True
3,LogisticRegression,1.2785300199822662,1.122657430640609,1.4560443527845348,0.00021210578325966885,0.7444459776459225,0.7504484751843732,0.02204278664409879,0.5029223575735203,0.048527996109372924,0.43886539816772374,0.03712435179591106,0.4676455972967601,0.03589715593223239,0.6634219573550304,0.021207989449560465,0.4311325426705869,0.022878986870765155,True
4,ANN,1.545345708066148,1.3561201085583663,1.7609748151121694,6.536123151337098e-11,0.7090520215261488,0.6966093061369122,0.04911952796407347,0.41510972330644463,0.0664217643269149,0.4619450317124736,0.04192057244528669,0.43440667859272514,0.04841267340987071,0.6570055972195151,0.05055586327783738,0.4367498736052832,0.01592645539227619,True
5,Ensemble,1.722395552238513,1.5014808420829127,1.97581371351736,8.255518143174848e-15,0.7660411204636401,0.7600934600137311,0.01753630062889915,0.5331253713606655,0.046846349436898437,0.36927413671599724,0.038185249285818366,0.4339503561813067,0.028269305596517667,0.7061923844544117,0.019238276805008725,0.440725784898012,0.01840566190289781,True
