,Model,HR,CI_lower,CI_upper,p,cindex,accuracy_mean,accuracy_std,precision_mean,precision_std,recall_mean,recall_std,f1_mean,f1_std,roc_auc_mean,roc_auc_std,pr_auc_mean,pr_auc_std,Sig
0,SVM,2.908907052539873,2.1112070488323105,4.0080106046426485,6.6009205385427e-11,0.642007037394784,0.7485106194494274,0.018510926075286635,0.5018970189701897,0.04497532676671818,0.39940098661028894,0.0727012678103298,0.4388770433546553,0.046276789571232206,0.6845416329927249,0.02575722746995393,0.4277460579695609,0.00479802418912915,True
1,RandomForest,3.6260912887028907,2.6698795969398756,4.924768161484658,1.6175352333954743e-16,0.7046536497861184,0.735167098531659,0.03636272137578685,0.47850404312668465,0.05834326602424384,0.46141649048625794,0.030609793309873685,0.46685074954855105,0.03005185968284507,0.7063982972468681,0.03430654914685511,0.47298716535552293,0.03756044212447091,True
2,XGBoost,4.00730259378261,2.890829185518456,5.5549716180331234,8.023307596657312e-17,0.7314750931419898,0.7466502779438796,0.00781276448828193,0.4930555555555556,0.009820927516479817,0.4610641296687808,0.05208090753707078,0.4744953841339383,0.0244306303439809,0.7034520290644913,0.013488233217315269,0.49600591367731434,0.013049555438559237,True
3,LogisticRegression,2.9376754456082623,2.1868718881546734,3.9462471809502375,8.30124077672794e-13,0.694356285359459,0.7102296635882444,0.02096906030626507,0.43655434883505057,0.02763993391052333,0.5146229739252995,0.07964952411288408,0.46757519635446215,0.02649746374110447,0.6914329870969317,0.02422219543307821,0.45223090062308574,0.025506785987273586,True
4,ANN,1.9377688220343714,1.4175124746653676,2.6489699912763776,3.3640250902936126e-05,0.6114081688974748,0.6987021903306535,0.056535812546167886,0.426501860712387,0.05911016356782376,0.421599718111346,0.13579041428705724,0.4042624166048925,0.03403167673965069,0.6644275616093475,0.01649568330525871,0.4169750363146325,0.02204886620064121,True
5,Ensemble,2.979631691847808,2.158008736200547,4.114072788553701,3.2899499483514616e-11,0.6597557610045536,0.7465838371758244,0.022230276336098077,0.5103415103415103,0.05195250546530888,0.40785764622973925,0.11493905086350945,0.4371346007943946,0.04902656016985352,0.7149604582056206,0.0133529735922022,0.4691108988339905,0.029796816708864478,True
