,Model,HR,CI_lower,CI_upper,p,cindex,accuracy_mean,accuracy_std,precision_mean,precision_std,recall_mean,recall_std,f1_mean,f1_std,roc_auc_mean,roc_auc_std,pr_auc_mean,pr_auc_std,Sig
0,SVM,1.6078580143089458,1.3981783361087685,1.8489825849915007,2.7153092676926798e-11,0.7079998620118669,0.7485106194494274,0.018510926075286635,0.5018970189701897,0.04497532676671818,0.39940098661028894,0.0727012678103298,0.4388770433546553,0.046276789571232206,0.6845416329927249,0.02575722746995393,0.4277460579695609,0.00479802418912915,True
1,RandomForest,1.8338108987538249,1.585709226290059,2.1207308103113567,2.9317514170366745e-16,0.7549675727887402,0.7408920780457556,0.02138426737809302,0.4835714285714286,0.03473417027991332,0.46124031007751937,0.04683351152556036,0.47000221288865224,0.02866116537313282,0.7070637170983346,0.029823925515455024,0.462584333806753,0.04546890407555344,True
2,XGBoost,1.5861594118966225,1.3579574700959158,1.8527102176259873,5.8579384093415075e-09,0.6863874706775217,0.7447567160543042,0.019096883187010548,0.49995782726045884,0.04081454114596616,0.3858350951374207,0.12576171733586006,0.4183347257031467,0.07243426877923967,0.7121943533713461,0.010712293365077034,0.46446278082308307,0.030923999553571734,True
3,LogisticRegression,1.7066181808449947,1.4239968089890314,2.0453315602992435,7.185857348136779e-09,0.7441355043466262,0.7102296635882444,0.02096906030626507,0.43655434883505057,0.02763993391052333,0.5146229739252995,0.07964952411288408,0.46757519635446215,0.02649746374110447,0.6915472715934281,0.023980396187444478,0.4521821395897836,0.02476534035848593,True
4,ANN,1.6588789362475598,1.4391439410391575,1.9121640627127232,2.9213552752146567e-12,0.7201428177176763,0.7255442606249861,0.0064915233413512415,0.43106276439609775,0.022619026433420127,0.3308668076109937,0.06706158627184772,0.37231548938866016,0.051292817806645526,0.6850983237722098,0.015586236963204889,0.4519224863895362,0.014630558148884216,True
5,Ensemble,1.8581565202110093,1.6139810956180851,2.1392726736247396,6.708021595798841e-18,0.7560714778529046,0.7619980953646491,0.011752892155257901,0.5375816993464052,0.03450769948029883,0.3844256518675124,0.04179005237277808,0.4451476384312205,0.020546618069498944,0.7191518966860703,0.007197559774105059,0.47412404909375877,0.03517043362611338,True
