,Model,HR,CI_lower,CI_upper,p,cindex,accuracy_mean,accuracy_std,precision_mean,precision_std,recall_mean,recall_std,f1_mean,f1_std,roc_auc_mean,roc_auc_std,pr_auc_mean,pr_auc_std,Sig
0,SVM,1.8392343152151882,1.576548573244301,2.1456889585734875,9.217525157900756e-15,0.7543638747067752,0.7466834983279074,0.02442493326781155,0.4913155949741315,0.054516328499378916,0.4765680056377731,0.05760910790361323,0.4837662337662338,0.05586624393984531,0.7116341710541073,0.024974141878537894,0.4895449351127059,0.02737121397940951,True
1,RandomForest,1.834987024045588,1.5877304191141954,2.1207487983345765,2.0261550349264046e-16,0.7481026631709673,0.7428520807033863,0.03761980618632082,0.512614063338701,0.07439233983497762,0.3682170542635659,0.09318461457497139,0.41228612657184077,0.025946198114039472,0.7061732042736836,0.010152156193233414,0.4658687568099758,0.024017474294574157,True
2,XGBoost,1.5949348913725085,1.333740186116288,1.9072809938529074,3.1207523757182835e-07,0.7142955705809301,0.7562288220051823,0.003382611670017371,0.5421052631578948,0.04232399326952567,0.22128259337561662,0.1673828859965332,0.27699556541019954,0.15384220819025485,0.6994759382874064,0.018183053294934737,0.43233179788563697,0.015336011742855605,True
3,LogisticRegression,1.5451382446211896,1.2680916493184617,1.88271265430554,1.5901355596492138e-05,0.7629018904374224,0.7543463335769496,0.011237146479020627,0.5105820105820106,0.023268395161159798,0.46899224806201545,0.023893077530887503,0.4878297401649236,0.005105199391729786,0.7087449830481963,0.04552080915221363,0.46976467894226537,0.03617662835642611,True
4,ANN,1.609427647454484,1.3540424614082107,1.9129808896074019,6.735208516566825e-08,0.701497171243273,0.6719487077270614,0.08745935998255243,0.3951127819548872,0.09715117867474625,0.4149048625792812,0.05249880567373792,0.39396961063627733,0.04849673670422043,0.6431193118970503,0.05469563794076414,0.3906311041510037,0.039917863404178855,True
5,Ensemble,1.745644580616792,1.5422382586361818,1.9758782307290923,1.2089546334249943e-18,0.7659031323306196,0.7735255686222399,0.006729367148523023,0.5839158123640882,0.034518467261377105,0.3608174770965469,0.09385770481542152,0.4350108111878357,0.06847233702463001,0.7219128185265236,0.02266265240283011,0.47626324027322336,0.0254182312347627,True
