,Model,HR,CI_lower,CI_upper,p,cindex,accuracy_mean,accuracy_std,precision_mean,precision_std,recall_mean,recall_std,f1_mean,f1_std,roc_auc_mean,roc_auc_std,pr_auc_mean,pr_auc_std,Sig
0,SVM,1.9637578143095753,1.692582181161171,2.2783796238575142,5.544164299840819e-19,0.7776666206706223,0.7486102806015104,0.029788471353456976,0.5064519235398911,0.06771378373501938,0.4455602536997885,0.061551797185402685,0.46880204989028407,0.04347334879568536,0.7138995997197667,0.02353664128957247,0.4851322555675579,0.019849413519236445,True
1,RandomForest,1.7277662864266838,1.467418012768611,2.0343053680256067,5.303143190306224e-11,0.725610597488616,0.7313246074457954,0.03365630248622216,0.48744507219083494,0.061382876864049765,0.25933756166314303,0.20231525945154216,0.2823354516888131,0.1298926245593109,0.6957859984266871,0.010465894578912092,0.45471017900630084,0.013931342630437247,True
2,XGBoost,1.5703014692183697,1.3508912717073558,1.8253480171745073,4.184074036179779e-09,0.6950117289913067,0.7581445308174429,0.005286415239704206,0.5984848484848485,0.10873257647278275,0.1219168428470754,0.10831642597232333,0.1785801275162977,0.1351925721860168,0.6962464365624315,0.03139379280964482,0.44111366093216664,0.021138110660338882,True
3,LogisticRegression,1.7116666804011478,1.4740188601500743,1.9876291301301214,1.822292370310355e-12,0.7324755071063889,0.7428631541647288,0.034185441344370224,0.4947211362305702,0.05886257089354569,0.4689922480620155,0.023893077530887503,0.4783124537822437,0.0216502764217681,0.6895921449400945,0.04153004918754306,0.47407206957247955,0.039780345377774216,True
4,ANN,1.6027688165037393,1.3572809264437136,1.8926574661942897,2.676159310531879e-08,0.7181592383055058,0.6928332558191039,0.024965147453079588,0.39524589524589526,0.023565303608197204,0.4159619450317125,0.11714632696988096,0.39615414392443776,0.04587424876816113,0.6795124530478693,0.019351776256329466,0.4205752158981855,0.04245184296071675,True
5,Ensemble,1.689966270223954,1.4796373863184562,1.930193181723228,1.0134870227631223e-14,0.7578308265489168,0.7696720040750337,0.0006264095685217082,0.5792569659442725,0.016811649145671556,0.2989781536293164,0.0958321021354646,0.3841210081477045,0.07510310229342493,0.7075278071239371,0.02110972844132532,0.46335823617184707,0.0183854613907075,True
