,Model,HR,CI_lower,CI_upper,p,cindex,accuracy_mean,accuracy_std,precision_mean,precision_std,recall_mean,recall_std,f1_mean,f1_std,roc_auc_mean,roc_auc_std,pr_auc_mean,pr_auc_std,FDR,Sig
0,SVM,3.0446163762263416,1.3487854094473097,6.872619479316617,0.007356868951926508,0.5761254140319181,0.8187134502923977,0.008270254750719828,0.4296296296296296,0.09310966733315953,0.16272401433691755,0.12033192789255166,0.22232893157262903,0.1434886723927857,0.7704266576607002,0.08040946645254661,0.42190991100854386,0.08105471844934968,0.007356868951926508,True
1,RandomForest,4.014593242172325,2.574540473072604,6.260130329534421,8.679122546407019e-10,0.6775820535983138,0.8011695906432749,0.01263302280391394,0.43333333333333335,0.04714045207910316,0.4236559139784946,0.1458248473820618,0.42148337595907925,0.09793977931740555,0.7611830135852099,0.07842987984669983,0.4205776729505473,0.06797809389847785,1.7358245092814037e-09,True
2,XGBoost,4.142437877625795,2.598114979164877,6.60470830105627,2.351692505118143e-09,0.6133130081300813,0.8128654970760234,0.008270254750719828,0.30991911451681564,0.21956479142052432,0.2842293906810036,0.20106153199647916,0.2964912280701754,0.20985761244906362,0.7676950899325642,0.08546237619801185,0.4513458547133396,0.07091054506020093,3.5275387576772147e-09,True
3,LogisticRegression,3.983324341758985,2.6365860667038055,6.017961261354166,5.2057244881423005e-11,0.7058303221921108,0.8070175438596491,0.033081019002879415,0.4605319605319606,0.08698466376195803,0.510752688172043,0.13191230264930426,0.4825027405346151,0.10655902729402737,0.7490176959977921,0.07698471448971239,0.4262844736765323,0.07199480814065622,1.5617173464426903e-10,True
4,ANN,2.0726379122428114,1.431496118525096,3.00093577598543,0.00011354838554398727,0.6076294790725685,0.7115009746588693,0.036468395582591996,0.30530729339070944,0.021622451998216937,0.45734767025089607,0.09555316245420291,0.3590157949233596,0.02377064144769368,0.6833947046369833,0.03017508988803603,0.3368534032296447,0.026300657033016827,0.00013625806265278473,True
5,Ensemble (Mean),5.004534794364077,3.2578499028800074,7.687698713762124,1.946765541485489e-13,0.7301829268292683,0.8128654970760234,0.028649002839569334,0.4758807588075881,0.06604019662081016,0.5534050179211469,0.13345275416634844,0.50993265993266,0.09281607556982868,0.7619739408002965,0.07746195652492883,0.4277173858161231,0.06643745636178157,1.1680593248912936e-12,True
