,Model,HR,CI_lower,CI_upper,p,cindex,accuracy_mean,accuracy_std,precision_mean,precision_std,recall_mean,recall_std,f1_mean,f1_std,roc_auc_mean,roc_auc_std,pr_auc_mean,pr_auc_std,Sig
0,SVM,4.1178511872021994,2.921767025713452,5.803576483242018,6.26290381258112e-16,0.6955291844901339,0.7639802449449649,0.030338357957182985,0.546031746031746,0.08869025425205712,0.38460183227625094,0.02850967030290005,0.4503723658653236,0.050391904177869554,0.6862094086752352,0.022019494416710292,0.44164695313773694,0.030936057475352805,True
1,RandomForest,3.1462919171056423,2.2482393472750783,4.403068934649825,2.3147480372685545e-11,0.6690354629501862,0.7351228046862888,0.014095946511860812,0.47313363195222097,0.04151576413031917,0.3780831571529246,0.11672773117239633,0.4053292535220246,0.07005172531717371,0.6736275825482286,0.028046085613394153,0.45480722722420713,0.056625044925394906,True
2,XGBoost,2.957483192593807,2.187826767926626,3.9978973485016787,1.7813590073760386e-12,0.6830757554850283,0.7026554160299426,0.08831543690409924,0.4533718778200952,0.11698813759109507,0.4547216349541931,0.0804776216783844,0.43975941753719533,0.07380008472180091,0.6782408298252433,0.03739540552429833,0.4895899110888262,0.06242702746231707,True
3,LogisticRegression,3.3362799720428304,2.4246498939276173,4.590668566101195,1.3740247762643324e-13,0.6843004001655858,0.7408920780457556,0.0041102385445436805,0.47625188050719963,0.01545895594958474,0.4157857646229739,0.08443141650544908,0.44047745626692997,0.05066550586922921,0.6653639972075974,0.03416050552693219,0.4199744744746145,0.03993961450804217,True
4,ANN,2.409046647042481,1.7735807288058998,3.272197117034504,1.830177134641514e-08,0.6662067062232648,0.6696786481518394,0.07442079995499067,0.3936454492010048,0.08816982451213666,0.4388653981677238,0.10194164445204738,0.39924180816021426,0.036287363270631055,0.6343016324464931,0.03750917911753575,0.3872554273756406,0.054397902469698264,True
5,Ensemble,3.9226087939838283,2.8251252323083866,5.446434577368023,3.295944418656707e-16,0.711725541603422,0.75626204238921,0.014698609093040124,0.5121951219512195,0.039011944257222035,0.43851303735024666,0.05716124422310275,0.47169286409792743,0.04682393491488199,0.6869151234587059,0.02923069142572174,0.4551119818267988,0.05090996343396085,True
