,Model,HR,CI_lower,CI_upper,p,cindex,accuracy_mean,accuracy_std,precision_mean,precision_std,recall_mean,recall_std,f1_mean,f1_std,roc_auc_mean,roc_auc_std,pr_auc_mean,pr_auc_std,Sig
0,SVM,2.8252023540166213,2.0988263082811986,3.8029675488857406,7.428949762865668e-12,0.6952187111908376,0.6927778885123912,0.04533192142470609,0.4176725101382635,0.04377882237163768,0.4920718816067653,0.10666148774948782,0.4407264569469651,0.03487925799229306,0.6723867417569708,0.023776140016331715,0.44587310952592624,0.035239757866549995,True
1,RandomForest,3.5512533077736905,2.5992902621144127,4.851862925733711,1.7271444105003057e-15,0.7008417276114254,0.7275042632826169,0.035133759762469546,0.4633930011288501,0.06106032068417942,0.4464411557434813,0.02641061268702396,0.4514905149051491,0.029061171181646365,0.6798085251041047,0.010457965711122891,0.4642793107124071,0.040739838718817326,True
2,XGBoost,4.6211282607458415,3.019691851919153,7.071856152703764,1.7791060269325583e-12,0.6532530702359597,0.761975948441964,0.010246644225302597,0.5842911877394635,0.06805486462962301,0.25281888653981677,0.14797665115178013,0.31569204785992105,0.16434514442464854,0.6598640545205431,0.025926846446717604,0.46091819243772486,0.023598191782487028,True
3,LogisticRegression,3.190668867657396,2.267352343665267,4.489980505888711,2.8025033533388084e-11,0.6731233613909203,0.7370938808052622,0.020586204968542843,0.4699820788530466,0.04609481342982869,0.36134601832276253,0.02595179880687215,0.40716548250794826,0.024544742722992563,0.6655850244790419,0.038821071114163726,0.41967415046176315,0.04468565862646777,True
4,ANN,3.209091133528831,2.255531887364145,4.565781561761956,9.097835581812432e-11,0.6690182144335587,0.7312803136004252,0.016556309743509478,0.44949494949494945,0.04672030142316022,0.33809020436927417,0.05846907270162085,0.38354764123587026,0.05032261479513994,0.6571639526814389,0.02974190613919831,0.4375898289826892,0.050388207335731794,True
5,Ensemble,3.0419663463909457,2.1928613254962457,4.219856105347197,2.7003565331117414e-11,0.6765558161998069,0.7331185081832879,0.03276664342811488,0.48181818181818176,0.06075738683564671,0.39992952783650465,0.09516221324961581,0.42273678702250134,0.03783676134089505,0.6775559918512165,0.007384719126553654,0.45773706495895405,0.043907528955150085,True
