,Model,HR,CI_lower,CI_upper,p,cindex,accuracy_mean,accuracy_std,precision_mean,precision_std,recall_mean,recall_std,f1_mean,f1_std,roc_auc_mean,roc_auc_std,pr_auc_mean,pr_auc_std,Sig
0,SVM,2.8252023540166213,2.0988263082811986,3.8029675488857406,7.428949762865668e-12,0.6952187111908376,0.6927778885123912,0.04533192142470609,0.4176725101382635,0.04377882237163768,0.4920718816067653,0.10666148774948782,0.4407264569469651,0.03487925799229306,0.6712086400196644,0.023791665366785363,0.44464969116305636,0.03617518313163521,True
1,RandomForest,3.2713902236403034,2.396335747881403,4.4659827007926465,8.469999992068618e-14,0.6882330619566718,0.7197971341882047,0.029917402310312632,0.4462989840348331,0.05121468679326182,0.4309372797744891,0.024478300821646787,0.435230352303523,0.013870203572107522,0.679152591890032,0.010421957813451389,0.4635424832406281,0.039734546633572496,True
2,XGBoost,2.7309769851008987,1.875757225989808,3.9761197183794397,1.5894905181829654e-07,0.6573409686766938,0.7427413460899608,0.026504412421447465,0.48417885672787636,0.0766686166217949,0.3382663847780127,0.15296193722484866,0.37643854917485503,0.11753205419954228,0.6674158420430389,0.03658493802362861,0.4485480070947025,0.06498320493111369,True
3,LogisticRegression,3.190668867657396,2.267352343665267,4.489980505888711,2.8025033533388084e-11,0.6731233613909203,0.7370938808052622,0.020586204968542843,0.4699820788530466,0.04609481342982869,0.36134601832276253,0.02595179880687215,0.40716548250794826,0.024544742722992563,0.6655258493799235,0.0389009718779284,0.4193236238871916,0.04514192211860317,True
4,ANN,3.270915836004284,2.3534983922010717,4.54595186539203,1.7102206447707204e-12,0.7009452187111909,0.7505481363364561,0.027758899354928035,0.5084579772079773,0.06278331961786074,0.4460887949260042,0.005979761363099757,0.473173167686733,0.02436111679975571,0.6491115769253528,0.02529444741109193,0.439853518014616,0.026074122984880523,True
5,Ensemble,3.712748523709901,2.628215149404371,5.244814757054426,9.90467326302308e-14,0.6940975576100455,0.7485992071401678,0.018476434439551704,0.4951500112790435,0.052199360775462604,0.3918252290345314,0.05270827893253038,0.4366027409781373,0.049076556177758975,0.6726029119114508,0.011449048369593285,0.44854924793278056,0.051451455288335494,True
