,Model,HR,CI_lower,CI_upper,p,cindex,accuracy_mean,accuracy_std,precision_mean,precision_std,recall_mean,recall_std,f1_mean,f1_std,roc_auc_mean,roc_auc_std,pr_auc_mean,pr_auc_std,Sig
0,SVM,1.9055146554588336,1.652060421503455,2.197853089939667,8.459967888440416e-19,0.7491375741686215,0.7639802449449649,0.030338357957182985,0.546031746031746,0.08869025425205712,0.38460183227625094,0.02850967030290005,0.4503723658653236,0.050391904177869554,0.6862094086752352,0.022019494416710292,0.44164695313773694,0.030936057475352805,True
1,RandomForest,1.8153171232713485,1.554478892792672,2.119923450438052,4.926781769300129e-14,0.7310956257761833,0.7351228046862888,0.014095946511860812,0.47313363195222097,0.04151576413031917,0.3780831571529246,0.11672773117239633,0.4053292535220246,0.07005172531717371,0.6736275825482286,0.028046085613394153,0.45480722722420713,0.056625044925394906,True
2,XGBoost,1.4677516556857702,1.2794751881198887,1.6837332546744617,4.289063547263509e-08,0.6895439492203671,0.7026554160299426,0.08831543690409924,0.4533718778200952,0.11698813759109507,0.4547216349541931,0.0804776216783844,0.43975941753719533,0.07380008472180091,0.6782408298252433,0.03739540552429833,0.4895899110888262,0.06242702746231707,True
3,LogisticRegression,1.4255045167728362,1.2319349479237678,1.6494889854082633,1.9238298551794614e-06,0.7173658065406375,0.7408920780457556,0.0041102385445436805,0.47625188050719963,0.01545895594958474,0.4157857646229739,0.08443141650544908,0.44047745626692997,0.05066550586922921,0.6653639972075974,0.03416050552693219,0.4199744744746145,0.03993961450804217,True
4,ANN,1.428897317064668,1.2352899749607609,1.652848791863192,1.551659830723024e-06,0.6728991306747619,0.6696786481518394,0.07442079995499067,0.3936454492010048,0.08816982451213666,0.4388653981677238,0.10194164445204738,0.39924180816021426,0.036287363270631055,0.6343016324464931,0.03750917911753575,0.3872554273756406,0.054397902469698264,True
5,Ensemble,2.054135074147887,1.7568558691203042,2.401717168157526,1.794905896049967e-19,0.7506899406651028,0.75626204238921,0.014698609093040124,0.5121951219512195,0.039011944257222035,0.43851303735024666,0.05716124422310275,0.47169286409792743,0.04682393491488199,0.6869151234587059,0.02923069142572174,0.4551119818267988,0.05090996343396085,True
