,Model,HR,CI_lower,CI_upper,p,cindex,accuracy_mean,accuracy_std,precision_mean,precision_std,recall_mean,recall_std,f1_mean,f1_std,roc_auc_mean,roc_auc_std,pr_auc_mean,pr_auc_std,Sig
0,SVM,2.8252023540166213,2.0988263082811986,3.8029675488857406,7.428949762865668e-12,0.6952187111908376,0.6927778885123912,0.04533192142470609,0.4176725101382635,0.04377882237163768,0.4920718816067653,0.10666148774948782,0.4407264569469651,0.03487925799229306,0.6712086400196644,0.023791665366785363,0.44464969116305636,0.03617518313163521,True
1,RandomForest,3.2713902236403034,2.396335747881403,4.4659827007926465,8.469999992068618e-14,0.6882330619566718,0.7197971341882047,0.029917402310312632,0.4462989840348331,0.05121468679326182,0.4309372797744891,0.024478300821646787,0.435230352303523,0.013870203572107522,0.679152591890032,0.010421957813451389,0.4635424832406281,0.039734546633572496,True
2,XGBoost,2.7309769851008987,1.875757225989808,3.9761197183794397,1.5894905181829654e-07,0.6573409686766938,0.7427413460899608,0.026504412421447465,0.48417885672787636,0.0766686166217949,0.3382663847780127,0.15296193722484866,0.37643854917485503,0.11753205419954228,0.6674158420430389,0.03658493802362861,0.4485480070947025,0.06498320493111369,True
3,LogisticRegression,3.190668867657396,2.267352343665267,4.489980505888711,2.8025033533388084e-11,0.6731233613909203,0.7370938808052622,0.020586204968542843,0.4699820788530466,0.04609481342982869,0.36134601832276253,0.02595179880687215,0.40716548250794826,0.024544742722992563,0.6655258493799235,0.0389009718779284,0.4193236238871916,0.04514192211860317,True
4,ANN,1.6597249024381004,1.242125739474004,2.217719723721106,0.0006119968192513015,0.5811887677659722,0.6566119637676345,0.0846229119505733,0.3762626262626263,0.08885157619070293,0.43957011980267796,0.1270965517483914,0.3886319264884448,0.05844864148710155,0.632089114802589,0.03302441335586817,0.3677984224911477,0.04649313833381228,True
5,Ensemble,3.8113639304053497,2.6744805729507863,5.431520107834494,1.3306367275054207e-13,0.686818683593211,0.763902730715567,0.005272386486106811,0.5408730158730158,0.0213917967808628,0.36909795630725867,0.04901553017396497,0.4363525408301528,0.03415874032491713,0.6762043063747307,0.018859523792636126,0.43394136399777516,0.026594878614564655,True
