,Model,HR,CI_lower,CI_upper,p,cindex,accuracy_mean,accuracy_std,precision_mean,precision_std,recall_mean,recall_std,f1_mean,f1_std,roc_auc_mean,roc_auc_std,pr_auc_mean,pr_auc_std,Sig
0,SVM,1.8504340257747953,1.5945381425799074,2.1473967867617336,5.308193224519775e-16,0.7414274872360977,0.6927778885123912,0.04533192142470609,0.4176725101382635,0.04377882237163768,0.4920718816067653,0.10666148774948782,0.4407264569469651,0.03487925799229306,0.6712086400196644,0.023791665366785363,0.44464969116305636,0.03617518313163521,True
1,RandomForest,1.8380493069263717,1.5625515997885213,2.16212076141982,2.0271405694422208e-13,0.7351317786670346,0.7197971341882047,0.029917402310312632,0.4462989840348331,0.05121468679326182,0.4309372797744891,0.024478300821646787,0.435230352303523,0.013870203572107522,0.679152591890032,0.010421957813451389,0.4635424832406281,0.039734546633572496,True
2,XGBoost,1.3784055725730449,1.1821274497777938,1.607273329840678,4.225684687271238e-05,0.6654822685249069,0.7427413460899608,0.026504412421447465,0.48417885672787636,0.0766686166217949,0.3382663847780127,0.15296193722484866,0.37643854917485503,0.11753205419954228,0.6674158420430389,0.03658493802362861,0.4485480070947025,0.06498320493111369,True
3,LogisticRegression,1.3301342039247757,1.1601798847033007,1.5249850680724903,4.311598905913047e-05,0.7282323720160067,0.7370938808052622,0.020586204968542843,0.4699820788530466,0.04609481342982869,0.36134601832276253,0.02595179880687215,0.40716548250794826,0.024544742722992563,0.6655258493799235,0.0389009718779284,0.4193236238871916,0.04514192211860317,True
4,ANN,1.394086574739023,1.1794377534122864,1.6477998709510668,9.837534599537067e-05,0.6449565337380985,0.7294199720948774,0.025618595810895574,0.451346584679918,0.05735859308172866,0.3386187455954898,0.023861878722109948,0.38531180753402977,0.02833569396442431,0.6089775867070383,0.04877058910885338,0.4217748208799456,0.060735931664488936,True
5,Ensemble,1.8007336845768969,1.539194278366366,2.106713784182908,2.0428313999608799e-13,0.736960121429557,0.7446681283635638,0.020282198468421074,0.5085714285714286,0.053807416730763925,0.3689217758985201,0.13591904623805764,0.40317207882916767,0.08689118662249991,0.6713129568224545,0.017932879923632086,0.44709254215548805,0.05946247900158346,True
