,Model,HR,CI_lower,CI_upper,p,cindex,accuracy_mean,accuracy_std,precision_mean,precision_std,recall_mean,recall_std,f1_mean,f1_std,roc_auc_mean,roc_auc_std,pr_auc_mean,pr_auc_std,Sig
0,SVM,1.8566330657491759,1.6012623322800532,2.1527305497312508,2.488713189684456e-16,0.7415654753691182,0.6927778885123912,0.04533192142470609,0.4176725101382635,0.04377882237163768,0.4920718816067653,0.10666148774948782,0.4407264569469651,0.03487925799229306,0.6723867417569708,0.023776140016331715,0.44587310952592624,0.035239757866549995,True
1,RandomForest,1.8569839064349234,1.5778445588278058,2.1855063031811865,9.523867781658483e-14,0.7350282875672692,0.7275042632826169,0.035133759762469546,0.4633930011288501,0.06106032068417942,0.4464411557434813,0.02641061268702396,0.4514905149051491,0.029061171181646365,0.6798085251041047,0.010457965711122891,0.4642793107124071,0.040739838718817326,True
2,XGBoost,1.2256107689798186,1.057056401509947,1.4210422025670566,0.007038132228231982,0.6335380157306472,0.761975948441964,0.010246644225302597,0.5842911877394635,0.06805486462962301,0.25281888653981677,0.14797665115178013,0.31569204785992105,0.16434514442464854,0.6598640545205431,0.025926846446717604,0.46091819243772486,0.023598191782487028,True
3,LogisticRegression,1.330903832985428,1.160781829453031,1.5259585976547858,4.192303016212682e-05,0.7285083482820477,0.7370938808052622,0.020586204968542843,0.4699820788530466,0.04609481342982869,0.36134601832276253,0.02595179880687215,0.40716548250794826,0.024544742722992563,0.6655850244790419,0.038821071114163726,0.41967415046176315,0.04468565862646777,True
4,ANN,1.5611195851683097,1.3336618274054755,1.827370559099853,2.9634937729471226e-08,0.7172968124741272,0.7312803136004252,0.016556309743509478,0.44949494949494945,0.04672030142316022,0.33809020436927417,0.05846907270162085,0.38354764123587026,0.05032261479513994,0.6571639526814389,0.02974190613919831,0.4375898289826892,0.050388207335731794,True
5,Ensemble,1.8557435356065553,1.5648893747081798,2.200656561162807,1.1716637399129014e-12,0.7511039050641645,0.7331185081832879,0.03276664342811488,0.48181818181818176,0.06075738683564671,0.39992952783650465,0.09516221324961581,0.42273678702250134,0.03783676134089505,0.6775559918512165,0.007384719126553654,0.45773706495895405,0.043907528955150085,True
