,Model,HR,CI_lower,CI_upper,p,cindex,accuracy_mean,accuracy_std,precision_mean,precision_std,recall_mean,recall_std,f1_mean,f1_std,roc_auc_mean,roc_auc_std,pr_auc_mean,pr_auc_std,Sig
0,SVM,1.887227987676978,1.6259677615445915,2.190467462951368,6.600557948194947e-17,0.7528977507934318,0.7236949925807808,0.04577737043186555,0.4642422027290449,0.07646380722637336,0.3916490486257928,0.06054508380138515,0.41480433757661483,0.011687273506016534,0.6816109758635944,0.010396857107934677,0.44853489687496867,0.040365882915049035,True
1,RandomForest,1.8249302661501707,1.5518379864256298,2.1460812954977486,3.5104157055001144e-13,0.7296467503794674,0.737049586959892,0.01887676686158253,0.47008547008547,0.046196437277072566,0.4610641296687808,0.06445651208571782,0.4652432652853174,0.05548604393261712,0.6759410082195454,0.02213452439785545,0.4473801447850881,0.030013112983269846,True
2,XGBoost,1.4750512150708532,1.2610355946889082,1.725388320714892,1.1748830735639358e-06,0.6547881882158134,0.746716718711935,0.034964117073776724,0.5016339869281046,0.07005212781119613,0.3143058491895701,0.20584869498570105,0.332902524206872,0.20688077380945868,0.691471719889082,0.028133191094508077,0.4913388319894074,0.06978145871070164,True
3,LogisticRegression,1.2593509192846952,1.0983932746556908,1.443895164416728,0.000949550597029581,0.7417207120187664,0.7082253670852435,0.019392871630159295,0.43047812702985117,0.020571070727273013,0.49207188160676535,0.06990478078974977,0.45496466313297995,0.02162570070306068,0.6906577415719969,0.008157460063453687,0.4432834915191108,0.03504847925404708,True
4,ANN,1.7511850579343473,1.5157192317242585,2.0232303205943696,2.853422041727408e-14,0.7205740306333656,0.7082918078532988,0.021688221423904235,0.42265795206971674,0.03553269374793047,0.4455602536997885,0.061551797185402685,0.4311763788679887,0.03750225594388142,0.6657689121340816,0.03924311924814008,0.4012462807205704,0.04533613523037033,True
5,Ensemble,1.7252465341568992,1.4926792319809339,1.9940490494198901,1.558343487846889e-13,0.7392369256243964,0.7543131131929218,0.0031012414203330538,0.5190476190476191,0.014018668041790232,0.30091613812544044,0.11997251982813777,0.3656213838404465,0.08741372436505386,0.6798578825163238,0.01757296697348995,0.45387602389264114,0.023976606299020212,True
