,Model,HR,CI_lower,CI_upper,p,cindex,accuracy_mean,accuracy_std,precision_mean,precision_std,recall_mean,recall_std,f1_mean,f1_std,roc_auc_mean,roc_auc_std,pr_auc_mean,pr_auc_std,Sig
0,SVM,2.9859021073153285,2.186325625637413,4.077897313155635,6.032229802114755e-12,0.6878880916241203,0.7102185901269019,0.0348652744311817,0.4298777246145667,0.04373726743667062,0.4381606765327695,0.06332356237908682,0.42928371784546876,0.03501010619463718,0.6837498970642942,0.008610785894040638,0.44695733830219325,0.03422667167184411,True
1,RandomForest,3.66944545148086,2.627330963448078,5.124908170580264,2.3991705359224792e-14,0.7023078515247688,0.7428520807033863,0.020600144394778475,0.48269321953532485,0.048854421516894314,0.4154334038054968,0.03824048430621216,0.4465020576131687,0.042865569251028114,0.6739496419906503,0.015151361899868737,0.45977679467891913,0.0497314766629529,True
2,XGBoost,3.0432932683620884,2.0456982146900478,4.527370582205485,3.980060320033402e-08,0.6632572098799503,0.7542466724248665,0.02742365449715398,0.5522727272727274,0.0857835382051664,0.3224101479915434,0.14636934334734159,0.37311550901814594,0.12681808191947044,0.6811849668764279,0.026572456240045277,0.4703380578158385,0.048808389138392076,True
3,LogisticRegression,3.335458476346941,2.4331657012007404,4.572349200033707,7.138078434621235e-14,0.6961328825720988,0.7254667463955884,0.022987801643425874,0.4566985414855597,0.03096080113311854,0.4390415785764623,0.08520431382840052,0.4404671236354405,0.026728546230292298,0.6880022693443606,0.007720836763892468,0.439787171774755,0.030398688623574754,True
4,ANN,2.880503119352349,2.115862102578353,3.9214739989376755,1.7997206174936026e-11,0.6823168207534152,0.7121785927845327,0.03185292655933021,0.4343805704099822,0.05713340088381676,0.4307610993657505,0.028492245183813016,0.4286479380690394,0.014185265236311487,0.676197354335114,0.011159767406901793,0.44217638577935786,0.0455324052919032,True
5,Ensemble,4.10329931393352,2.8914609068164285,5.82303057255072,2.674598518971498e-15,0.6997205740306334,0.7658184395278277,0.007677207669059062,0.550705566834599,0.03192165393104123,0.38460183227625083,0.0664706991967776,0.4470460704607046,0.036120828784441936,0.6842286049946266,0.020499687467612774,0.45538463058412054,0.04792979304301207,True
