,Model,HR,CI_lower,CI_upper,p,cindex,accuracy_mean,accuracy_std,precision_mean,precision_std,recall_mean,recall_std,f1_mean,f1_std,roc_auc_mean,roc_auc_std,pr_auc_mean,pr_auc_std,Sig
0,SVM,1.8930152155220963,1.6310782775168253,2.1970169400169715,4.520420630827909e-17,0.7517938457292673,0.7102185901269019,0.0348652744311817,0.4298777246145667,0.04373726743667062,0.4381606765327695,0.06332356237908682,0.42928371784546876,0.03501010619463718,0.6837498970642942,0.008610785894040638,0.44695733830219325,0.03422667167184411,True
1,RandomForest,1.847437498405998,1.5618670290562677,2.185221435001977,7.814164677130249e-13,0.7440320132468607,0.7428520807033863,0.020600144394778475,0.48269321953532485,0.048854421516894314,0.4154334038054968,0.03824048430621216,0.4465020576131687,0.042865569251028114,0.6739496419906503,0.015151361899868737,0.45977679467891913,0.0497314766629529,True
2,XGBoost,1.4722817308949911,1.2662415323015002,1.7118483637061974,4.936118255998495e-07,0.6840761694494274,0.7542466724248665,0.02742365449715398,0.5522727272727274,0.0857835382051664,0.3224101479915434,0.14636934334734159,0.37311550901814594,0.12681808191947044,0.6811849668764279,0.026572456240045277,0.4703380578158385,0.048808389138392076,True
3,LogisticRegression,1.222253537312327,1.0746301875986901,1.3901560990117836,0.0022436897303848412,0.7444804746791776,0.7254667463955884,0.022987801643425874,0.4566985414855597,0.03096080113311854,0.4390415785764623,0.08520431382840052,0.4404671236354405,0.026728546230292298,0.6880022693443606,0.007720836763892468,0.439787171774755,0.030398688623574754,True
4,ANN,1.7093848670201397,1.451366715554337,2.013272450223877,1.3458129176762748e-10,0.7250241479232786,0.7121785927845327,0.03185292655933021,0.4343805704099822,0.05713340088381676,0.4307610993657505,0.028492245183813016,0.4286479380690394,0.014185265236311487,0.676197354335114,0.011159767406901793,0.44217638577935786,0.0455324052919032,True
5,Ensemble,1.7514892301124576,1.5093647661517267,2.0324540442409877,1.5422027675580672e-13,0.7453429005105561,0.7658184395278277,0.007677207669059062,0.550705566834599,0.03192165393104123,0.38460183227625083,0.0664706991967776,0.4470460704607046,0.036120828784441936,0.6842286049946266,0.020499687467612774,0.45538463058412054,0.04792979304301207,True
