,Model,HR,CI_lower,CI_upper,p,cindex,accuracy_mean,accuracy_std,precision_mean,precision_std,recall_mean,recall_std,f1_mean,f1_std,roc_auc_mean,roc_auc_std,pr_auc_mean,pr_auc_std,Sig
0,SVM,1.9166444662835873,1.6588478260496857,2.214504520817612,1.0737792746619795e-18,0.7675244928936111,0.7485327663721127,0.01239508675669167,0.49292929292929294,0.04133605186053281,0.39992952783650465,0.09516221324961581,0.43679653679653674,0.06773473981352085,0.7096668214323105,0.026360375021789614,0.467092610247958,0.055011144249660145,True
1,RandomForest,1.9608725401921416,1.6520509637407095,2.3274228236720798,1.344927769396669e-14,0.7693183386228785,0.7620091688259917,0.02855994882542071,0.5660949113779302,0.10195668176950701,0.4316420014094433,0.09839514157141456,0.47039473684210525,0.025621318959534917,0.7052264957954644,0.014898022719931368,0.4989211294744058,0.07034286047451478,True
2,XGBoost,1.4643347410497958,1.2715727498998628,1.6863181709534398,1.1827351252494751e-07,0.6714157582447909,0.7735255686222399,0.02395319975922392,0.5899769585253457,0.09791058878736529,0.40045806906272025,0.04316455969130142,0.46861875777538425,0.012724713794831316,0.7179010468199177,0.01137621972990549,0.5109958749743722,0.061239053846219055,True
3,LogisticRegression,1.8007026398174955,1.5866704846643493,2.043606425143551,8.217882244762621e-20,0.7258865737546571,0.7466392044825372,0.0006890505253738895,0.490281061203047,0.007588051917864098,0.3927061310782241,0.1017612306453812,0.42931502931502935,0.059478598726297106,0.7019996010853459,0.00837710400246629,0.47956820253336674,0.025721017657933356,True
4,ANN,1.7413958592250711,1.4915985706895263,2.033026578407352,2.1983047657148483e-12,0.7136056299158272,0.715954643102341,0.018607455111914445,0.4244227994227994,0.029527587815884358,0.39235377026074697,0.09503589968729571,0.4026360962980681,0.06049962605077549,0.6809874544651752,0.031025461587256553,0.42849359581690316,0.02793847880797221,True
5,Ensemble,1.9639850008178392,1.6810727891578767,2.2945092611782187,1.8128348610507988e-17,0.7808748447633503,0.7696830775363764,0.021396764270300087,0.5732600732600732,0.07780470414851483,0.39252995066948554,0.05168065431233009,0.45865302642796246,0.016878934248272238,0.7180868897360998,0.017157601525559698,0.5056376878058916,0.06881088101538663,True
