,Model,HR,CI_lower,CI_upper,p,cindex,accuracy_mean,accuracy_std,precision_mean,precision_std,recall_mean,recall_std,f1_mean,f1_std,roc_auc_mean,roc_auc_std,pr_auc_mean,pr_auc_std,Sig
0,SVM,3.696023075370264,2.69502693542576,5.068812631926948,4.978198453164467e-16,0.7161756588933351,0.744712422208934,0.023709617683971156,0.5104847576211894,0.07160591115010505,0.49365750528541225,0.13653151899131138,0.48182805762521363,0.05608344544958103,0.7058441514104571,0.02669950293203793,0.4753984234321382,0.05118946960587699,True
1,RandomForest,3.585539509674238,2.6288699260059536,4.890349822277917,7.384990510428864e-16,0.7096384710914861,0.7600491661683608,0.02774076451265524,0.5253643887790229,0.06860902346384877,0.4920718816067653,0.023664642742894988,0.5071214793437017,0.04298004808967743,0.6972433507672279,0.006143273903536021,0.4717887004609893,0.06440344212258721,True
2,XGBoost,3.285334144312318,2.3809561604334584,4.5332293887424555,4.458187869673307e-13,0.6920967296812474,0.7581556042787855,0.02347176275486266,0.5262371258163684,0.06146597078724368,0.4383368569415081,0.04883471779864809,0.47460768809083415,0.035588388095017166,0.6886948973270649,0.015056143824354327,0.4781318207885932,0.08887662180637332,True
3,LogisticRegression,2.8042479363811026,2.0687402628745266,3.8012536565469404,3.0587519819951555e-11,0.6966330895542984,0.7274710428985892,0.011251214360233127,0.4614081996434938,0.017918207139891926,0.5306553911205074,0.030343974829613794,0.492605898983913,0.009399841913664789,0.7002471905276805,0.005683012223840369,0.45928408101518586,0.050976939231972475,True
4,ANN,2.5117454812950384,1.865651720420117,3.381587942569142,1.2774177717635577e-09,0.6836967020836208,0.6930325781232698,0.06071844324603737,0.42806577480490526,0.07378228663431914,0.5160324171952079,0.08240762110329458,0.45817577011443383,0.035230695355362364,0.6828772609129435,0.04334969330825954,0.45257630340669913,0.04271222842786143,True
5,Ensemble,3.0823901676319436,2.2330194005696753,4.254835019834672,7.672219382876626e-12,0.6952187111908376,0.7485770602174827,0.017525347045486098,0.4990529475187225,0.03950680829134506,0.4457364341085271,0.053986001074357054,0.4682083152671388,0.03610529471853741,0.6953104871931429,0.002210882588001479,0.4703467126143602,0.06806206046958295,True
