,Model,HR,CI_lower,CI_upper,p,cindex,accuracy_mean,accuracy_std,precision_mean,precision_std,recall_mean,recall_std,f1_mean,f1_std,roc_auc_mean,roc_auc_std,pr_auc_mean,pr_auc_std,Sig
0,SVM,3.27075180245002,2.28477884750712,4.682211306753932,9.536324286161253e-11,0.698288947150545,0.7485327663721127,0.01239508675669167,0.49292929292929294,0.04133605186053281,0.39992952783650465,0.09516221324961581,0.43679653679653674,0.06773473981352085,0.7096668214323105,0.026360375021789614,0.467092610247958,0.055011144249660145,True
1,RandomForest,4.133781288936008,2.9764897298808446,5.74104038499119,2.4788995049563946e-17,0.7067579688146819,0.7620091688259917,0.02855994882542071,0.5660949113779302,0.10195668176950701,0.4316420014094433,0.09839514157141456,0.47039473684210525,0.025621318959534917,0.7052264957954644,0.014898022719931368,0.4989211294744058,0.07034286047451478,True
2,XGBoost,4.653860107061682,3.2660675693585457,6.631342872172688,1.7244890428490843e-17,0.715020008279288,0.7735255686222399,0.02395319975922392,0.5899769585253457,0.09791058878736529,0.40045806906272025,0.04316455969130142,0.46861875777538425,0.012724713794831316,0.7179010468199177,0.01137621972990549,0.5109958749743722,0.061239053846219055,True
3,LogisticRegression,3.3978719696784685,2.4073055129763232,4.796040161953549,3.500409576976839e-12,0.6834552228508348,0.7466392044825372,0.0006890505253738895,0.490281061203047,0.007588051917864098,0.3927061310782241,0.1017612306453812,0.42931502931502935,0.059478598726297106,0.7019996010853459,0.00837710400246629,0.47956820253336674,0.025721017657933356,True
4,ANN,2.449595246866854,1.7785413914798702,3.3738415660261,4.1297537266950114e-08,0.6488029529460466,0.715954643102341,0.018607455111914445,0.4244227994227994,0.029527587815884358,0.39235377026074697,0.09503589968729571,0.4026360962980681,0.06049962605077549,0.6809874544651752,0.031025461587256553,0.42849359581690316,0.02793847880797221,True
5,Ensemble,4.185804558252714,2.9683107037587337,5.902670423855103,3.2361609340147044e-16,0.6984441838001931,0.7696830775363764,0.021396764270300087,0.5732600732600732,0.07780470414851483,0.39252995066948554,0.05168065431233009,0.45865302642796246,0.016878934248272238,0.7180868897360998,0.017157601525559698,0.5056376878058916,0.06881088101538663,True
