,Model,HR,CI_lower,CI_upper,p,cindex,accuracy_mean,accuracy_std,precision_mean,precision_std,recall_mean,recall_std,f1_mean,f1_std,roc_auc_mean,roc_auc_std,pr_auc_mean,pr_auc_std,Sig
0,SVM,3.143597560179668,2.241884488891954,4.407990540695439,3.122967013525559e-11,0.7051711052849455,0.7408145638163578,0.03777331504519967,0.5169325912183055,0.11719043668706773,0.44696969696969696,0.07559474117122664,0.4614730757788261,0.011930981503949866,0.6943943904488906,0.016692948176741322,0.46235159699093065,0.05368154470370495,True
1,RandomForest,3.693298324683348,2.6633044395110628,5.121627220962009,4.7968337163602956e-15,0.7026700703739478,0.7407924168936727,0.043638354568488844,0.5422195814352677,0.15849419430801315,0.4240662438336857,0.09290338925505526,0.4465359568539768,0.014577517978845746,0.712820533511107,0.005085766340933674,0.5078498000693937,0.04849712700286204,True
2,XGBoost,3.1098437363544242,2.141774143182435,4.515475217276009,2.4808717964796708e-09,0.6431109424589485,0.760071313091046,0.003091023395155618,0.544047619047619,0.019849204762539343,0.3074348132487667,0.16312688562250596,0.3608969210174029,0.14666484972479582,0.7123627954978922,0.01252183548143222,0.5003562291926714,0.05510935191287493,True
3,LogisticRegression,3.5130626164093623,2.5606609097827917,4.819696703949713,6.820023193958344e-15,0.714537049813716,0.7427745664739884,0.010484211446631697,0.487615516870836,0.02322876547866679,0.4776250880902044,0.06522626081106873,0.4787286787286787,0.0285958711062781,0.7065088988176154,0.0089312720777266,0.4727113792874009,0.032663254041863404,True
4,ANN,2.6381053806639327,1.9463858678302772,3.575652759566205,4.040849921893764e-10,0.6831102525182834,0.7063982459637234,0.0654368431444904,0.46128407101775437,0.07732943690982937,0.5163847780126849,0.1463992411906678,0.4639282712244326,0.011944935381128565,0.6782830696730927,0.014847949756847553,0.4408745791298179,0.05669692403195607,True
5,Ensemble,4.2690773645342865,2.9073010481995056,6.268708070554228,1.3143499448658702e-13,0.6810921760728578,0.777356986246761,0.014235390020566624,0.6103222898354744,0.06630313620668925,0.32276250880902047,0.04772375744421991,0.41797385620915034,0.04243587055681774,0.723111993633918,0.0056479362059410065,0.5097265733725933,0.05357703642374925,True
