,Model,HR,CI_lower,CI_upper,p,cindex,accuracy_mean,accuracy_std,precision_mean,precision_std,recall_mean,recall_std,f1_mean,f1_std,roc_auc_mean,roc_auc_std,pr_auc_mean,pr_auc_std,Sig
0,SVM,1.8026778034340878,1.5483346006829561,2.0988016812131938,3.1084698311245214e-14,0.7633848489029943,0.744712422208934,0.023709617683971156,0.5104847576211894,0.07160591115010505,0.49365750528541225,0.13653151899131138,0.48182805762521363,0.05608344544958103,0.7058441514104571,0.02669950293203793,0.4753984234321382,0.05118946960587699,True
1,RandomForest,2.015290031048611,1.7216309161298646,2.359038671525318,2.7589719647320426e-18,0.7759762660411205,0.7523863309193187,0.017097675328631327,0.5051490514905149,0.04040758551678225,0.4920718816067653,0.023664642742894988,0.49821322468381296,0.030382815217752688,0.6976458759300939,0.006306072100803,0.4726363374063817,0.06361602783407791,True
2,XGBoost,1.1020061243115329,0.9649002714835018,1.258593798665845,0.15189363298627562,0.6009038222712847,0.7409142249684407,0.03703555855954604,0.4966970102835349,0.08217453496334835,0.4001057082452431,0.030094378108851506,0.4370764451169454,0.02176786243747501,0.6882736989030261,0.01116691534003301,0.4640688833777473,0.07119459077857783,False
3,LogisticRegression,1.6565911148891126,1.366855295635193,2.007742978128675,2.660950035030343e-07,0.7552090520215261,0.7293978251721923,0.013485193752688076,0.4651079882270033,0.02158309094277803,0.5306553911205074,0.030343974829613794,0.49447705642844647,0.007649043874169368,0.7007242328651878,0.006272400479787307,0.45940677663796575,0.05087198123949129,True
4,ANN,1.7161827183227607,1.443910402226256,2.0397963184755725,8.90397553522579e-10,0.7310611287429281,0.7083250282373265,0.06647139572675556,0.4560334815170812,0.09383087321279723,0.45454545454545453,0.07030989069055342,0.44054209553057894,0.028256685734261572,0.6882119685155367,0.04494602091205507,0.4772223083784785,0.0494796858674983,True
5,Ensemble,1.893635651024835,1.6154635836444953,2.2197070953110187,3.3596087316735803e-15,0.7574513591831102,0.7543352601156069,0.031111393648789128,0.5265183011331214,0.07981841640289547,0.4154334038054968,0.03824048430621216,0.45865043125317095,0.02452165595858868,0.7024342070143597,0.0056489595000157565,0.47240318920730334,0.06237390005127646,True
