,Model,HR,CI_lower,CI_upper,p,cindex,accuracy_mean,accuracy_std,precision_mean,precision_std,recall_mean,recall_std,f1_mean,f1_std,roc_auc_mean,roc_auc_std,pr_auc_mean,pr_auc_std,Sig
0,SVM,2.9720047438441686,2.1999814085794083,4.014948564104387,1.2696282283342918e-12,0.6913895404995171,0.7159435696409985,0.037829031508296654,0.4465256965256965,0.05836522896058489,0.4920718816067653,0.06990478078974978,0.4633972025826605,0.04475695350140849,0.6886892591401734,0.0116504260397994,0.41698199136711084,0.037716493454717476,True
1,RandomForest,3.529821656522235,2.571191529030634,4.845862622902615,6.136526955357761e-15,0.7075514005795501,0.7351560250703164,0.013498553918590166,0.47202797202797203,0.019984182050678607,0.45295983086680763,0.08365768605157015,0.4569138539870248,0.034409603453186235,0.7133919249576981,0.009660675690266027,0.4563369564015552,0.021898896606663595,True
2,XGBoost,2.3213133544943974,1.5409428539051298,3.4968822342102133,5.6181406096684095e-05,0.6306402649372154,0.7504927690297434,0.014860725395880894,0.564872325741891,0.10916404169525636,0.28594080338266387,0.15446129403661057,0.3372461812440332,0.11270168233833541,0.7070909873013548,0.02209206667373883,0.45657531032424337,0.008431373146557175,True
3,LogisticRegression,3.0927358913601273,2.2749560633637382,4.204483527283749,5.764678808561848e-13,0.6892334759210708,0.7274931898212742,0.023592102296998683,0.46025641025641023,0.043324987817219995,0.47621564482029605,0.070993928228685,0.4641664339244984,0.04034132685135388,0.6908156108049592,0.029274606234898984,0.44343720786991164,0.019425497620789326,True
4,ANN,2.8953356013099145,2.0589045221628606,4.071567260149787,9.858197869348898e-10,0.6575824479094798,0.7273713817465063,0.03648308425675915,0.44201680672268906,0.09573441280868761,0.35306553911205074,0.07422696190252054,0.3925525950842406,0.08363116057366474,0.6513411229281991,0.04592446626122988,0.39436234032803014,0.050000512414158815,True
5,Ensemble,3.703950630537186,2.5226387979227183,5.438452102121799,2.363009764728267e-11,0.7031875258727749,0.763902730715567,0.008475691257906585,0.5383838383838384,0.021332032406002902,0.3847780126849894,0.014949403407749405,0.4485180927141994,0.013627507461341616,0.7198868990054859,0.006596986284149995,0.4621782306287447,0.01988579379860558,True
