,Model,HR,CI_lower,CI_upper,p,cindex,accuracy_mean,accuracy_std,precision_mean,precision_std,recall_mean,recall_std,f1_mean,f1_std,roc_auc_mean,roc_auc_std,pr_auc_mean,pr_auc_std,Sig
0,SVM,1.7240218030957064,1.492166374438531,1.9919033349533581,1.455352580607037e-13,0.747153994756451,0.7466724248665647,0.020078094014250862,0.48465909090909093,0.059964047424027944,0.39904862579281186,0.09950715651700527,0.43494257644942574,0.08024462535161002,0.6888000365809703,0.03182665865459074,0.4221382348928188,0.03901619491565392,True
1,RandomForest,1.8583481888898201,1.5980780527660443,2.16100708295983,8.310292685898525e-16,0.7628673934041672,0.7581777512014706,0.012014465714322844,0.5243215565796211,0.034033813328999206,0.4156095842142354,0.035198182578066096,0.46112700936230344,0.007142289662189383,0.7110614398915481,0.01027360866694115,0.4437793828052508,0.011046516465581531,True
2,XGBoost,1.6675950316850843,1.4269933953973926,1.9487638826291502,1.253865534131592e-10,0.7076548916793156,0.708092485549133,0.05931259938056433,0.45634920634920634,0.061731544389301764,0.36169837914023956,0.2852034881421834,0.31267960874260087,0.19265834600882797,0.7167007233845508,0.0199582804251876,0.4492634238184807,0.01920320770643388,True
3,LogisticRegression,1.4322514824776236,1.226893751030688,1.6719820337629552,5.373669339703545e-06,0.7342693528356561,0.7160210838703961,0.03396063964225943,0.45131897964242745,0.05560658770802822,0.5065186751233263,0.10830181024665571,0.46767634201262515,0.03717200912552539,0.6841986657049679,0.03223457213082213,0.4386556885503008,0.02202989240297623,True
4,ANN,1.4509372758275474,1.230049285379347,1.7114915665648431,1.0000789437946763e-05,0.6848351041810404,0.7293646047881647,0.014096755501632825,0.4534188034188034,0.03671733593847965,0.4075052854122622,0.02561471688142061,0.4291311587814674,0.030048683766105436,0.6412357126275109,0.04413749989742831,0.38041612845187817,0.03547221231381554,True
5,Ensemble,1.7269108070711932,1.5163725524666143,1.966680899577242,1.7798412459883093e-16,0.7549675727887402,0.7562288220051823,0.009976002595783628,0.5124183006535947,0.04019474996476287,0.31483439041578576,0.0912529484149391,0.38426426426426424,0.0842248499962358,0.7195804506163106,0.01708616291360306,0.4524349736353372,0.019075674459879836,True
