,Model,HR,CI_lower,CI_upper,p,cindex,accuracy_mean,accuracy_std,precision_mean,precision_std,recall_mean,recall_std,f1_mean,f1_std,roc_auc_mean,roc_auc_std,pr_auc_mean,pr_auc_std,FDR,Sig
0,SVM,3.760634901846391,2.3264958153419317,6.078830991968353,6.44102435719522e-08,0.5697643781993376,0.8148148148148149,0.007293679116518423,0.41899766899766905,0.12431314325776142,0.2046594982078853,0.1446368685476547,0.25519681556833257,0.14944557002978856,0.7609010324178479,0.01937768238522256,0.4353708879985902,0.04780039639365845,6.44102435719522e-08,True
1,RandomForest,5.3120535192844756,3.674538709644752,7.679307478154351,6.62663314537091e-19,0.7386894007828967,0.7953216374269005,0.00827025475071988,0.44663547237076645,0.017095260614363447,0.617921146953405,0.12559745325085386,0.5145484745170033,0.05488809894447253,0.76244475674812,0.04181654536192758,0.48849565532381073,0.10394758020224835,3.975979887222546e-18,True
2,XGBoost,4.657012102445028,3.2198137165179013,6.7357194023553335,3.0828759790280206e-16,0.7088979223125564,0.8245614035087718,0.0334238366461642,0.5166666666666667,0.10474837574980446,0.5311827956989248,0.13077673802589912,0.5174232098357496,0.09701378440299584,0.7545479222726992,0.044243232952949504,0.4960909650980066,0.12866427749337453,9.248627937084062e-16,True
3,LogisticRegression,3.9570119809040025,2.7352356884864992,5.724531850372975,2.864575509633281e-13,0.6916403191809696,0.7894736842105262,0.0172159081214968,0.4298148148148148,0.010544178404064262,0.49749103942652323,0.171507529864421,0.4435750304294905,0.07961516133815663,0.7342054231896373,0.03574751107358663,0.42793613730692454,0.04203050493617208,4.2968632644499215e-13,True
4,ANN,3.9437068770437946,2.570290952555222,6.050997423688892,3.3438984305855323e-10,0.6119768142125865,0.7992202729044834,0.016768665237899834,0.4193939393939394,0.07564355055210298,0.292831541218638,0.049636077487374315,0.34314495028780745,0.053292727765747464,0.710830400947079,0.027051243068262554,0.34133205190802735,0.0443471356776291,4.0126781167026384e-10,True
5,Ensemble (Mean),4.4574006258214185,3.0942618824581976,6.421053257227522,1.01438532592373e-15,0.7125677506775068,0.7953216374269005,0.024810764252159587,0.447913510944786,0.05367156175663114,0.5648745519713262,0.10768924420481105,0.4946567331570937,0.06071273633421437,0.7629215645687849,0.03038838248454102,0.4456168181538865,0.06868451997208241,2.02877065184746e-15,True
