,Model,HR,CI_lower,CI_upper,p,cindex,accuracy_mean,accuracy_std,precision_mean,precision_std,recall_mean,recall_std,f1_mean,f1_std,roc_auc_mean,roc_auc_std,pr_auc_mean,pr_auc_std,FDR,Sig
0,SVM,3.5920091925154285,2.4370677367379603,5.294284539003215,1.0418585953194192e-10,0.7033837699488106,0.8304093567251462,0.031310679150504915,0.5233622777482426,0.09349431753890544,0.45555555555555555,0.1579104248137952,0.48073830409356716,0.12423770890725619,0.7931797961310659,0.06445473588465252,0.49545992828780383,0.04182250789010238,1.250230314383303e-10,True
1,RandomForest,3.832934033597736,2.7435478137488407,5.354885098881218,3.3882870400391407e-15,0.7318014152363745,0.8089668615984404,0.0506072319132443,0.4878867102396514,0.09755209898444547,0.5741935483870968,0.12935443648879627,0.5188315628068085,0.09812276008644705,0.7790914505053147,0.08069976520901487,0.46367294245380003,0.06349139371730589,2.0329722240234847e-14,True
2,XGBoost,3.6850480711614786,2.538773027330041,5.348874885854688,6.848054431689888e-12,0.6939927732610659,0.820662768031189,0.031792410195516714,0.5141763837416011,0.08589029246285523,0.4666666666666666,0.04894540506125178,0.4851367226798035,0.0541382137493336,0.7586771397341061,0.0779418560833693,0.43835324860717306,0.04742279874010257,1.0272081647534832e-11,True
3,LogisticRegression,3.5707031882555795,2.5185860977226158,5.0623328978697355,8.906181957401346e-13,0.7278116531165312,0.8148148148148149,0.04171722136263685,0.4798117956012693,0.10093994952218541,0.5308243727598566,0.15675913152256127,0.5013701132626963,0.12499218221730511,0.7758275139538009,0.07474452523819337,0.46382157849095035,0.11011776731281725,1.7812363914802692e-12,True
4,ANN,2.9448082920650007,2.073351023410632,4.182550749534753,1.6093654678981952e-09,0.6711645588678109,0.8050682261208576,0.007293679116518423,0.4571759259259259,0.00995639498500305,0.45555555555555555,0.0642187491184499,0.45373660796546367,0.03276483133192313,0.7450467184509737,0.0377566862382301,0.43481790319573804,0.006591429630023871,1.6093654678981952e-09,True
5,Ensemble (Mean),3.3297117137228742,2.4369286844729174,4.549571010077105,4.257138665751819e-14,0.7434131285757302,0.8031189083820663,0.03387553059840696,0.45980639730639733,0.07085034886084128,0.6082437275985663,0.14781546258355413,0.5205995469153364,0.09727568915800062,0.7823003707698285,0.06645885993483105,0.4765401078477711,0.040613024528836535,1.2771415997255458e-13,True
