,Model,HR,CI_lower,CI_upper,p,cindex,accuracy_mean,accuracy_std,precision_mean,precision_std,recall_mean,recall_std,f1_mean,f1_std,roc_auc_mean,roc_auc_std,pr_auc_mean,pr_auc_std,FDR,Sig
0,SVM,3.1566368550949986,1.9680123604140942,5.063157343609071,1.8568647723916937e-06,0.6020024089129781,0.8187134502923977,0.004774833806594889,0.3282828282828283,0.23221341277924545,0.2275985663082437,0.21506869721147234,0.25,0.2041241452319315,0.7751026789118759,0.0481293074967213,0.48201297670106746,0.096472881217792,1.8568647723916937e-06,True
1,RandomForest,4.6579417808160235,3.1180593149824856,6.9583094616637915,5.766697901494661e-14,0.6582919301415237,0.8343079922027291,0.013783757917866396,0.5890804597701149,0.11400479554527225,0.3580645161290323,0.08904628220543394,0.43120155038759694,0.0518025829636576,0.7861754783511818,0.04243093604432069,0.46989024778344285,0.10662591782444038,8.650046852241992e-14,True
2,XGBoost,5.173100046636042,3.5889189465228943,7.456552931749279,1.2507177629673784e-18,0.729637157482686,0.8265107212475633,0.038298016967618906,0.5290404040404041,0.09321226679440277,0.5655913978494623,0.10812735561270136,0.5384879197379197,0.08345960959872509,0.7674289055208753,0.05078218560080629,0.4897829561852068,0.09784119684074119,7.504306577804271e-18,True
3,LogisticRegression,4.169133944084399,2.8892935585108286,6.015891944422369,2.329522463124296e-14,0.7037037037037037,0.7894736842105262,0.019099335226379553,0.4242633174319221,0.059862337370066396,0.5308243727598566,0.11607702716252287,0.47040312201602524,0.08258979838188073,0.7588559880598315,0.014594834920426193,0.41829698237936835,0.05232708329994125,4.659044926248592e-14,True
4,ANN,3.759305154482717,2.572889628904749,5.492802755995531,7.676324126546658e-12,0.6619241192411924,0.797270955165692,0.01987921837658006,0.44284331518451303,0.05510989495472117,0.43548387096774194,0.04748258530283789,0.43515406162464987,0.02658778319203048,0.7214418261775846,0.022991137324446853,0.383917430710617,0.05503105012463204,9.211588951855989e-12,True
5,Ensemble (Mean),4.88753913145637,3.350357083909353,7.12999783701969,1.7901827906741526e-16,0.6939551339957845,0.8226120857699805,0.007293679116518384,0.5091894822445107,0.018937964212857376,0.45483870967741935,0.1163975390494756,0.470768078866912,0.06697443522411016,0.7766767257501644,0.02189851128233607,0.45632490050004765,0.07988271689121022,5.370548372022458e-16,True
