,Model,HR,CI_lower,CI_upper,p,cindex,accuracy_mean,accuracy_std,precision_mean,precision_std,recall_mean,recall_std,f1_mean,f1_std,roc_auc_mean,roc_auc_std,pr_auc_mean,pr_auc_std,FDR,Sig
0,SVM,3.0140424837934527,1.6309649873212198,5.56998596826568,0.0004296300157826722,0.6070648900933454,0.8187134502923977,0.004774833806594889,0.32857142857142857,0.23240827317928436,0.2383512544802867,0.22954463919481052,0.255050505050505,0.21034004467635148,0.7753330936584196,0.04845478159284145,0.48252615327279297,0.09711719069507564,0.0004296300157826722,True
1,RandomForest,4.519002513126744,2.6824707063472375,7.6129009220212325,1.4441880956566961e-08,0.6543021680216802,0.8382066276803118,0.015348943224194571,0.6415343915343915,0.1755127024313671,0.3473118279569893,0.0980678173373794,0.4278248587570621,0.05793405849947584,0.7889404553097071,0.051291972511829154,0.47695012161480493,0.11582144574863092,2.1662821434850442e-08,True
2,XGBoost,4.393531161185209,2.774746671725804,6.956712935635139,2.747635999950168e-10,0.6935034628124059,0.8323586744639376,0.03179241019551672,0.5765993265993267,0.12515224434974334,0.446236559139785,0.038016493612179965,0.4919079123930876,0.03106862961605891,0.7651691523860364,0.05064622405922443,0.4855468275351007,0.09512990205467846,5.495271999900336e-10,True
3,LogisticRegression,3.903476167130897,2.610401678020566,5.837081057545533,3.270809762489248e-11,0.7007866606443842,0.787524366471735,0.021530918162158425,0.41720686581901884,0.06942163287796888,0.5197132616487455,0.1317905111888906,0.46141316960989087,0.09518692357053425,0.7586983836469079,0.014710854874934573,0.4178535159003111,0.05292520980808271,9.812429287467744e-11,True
4,ANN,3.0700147441753494,1.9661666622815437,4.7935867850171245,8.067036953161015e-07,0.621217253839205,0.7894736842105262,0.0172159081214968,0.39811287477954144,0.06602920694103784,0.3469534050179211,0.06258356010241477,0.3706887696367533,0.06426342008907988,0.7060902848136891,0.058188418184543525,0.3803156004081187,0.06601918184024957,9.680444343793218e-07,True
5,Ensemble (Mean),4.678431308125317,3.0633441283461913,7.145041036138403,9.224997202434178e-13,0.6969098163203854,0.8128654970760234,0.017215908121496752,0.4770833333333333,0.055979286843935,0.5096774193548387,0.07866383293837369,0.4923319908394535,0.06529574037202063,0.7794126512040034,0.03262315588346433,0.45727370418240826,0.09107089755815863,5.534998321460507e-12,True
