,Model,HR,CI_lower,CI_upper,p,cindex,accuracy_mean,accuracy_std,precision_mean,precision_std,recall_mean,recall_std,f1_mean,f1_std,roc_auc_mean,roc_auc_std,pr_auc_mean,pr_auc_std,Sig
0,SVM,2.749945939214758,1.9217075060883977,3.9351475938169536,3.157153095598981e-08,0.6432316820753415,0.7313246074457954,0.015873280575692032,0.4306418219461698,0.058394636754329,0.3298097251585624,0.15170023276354133,0.35852641448910605,0.12954410404551103,0.6752552650320269,0.026837531745382767,0.4131906805642411,0.05400236712006483,True
1,RandomForest,4.191450431280282,2.910690734940864,6.035768935182526,1.335611087373267e-14,0.6835759624672278,0.7428520807033863,0.018928999564821542,0.5165927568366593,0.08486768442432133,0.3379140239605356,0.12455144989831929,0.3800705467372134,0.08597770541471678,0.7128336513477646,0.012111238223738517,0.4640548959466578,0.023572792515169676,True
2,XGBoost,2.937214554228251,1.9483053917029207,4.4280682968441685,2.683736971326988e-07,0.594711604801987,0.75626204238921,0.009161400556060486,0.5555555555555555,0.0785674201318386,0.22110641296687808,0.18507515044676565,0.26808256892373666,0.16673336424284252,0.6919207161262904,0.03502211712134349,0.4471374421500456,0.04599700165894242,True
3,LogisticRegression,3.555377736557985,2.575283802622165,4.908472936746372,1.2688788681652833e-14,0.71734855802401,0.7543241866542644,0.018881813499481117,0.5079320408588701,0.0454372780784988,0.46881606765327694,0.04258831144055908,0.4875720961320173,0.043863130130714675,0.6929891680601782,0.039605311030490586,0.46030870420668135,0.015819746120429943,True
4,ANN,2.6649711556707367,1.9626614380667617,3.6185921437130917,3.3755719292302753e-10,0.6746067338208914,0.6986468230239408,0.023727980828203796,0.397855915125652,0.053026092719038534,0.4319943622269204,0.1472986227911363,0.406907426637437,0.08555294727862241,0.6644289892603402,0.026848941119295852,0.38088187458369127,0.026077429593496074,True
5,Ensemble,3.8322893156176665,2.5221773764210895,5.822921708796325,3.0887724337884424e-10,0.6355043466261902,0.7543795539609771,0.027815393138754897,0.5335144927536232,0.12120770179045938,0.24647639182522904,0.031132628612974545,0.3350581453288258,0.04710435076647058,0.6968276560412189,0.026250133833731076,0.44680642791991293,0.04482718137684908,True
