,Model,HR,CI_lower,CI_upper,p,cindex,accuracy_mean,accuracy_std,precision_mean,precision_std,recall_mean,recall_std,f1_mean,f1_std,roc_auc_mean,roc_auc_std,pr_auc_mean,pr_auc_std,Sig
0,SVM,1.4993933430950876,1.2814788879184669,1.754363976272469,4.2985023849264417e-07,0.7063267558989927,0.7313246074457954,0.015873280575692032,0.4306418219461698,0.058394636754329,0.3298097251585624,0.15170023276354133,0.35852641448910605,0.12954410404551103,0.6752552650320269,0.026837531745382767,0.4131906805642411,0.05400236712006483,True
1,RandomForest,1.9999908575947536,1.7157295435614643,2.33134846076007,7.881051813008983e-19,0.7577618324824065,0.7428520807033863,0.018928999564821542,0.5165927568366593,0.08486768442432133,0.3379140239605356,0.12455144989831929,0.3800705467372134,0.08597770541471678,0.7128336513477646,0.012111238223738517,0.4640548959466578,0.023572792515169676,True
2,XGBoost,1.3631189278683287,1.15571305913472,1.6077461415068308,0.00023470324772312387,0.6393335173175106,0.75626204238921,0.009161400556060486,0.5555555555555555,0.0785674201318386,0.22110641296687808,0.18507515044676565,0.26808256892373666,0.16673336424284252,0.6919207161262904,0.03502211712134349,0.4471374421500456,0.04599700165894242,True
3,LogisticRegression,1.181041124492999,1.0782808546652276,1.2935944579826073,0.00034001145725646634,0.737684559127915,0.7543241866542644,0.018881813499481117,0.5079320408588701,0.0454372780784988,0.46881606765327694,0.04258831144055908,0.4875720961320173,0.043863130130714675,0.6929891680601782,0.039605311030490586,0.46030870420668135,0.015819746120429943,True
4,ANN,1.54433653805332,1.3203558017749677,1.8063126163117298,5.447938873389578e-08,0.719953084034773,0.6986468230239408,0.023727980828203796,0.397855915125652,0.053026092719038534,0.4319943622269204,0.1472986227911363,0.406907426637437,0.08555294727862241,0.6644289892603402,0.026848941119295852,0.38088187458369127,0.026077429593496074,True
5,Ensemble,1.835007097889752,1.6109230976317575,2.090261822091953,6.521430870945816e-20,0.7432730785152477,0.7543795539609771,0.027815393138754897,0.5335144927536232,0.12120770179045938,0.24647639182522904,0.031132628612974545,0.3350581453288258,0.04710435076647058,0.6968276560412189,0.026250133833731076,0.44680642791991293,0.04482718137684908,True
