,Model,HR,CI_lower,CI_upper,p,cindex,accuracy_mean,accuracy_std,precision_mean,precision_std,recall_mean,recall_std,f1_mean,f1_std,roc_auc_mean,roc_auc_std,pr_auc_mean,pr_auc_std,Sig
0,SVM,1.638146369093256,1.4119102091856763,1.9006332761919393,7.568311125553084e-11,0.7430315992824618,0.7217239164618077,0.0159053456825928,0.4216450712838742,0.04181927458839938,0.3525369978858351,0.14759271235712182,0.37025954076645323,0.10447877315612907,0.6878392584987649,0.01766267930890243,0.39947292698332265,0.02185989040594331,True
1,RandomForest,1.8598579768229744,1.5839610813806204,2.1838110384233893,3.620766127406298e-14,0.748033669104457,0.7486324275241955,0.03248448910059781,0.5099157599157599,0.08089438136650978,0.41525722339675825,0.01507552605023356,0.45393404845134383,0.0286609608931548,0.7084208235104738,0.020493550441529805,0.4795863248099243,0.05395528363123799,True
2,XGBoost,1.5175332351873367,1.268290560868458,1.8157567287430068,5.20626410657007e-06,0.7040844487374086,0.7658738068345404,0.015957553232787098,0.5631184218818932,0.07570021404756012,0.4223044397463002,0.10397719352554019,0.46612291044173465,0.05569001404749366,0.7183524742019328,0.02787321939140215,0.5006809516905446,0.028783976521681475,True
3,LogisticRegression,1.1737480991118,1.0747518034056998,1.2818630271686196,0.00036591181043985196,0.7486201186697944,0.7581556042787855,0.014092884108541514,0.5182962682962683,0.03560909245738597,0.4767441860465116,0.02511914999382891,0.4959597008724554,0.024362105416408705,0.6962165903804461,0.03083579752748053,0.45408793129228275,0.017774906811799385,True
4,ANN,1.3992436272715267,1.1962200129200964,1.6367246052677096,2.669125934109581e-05,0.6518214433558714,0.636945496423272,0.10715619010720785,0.36842913803698113,0.06156437718691819,0.46987315010570824,0.1808090017262385,0.38596563945642376,0.034157828887351804,0.6209223287511944,0.027750320259779724,0.3608818111724157,0.03308045913203668,True
5,Ensemble,1.8495204955699882,1.5907784272273575,2.1503472796620704,1.2706071008045094e-15,0.7577273354491514,0.7371492481119749,0.04045808480046977,0.5005853554704129,0.09304220024452257,0.4844961240310078,0.06735715967822778,0.4797408933439928,0.004399327527946772,0.711742460450964,0.022098062653379737,0.4691811580386103,0.047879604367138194,True
