,Model,HR,CI_lower,CI_upper,p,cindex,accuracy_mean,accuracy_std,precision_mean,precision_std,recall_mean,recall_std,f1_mean,f1_std,roc_auc_mean,roc_auc_std,pr_auc_mean,pr_auc_std,Sig
0,SVM,1.7294199777335695,1.464609125259416,2.0421103540879715,1.0468646949073767e-10,0.6905616117013936,0.5829180785329878,0.2122310036425156,0.37020985401459855,0.12334782777803942,0.49207188160676535,0.14405245433989686,0.3896296296296296,0.08711816549919499,0.5630324362305544,0.18860155258418415,0.352910238842653,0.12966635968477494,True
1,RandomForest,2.05850945533728,1.747478556431494,2.4249002439070013,5.69509456502135e-18,0.773388988546985,0.7466724248665647,0.028275137605489113,0.5023195006747638,0.05670880330150396,0.46141649048625794,0.048776843551469815,0.476228783340465,0.025746373679807394,0.7161639990283697,0.034037888523806334,0.4633443402193764,0.04727606387321671,True
2,XGBoost,1.437704243348362,1.2359371221044708,1.672409910159789,2.5321596069946563e-06,0.6470953497999172,0.7236949925807808,0.039586566498884104,0.6199413489736071,0.27100624744924817,0.4062720225510923,0.23832045732564391,0.37094338833469265,0.1723233855163011,0.6852456304568855,0.03263390674221143,0.42167831548289775,0.04263088439404776,True
3,LogisticRegression,1.616574769042203,1.3222668448015231,1.9763892546939872,2.8076029841455353e-06,0.7536221884917897,0.7255221137023011,0.02589460686776278,0.4546698626410988,0.05403380632416642,0.4460887949260042,0.005979761363099757,0.44908258691582575,0.029119498289554936,0.6969000110487772,0.046191408476231065,0.4241761252012976,0.027452735232276343,True
4,ANN,1.4835995597459442,1.276522914128707,1.7242680325724522,2.7043074355084523e-07,0.6870429143093694,0.7159103492569706,0.02243276109282156,0.4267310789049919,0.05181833465283119,0.3844256518675124,0.04179005237277808,0.4029749205897691,0.039030924928126966,0.6647537488252916,0.039000071927727954,0.41488657459369066,0.052730681912900965,True
5,Ensemble,2.1522546180687177,1.8109151238042736,2.5579332129421086,3.31952278802875e-18,0.7713191665516765,0.7408920780457556,0.02138426737809302,0.4719518381332491,0.04968197177368743,0.3831923890063425,0.14672200355850346,0.4100056775115784,0.10670745637744103,0.7068480280001671,0.027515431590890864,0.4463667461500797,0.049183622457455334,True
