,Model,HR,CI_lower,CI_upper,p,cindex,accuracy_mean,accuracy_std,precision_mean,precision_std,recall_mean,recall_std,f1_mean,f1_std,roc_auc_mean,roc_auc_std,pr_auc_mean,pr_auc_std,Sig
0,SVM,1.7791789437915013,1.5339772700405132,2.063575370935868,2.633718242331591e-14,0.7411515109700566,0.7025336079551746,0.06490974200735751,0.42610436158823256,0.09846499547169825,0.43005637773079636,0.08091611541623982,0.42173651182219113,0.08005137395411871,0.6784413216820459,0.05285096345447041,0.43875350720040696,0.03592899800066238,True
1,RandomForest,1.8253849066292098,1.569019114921878,2.123638919157229,6.511515189679274e-15,0.7474817165723747,0.7409474453524684,0.033400757195294555,0.5058556580295711,0.08997615616070502,0.3535940803382664,0.07038269514544934,0.40223618709527714,0.03306696696049435,0.6948728397467968,0.05549471046928589,0.45119375284098284,0.06340246097878016,True
2,XGBoost,1.4984777547039407,1.2753526147775327,1.7606390227492088,8.801004875264877e-07,0.7378570442941907,0.7543131131929218,0.007325092585603393,0.4931093884582256,0.03724178726809381,0.3680408738548273,0.19497194202889948,0.3922331443629618,0.1691564742268248,0.692187252359452,0.05253554002073863,0.4456441692249087,0.06286219600031913,True
3,LogisticRegression,1.5470076539753952,1.2676020691734395,1.8879999801664904,1.7615551392958395e-05,0.732992962605216,0.7255774810090138,0.023081232330810816,0.451917130488559,0.04800849111294698,0.46881606765327694,0.053809200297315195,0.45984863355798383,0.048821942995544175,0.6670749748505829,0.06942888116183275,0.4400072909804759,0.057878776204594244,True
4,ANN,1.6802620142126685,1.4265191179099934,1.9791395719550036,5.202823321658189e-10,0.7006002483786394,0.7159546431023408,0.009055478314207312,0.42897097817006286,0.01787288625511585,0.4150810429880197,0.02790555302779892,0.4213991769547325,0.018181664225822635,0.6532856353067609,0.044785415707093434,0.41199439185061254,0.014733394566636603,True
5,Ensemble,1.7969473586359705,1.5761911125540293,2.048622012895727,1.891348437884402e-18,0.7514143783634607,0.7447677895156469,0.01838435381521117,0.508038258038258,0.07633631431098138,0.32100070472163494,0.19085405017226761,0.35600312256049965,0.1163567692729753,0.6868241779523512,0.049507475182716976,0.44747383368219346,0.05990288059559805,True
