{
    "SVM": 0.6176809293621963,
    "RandomForest": 0.5541814444718166,
    "XGBoost": 0.5393225431442259,
    "LogisticRegression": 0.5786126300287966,
    "ANN": 0.5421738028526305
}