,Model,HR,CI_lower,CI_upper,p,cindex,accuracy_mean,accuracy_std,precision_mean,precision_std,recall_mean,recall_std,f1_mean,f1_std,roc_auc_mean,roc_auc_std,pr_auc_mean,pr_auc_std,Sig
0,SVM,2.8733575917768928,2.0158138190027817,4.095707536277443,5.339031971989837e-09,0.6499241065268387,0.7178924988372866,0.03216409178818548,0.42568990559186637,0.07133726711520354,0.3232910500352361,0.03462202792434755,0.36501153691039995,0.041785032049654655,0.6700628828535805,0.031886933081911935,0.42588818923551114,0.05470983343071575,True
1,RandomForest,2.7127823782535425,1.9943459350226929,3.69002593909527,2.0482656824888742e-10,0.6873878846419208,0.7179257192213142,0.07786175343165684,0.5228977081226828,0.13004073159722276,0.5133897110641297,0.21103265603041338,0.4615030876363158,0.06284457310349996,0.6863380369260894,0.024871712936531214,0.47342448789711966,0.05578001629546146,True
2,XGBoost,4.165915262143505,2.981407162026723,5.821026457708842,6.27442232805518e-17,0.7182799779218987,0.7639470245609372,0.01356542855620839,0.5330620780578729,0.03314977858549416,0.4390415785764623,0.07138937991334218,0.47865840400086973,0.048993690091280566,0.6835176968720375,0.029698396642464417,0.48589051798179456,0.06805683430016592,True
3,LogisticRegression,3.3069747912701635,2.394356485427601,4.5674411210924175,3.8896445540204414e-13,0.6912860493997516,0.7332735366420836,0.025220566078056735,0.45792009717137344,0.05456268131013444,0.41613812544045103,0.0896811929097145,0.434427329776167,0.07299060408021069,0.6786978126317732,0.013431365278407624,0.4649561558325173,0.06872189353625724,True
4,ANN,2.9422789124410422,2.0880793064350107,4.145917816395295,6.927386727013882e-10,0.661584103767076,0.7082585874692712,0.0019262094232043653,0.39809809809809815,0.006875645549979746,0.3308668076109937,0.013061136710958873,0.36128691983122363,0.009696611978296537,0.6402307497816109,0.01672462217024475,0.3964161521897846,0.014243336434224721,True
5,Ensemble,3.1954098767013708,2.259539203095713,4.518905565405299,5.02592910548864e-11,0.686214985511246,0.7351117312249462,0.01267522967762779,0.4649723036819811,0.038230237337670246,0.3847780126849894,0.058893819353844044,0.41828594474692476,0.0377610043227532,0.681072275555677,0.038184975098974235,0.4665066813316507,0.05763737172074212,True
