,Model,HR,CI_lower,CI_upper,p,cindex,accuracy_mean,accuracy_std,precision_mean,precision_std,recall_mean,recall_std,f1_mean,f1_std,roc_auc_mean,roc_auc_std,pr_auc_mean,pr_auc_std,Sig
0,SVM,2.98549532685387,2.1546405858431608,4.136737423971971,4.929963154582564e-11,0.675745135918311,0.7236506987354107,0.024384898363091857,0.44502310524625005,0.044910405287601325,0.3930584918957012,0.07158086640672101,0.41243386243386243,0.047796553348790106,0.6665959565613391,0.03677900297251408,0.4249418495724617,0.05614414204736038,True
1,RandomForest,2.9609570653530897,2.167829314162503,4.044260627710646,8.866559238111618e-12,0.6802469987581068,0.7140389342900804,0.01113763435190764,0.42590979481223384,0.023278454646922027,0.4311134601832276,0.05705036117565339,0.4278757418292302,0.03953117387428308,0.6797651265829856,0.008916257594930118,0.47560510241990356,0.061249256193102404,True
2,XGBoost,2.3201565867561187,1.6288376383927472,3.3048883818645014,3.1183250428547992e-06,0.6444045812060163,0.735067437379576,0.02124777078203314,0.4753086419753087,0.03491885339192827,0.3613460183227624,0.15293291644430726,0.3852460917029555,0.09996705638394665,0.6687699690096282,0.031226702394997988,0.47686861356383,0.039164146906179496,True
3,LogisticRegression,2.8452252022052966,2.04347575627512,3.9615377997047663,5.948460887495862e-10,0.669207948116462,0.7178703519146015,0.011946330111619998,0.4267082849399923,0.02649023819351462,0.37737843551797035,0.05062972522126025,0.3988107523711239,0.03449797892864975,0.6669868536103225,0.009395408352974111,0.4217595282837719,0.022553535356628057,True
4,ANN,3.287339121981092,2.369628290597142,4.560461463845949,1.036768937777374e-12,0.693597350627846,0.7371271011892898,0.03714659907446043,0.47699097880727354,0.08613822114400885,0.4378083157152924,0.07104812207491938,0.4542124542124542,0.06867521340385593,0.653738821389274,0.028112864890133597,0.4306898161399549,0.02596775946999393,True
5,Ensemble,3.450162286337766,2.3734099356694207,5.015408262673352,8.676432480585075e-11,0.659341796605492,0.7619980953646491,0.0024520654338141754,0.5411429529076588,0.010840262529777942,0.32311486962649755,0.07603322681409369,0.39846710666382795,0.057027733985791765,0.6780081537493219,0.03502483631545897,0.4605242466526067,0.03318622119325175,True
