,Model,HR,CI_lower,CI_upper,p,cindex,accuracy_mean,accuracy_std,precision_mean,precision_std,recall_mean,recall_std,f1_mean,f1_std,roc_auc_mean,roc_auc_std,pr_auc_mean,pr_auc_std,Sig
0,SVM,1.7429740680749728,1.4865044137370926,2.0436929577251304,7.833074086819789e-12,0.7377708017110528,0.7236506987354107,0.024384898363091857,0.44502310524625005,0.044910405287601325,0.3930584918957012,0.07158086640672101,0.41243386243386243,0.047796553348790106,0.6665959565613391,0.03677900297251408,0.4249418495724617,0.05614414204736038,True
1,RandomForest,1.8194169882693736,1.5498657282102595,2.135848362184131,2.558822806498816e-13,0.7208500068994067,0.7140389342900804,0.01113763435190764,0.42590979481223384,0.023278454646922027,0.4311134601832276,0.05705036117565339,0.4278757418292302,0.03953117387428308,0.6797651265829856,0.008916257594930118,0.47560510241990356,0.061249256193102404,True
2,XGBoost,1.1312654506756674,0.9910845181435322,1.2912738484600983,0.06765689668377677,0.6188422795639575,0.735067437379576,0.02124777078203314,0.4753086419753087,0.03491885339192827,0.3613460183227624,0.15293291644430726,0.3852460917029555,0.09996705638394665,0.6687699690096282,0.031226702394997988,0.47686861356383,0.039164146906179496,False
3,LogisticRegression,1.261154775257946,1.1274203767997821,1.4107527235498762,4.9718119222525285e-05,0.6931488891955292,0.7178703519146015,0.011946330111619998,0.4267082849399923,0.02649023819351462,0.37737843551797035,0.05062972522126025,0.3988107523711239,0.03449797892864975,0.6669868536103225,0.009395408352974111,0.4217595282837719,0.022553535356628057,True
4,ANN,1.6875857595663828,1.4308049330874475,1.9904500117607475,5.174590729185085e-10,0.7301987029115496,0.7371271011892898,0.03714659907446043,0.47699097880727354,0.08613822114400885,0.4378083157152924,0.07104812207491938,0.4542124542124542,0.06867521340385593,0.653738821389274,0.028112864890133597,0.4306898161399549,0.02596775946999393,True
5,Ensemble,1.7989561108637253,1.51088303341565,2.1419547491361874,4.2533526515286425e-11,0.7477576928384159,0.7619980953646491,0.0024520654338141754,0.5411429529076588,0.010840262529777942,0.32311486962649755,0.07603322681409369,0.39846710666382795,0.057027733985791765,0.6780081537493219,0.03502483631545897,0.4605242466526067,0.03318622119325175,True
