,Model,HR,CI_lower,CI_upper,p,cindex,accuracy_mean,accuracy_std,precision_mean,precision_std,recall_mean,recall_std,f1_mean,f1_std,roc_auc_mean,roc_auc_std,pr_auc_mean,pr_auc_std,Sig
0,SVM,1.8602193755667407,1.6154833423900195,2.142031449308798,6.4513914873492516e-18,0.7493963019180351,0.7235953314286979,0.00537077715629851,0.43660968660968663,0.009608787438199451,0.3847780126849894,0.11490636990867813,0.40101703534197813,0.0675158281726271,0.7013937287636915,0.027812029275062447,0.44616649621762133,0.01822530863954201,True
1,RandomForest,1.8705511571154505,1.5962214567528439,2.192027689255479,1.000213099227627e-14,0.7420656823513178,0.754357407038292,0.018488535718094095,0.5172609819121446,0.04150298760598899,0.38407329105003524,0.06265288448454649,0.4359588269255112,0.037983709130720904,0.7123292353542664,0.013053510344829124,0.47157143369143406,0.035041461576564334,True
2,XGBoost,1.5272868803086856,1.3264521433399354,1.7585294927336483,3.9239704032366475e-09,0.6944597764592245,0.7619538015192789,0.015780820801600023,0.45802005012531327,0.14729242495160885,0.29175475687103597,0.19656807524332862,0.33517205148410817,0.20911095943055633,0.6901940239770882,0.020962866002569098,0.4394582300147274,0.027939276554504837,True
3,LogisticRegression,1.6979705957635867,1.404547848281969,2.0526920087516687,4.5121722092790814e-08,0.7338898854698496,0.7140610812127655,0.041745404235285756,0.4410331384015594,0.0647506607707708,0.46863988724453837,0.06133102951947731,0.4507062924234086,0.05173638507800212,0.6884136190456092,0.041925936508303854,0.4407329341936408,0.004764934585386812,True
4,ANN,1.662831475504961,1.3889829952322397,1.990671250419227,3.047709404448627e-08,0.7226783496619291,0.7504374017230306,0.01581179386123311,0.5035520035520035,0.03855820172114296,0.4386892177589852,0.022981922282058236,0.4674653897035532,0.016634574722550824,0.6812472455646607,0.023793918871935698,0.4296233559434315,0.013781478405053824,True
5,Ensemble,1.771711052860172,1.5484999255189116,2.0270973237373684,8.456123068369091e-17,0.7737684559127915,0.7600823865523885,0.002067151576121721,0.5295566502463055,0.00870821159096731,0.3461945031712474,0.003737350851937371,0.418622848200313,0.0027664584553464175,0.7243714921684034,0.006975898031585379,0.4841772587063195,0.02006111076923169,True
