,Model,HR,CI_lower,CI_upper,p,cindex,accuracy_mean,accuracy_std,precision_mean,precision_std,recall_mean,recall_std,f1_mean,f1_std,roc_auc_mean,roc_auc_std,pr_auc_mean,pr_auc_std,Sig
0,SVM,3.261275223430875,2.362399082426859,4.502167378103609,6.694322384314186e-13,0.6699496343314475,0.7235953314286979,0.00537077715629851,0.43660968660968663,0.009608787438199451,0.3847780126849894,0.11490636990867813,0.40101703534197813,0.0675158281726271,0.7013937287636915,0.027812029275062447,0.44616649621762133,0.01822530863954201,True
1,RandomForest,3.390552518478673,2.339543720236864,4.913712995027163,1.1202211071298947e-10,0.6855422933627708,0.754357407038292,0.018488535718094095,0.5172609819121446,0.04150298760598899,0.38407329105003524,0.06265288448454649,0.4359588269255112,0.037983709130720904,0.7123292353542664,0.013053510344829124,0.47157143369143406,0.035041461576564334,True
2,XGBoost,2.8674701814850967,1.9020489027947753,4.322909484411579,4.912421712792415e-07,0.6308127501034911,0.7619538015192789,0.015780820801600023,0.45802005012531327,0.14729242495160885,0.29175475687103597,0.19656807524332862,0.33517205148410817,0.20911095943055633,0.6901940239770882,0.020962866002569098,0.4394582300147274,0.027939276554504837,True
3,LogisticRegression,3.005754457494015,2.2065938087201995,4.094346600195116,2.9771802901040132e-12,0.6913377949496343,0.7140610812127655,0.041745404235285756,0.4410331384015594,0.0647506607707708,0.46863988724453837,0.06133102951947731,0.4507062924234086,0.05173638507800212,0.6884136190456092,0.041925936508303854,0.4407329341936408,0.004764934585386812,True
4,ANN,2.2674292485120873,1.6463149420035388,3.1228747706992737,5.374455366451512e-07,0.6098902994342487,0.6736429473124709,0.047920493199986425,0.35114263199369583,0.08177011491867157,0.3153629316420014,0.009701127482689378,0.32890283232748985,0.03897118561841711,0.5818925024321793,0.05796022763560216,0.33768410622151834,0.03966877207716096,True
5,Ensemble,3.653694904052995,2.597615818974771,5.139130411198223,9.742406889167944e-14,0.6698633917483097,0.7485659867561404,0.005115100172878385,0.4959432048681542,0.019260878341100914,0.3539464411557434,0.013233482704872394,0.4125007412678645,0.0021804870202040486,0.7154889787412423,0.02274036055474698,0.47497702087309984,0.01954631754932141,True
