,Model,HR,CI_lower,CI_upper,p,cindex,accuracy_mean,accuracy_std,precision_mean,precision_std,recall_mean,recall_std,f1_mean,f1_std,roc_auc_mean,roc_auc_std,pr_auc_mean,pr_auc_std,Sig
0,SVM,2.7802597741708603,1.9539248413345118,3.9560602579745052,1.3294242381254586e-08,0.6464054091348144,0.7408810045844131,0.02816387246083576,0.5061624649859944,0.1027842003900007,0.3236434108527132,0.05935423577950989,0.38140579384684486,0.016134404456866227,0.683716202431807,0.04185789582613714,0.4470754376321778,0.02524342315764905,True
1,RandomForest,2.64592243941638,1.9598372830189954,3.5721871484262766,2.103429847344857e-10,0.6698806402649372,0.6834872544459948,0.1298123061484894,0.47751625440412626,0.1555733772154474,0.44591261451726566,0.10676387405192887,0.42466689250225836,0.06526037535511223,0.7073171251495413,0.06440946874545571,0.460760813557961,0.057737262983539046,True
2,XGBoost,2.4810439444209536,1.8448037907801444,3.3367120584378065,1.8484128985650376e-09,0.6654995170415344,0.6853918897969127,0.08299488432377654,0.4747880410531013,0.14586718435859874,0.47568710359408034,0.20521561771449895,0.4089906631962707,0.09493572643047558,0.6767233402729586,0.048814746232120926,0.44718281617324535,0.07339337207448808,True
3,LogisticRegression,2.775095814797849,2.061889044659896,3.735000581749939,1.6473230051582695e-11,0.6747102249206568,0.6968197019024207,0.03125424780447792,0.409193980622552,0.0483861288617772,0.4540169133192389,0.015696873578136882,0.4291178837126249,0.02932451420775317,0.6513143803353283,0.06346500317019596,0.4328818218638193,0.040765436818683005,True
4,ANN,3.2952250410090644,2.3932486732848197,4.53714158169343,2.715113869577686e-13,0.6851110804470816,0.7332070958740283,0.007067280481382378,0.4587798630351822,0.023433353700105665,0.4145525017618041,0.07707807308495074,0.4334104491999229,0.051016393356558415,0.6731527747948838,0.052335556082083665,0.4239063311097285,0.04504552954374723,True
5,Ensemble,3.165233363537435,2.270463011456062,4.412625176054045,1.0667007761576722e-11,0.6820063474541189,0.7370828073439196,0.02173944119287893,0.4853018944224967,0.035445829254583824,0.3905919661733615,0.16768839827385917,0.4065637065637066,0.08748561056126003,0.7022111417193967,0.0636785344591907,0.4754174384478856,0.07458959559290222,True
