,Model,HR,CI_lower,CI_upper,p,cindex,accuracy_mean,accuracy_std,precision_mean,precision_std,recall_mean,recall_std,f1_mean,f1_std,roc_auc_mean,roc_auc_std,pr_auc_mean,pr_auc_std,FDR,Sig
0,SVM,4.005345653073924,2.545350292369008,6.302784276370397,1.9856779838782448e-09,0.6890996687744655,0.8070175438596491,0.03729264419046586,0.47228758169934637,0.10574977579016522,0.44480286738351255,0.06120747298151408,0.4561133879781421,0.0800846105025818,0.7654597582188521,0.047018512098597136,0.4690163402236404,0.11370797055847355,2.9785169758173674e-09,True
1,RandomForest,3.9764215681611503,2.477369663684241,6.382547069791086,1.0801567348685033e-08,0.6471695272508281,0.8265107212475633,0.01929726108501299,0.55988455988456,0.12795098758614207,0.35842293906810035,0.09387670862873689,0.4199324425313125,0.06275761214066242,0.7838092332944769,0.057570562097292,0.5051241651404309,0.13001323696827452,1.2961880818422039e-08,True
2,XGBoost,5.15441005391813,3.234189118524627,8.214715352221601,5.3484861270109025e-12,0.690943992773261,0.8421052631578947,0.02981882756487008,0.5621212121212121,0.11477210220851893,0.4544802867383512,0.16951851528088052,0.4953513071895425,0.13765336700517694,0.7496746231475125,0.050967040815942735,0.46799554191832354,0.11787525930831491,1.6045458381032707e-11,True
3,LogisticRegression,3.587924691386681,2.4812805262816298,5.188129054619065,1.1244490920855845e-11,0.7110809996988858,0.7699805068226121,0.007293679116518423,0.4044306167718146,0.007783212185748824,0.6075268817204301,0.11949521919834875,0.4820852459807996,0.04170028858508689,0.7512657377448043,0.05161414892935237,0.43361653637602354,0.08509851715912288,2.248898184171169e-11,True
4,ANN,3.100659326485024,2.0273104604735988,4.74228710716198,1.791019895697205e-07,0.656541704305932,0.7894736842105262,0.014324501419784667,0.3959899749373433,0.08012214217115679,0.42150537634408597,0.16153386630721656,0.40385956754243196,0.12230966354218074,0.7499095771916635,0.08462736374228093,0.41390966864162326,0.11139369011093546,1.791019895697205e-07,True
5,Ensemble (Mean),4.889113083126759,3.121846860156871,7.6568223267684905,4.091826539465311e-12,0.7133393556157783,0.8382066276803118,0.023553695854960192,0.5454545454545454,0.06428243465332249,0.49856630824372755,0.13113676063209853,0.5179677314211213,0.10001511574562846,0.7811668173713473,0.05946465840195811,0.4932691422235603,0.12980979025423042,1.6045458381032707e-11,True
