,Model,HR,CI_lower,CI_upper,p,cindex,accuracy_mean,accuracy_std,precision_mean,precision_std,recall_mean,recall_std,f1_mean,f1_std,roc_auc_mean,roc_auc_std,pr_auc_mean,pr_auc_std,FDR,Sig
0,SVM,3.949658764561243,2.708724069450541,5.759096887133222,9.441338367133792e-13,0.6857309545317676,0.8011695906432749,0.04554901148361764,0.46354354354354355,0.11805687491206215,0.44480286738351255,0.06120747298151408,0.45098279096321675,0.08728787668802851,0.7653021538059287,0.047229270159660094,0.4688456250521286,0.11392956638726505,1.4162007550700689e-12,True
1,RandomForest,3.9638901076823476,2.6954557008128637,5.829227607429647,2.5737390419953176e-12,0.6643894911171334,0.8148148148148148,0.022054012668586278,0.5003607503607505,0.07665075071579074,0.3917562724014337,0.09675959003049353,0.4255761815083849,0.06308953648743561,0.7815455763636958,0.04750106785009303,0.49461409337731377,0.11723772991996587,3.088486850394381e-12,True
2,XGBoost,5.343955628716306,3.693579138783782,7.731758462089482,5.944578367910395e-19,0.7268518518518519,0.8304093567251462,0.033081019002879415,0.5416666666666666,0.10474837574980446,0.5426523297491039,0.14223204960844052,0.5294868254271734,0.08972412950874781,0.7636881611486964,0.055459886480864494,0.4971102456410874,0.12598954050113947,1.7833735103731187e-18,True
3,LogisticRegression,3.778987254008412,2.6243384752595427,5.441655030624697,8.923602318230085e-13,0.7121160794941283,0.7719298245614036,0.009549667613189778,0.4079868045385287,0.004114069643029462,0.6075268817204301,0.11949521919834875,0.48428015379467143,0.039610192213269876,0.7514233421577279,0.05144336969857445,0.4330361062784756,0.08550242245571175,1.4162007550700689e-12,True
4,ANN,3.319766660106231,2.2724453697041356,4.849775851371844,5.486298417937831e-10,0.6693766937669376,0.7914230019493177,0.03387553059840696,0.4543859649122807,0.10789117095804769,0.4132616487455197,0.09327126313124567,0.4124751349815288,0.03645325172612517,0.7196656898098214,0.04342321574806026,0.42627847139432085,0.08445274940021484,5.486298417937831e-10,True
5,Ensemble (Mean),5.654577527920585,3.893316762067363,8.212598402161877,9.164786052270914e-20,0.7176490514905149,0.8343079922027291,0.011027006334293139,0.5386549707602339,0.0433278480637796,0.5096774193548387,0.1204685038637498,0.5180500658761528,0.07063889762274655,0.7734534613052116,0.053047279307325806,0.4941355016907362,0.12095371200738454,5.498871631362549e-19,True
