,Model,HR,CI_lower,CI_upper,p,cindex,accuracy_mean,accuracy_std,precision_mean,precision_std,recall_mean,recall_std,f1_mean,f1_std,roc_auc_mean,roc_auc_std,pr_auc_mean,pr_auc_std,Sig
0,SVM,2.9699119140237857,2.1259859151551543,4.148840645737164,1.747799163458875e-10,0.6688802263005381,0.7485659867561404,0.01422397208730629,0.505072463768116,0.047173857387709524,0.40856236786469347,0.08853762344649962,0.44251392256278504,0.0484450575518506,0.7192275828792782,0.02531809058773818,0.471417976867075,0.035386100111827155,True
1,RandomForest,3.9277656327831,2.7779540589015057,5.553491000557621,9.812971803489117e-15,0.6795743066096316,0.7638916572542245,0.020730962918776148,0.6294573643410852,0.19136142128987088,0.37825933756166313,0.12429324933952504,0.430280409608575,0.06900029187043956,0.727407050609607,0.007745202408967559,0.4978054892339503,0.06490800931074174,True
2,XGBoost,3.735384678707881,2.7002316982491927,5.167370898939024,1.7283431790865003e-15,0.6942872912929489,0.767689854494718,0.02887462322855566,0.5641025641025642,0.09465209025577523,0.42318534178999295,0.0485056374134468,0.4766382019806677,0.031001355925674913,0.7321411930279319,0.008435606416839467,0.5241581066902992,0.05681584745851528,True
3,LogisticRegression,3.1976805151891923,2.313268117852081,4.420222886534614,1.964997155968826e-12,0.6994273492479647,0.7389431488494673,0.018058985621970267,0.47582864290181365,0.04451423522893983,0.43816067653276963,0.02765639630433642,0.45611015490533563,0.03535738138412071,0.6990709302532488,0.02645147180055411,0.46973890901770354,0.06130965472663928,True
4,ANN,1.8988594291952012,1.4278116270977343,2.525310106328694,1.0421701788983694e-05,0.623516627570029,0.5872478019179236,0.15333462505801965,0.4471899224806202,0.21455357123990026,0.602536997885835,0.2400671254054141,0.4167531091405945,0.01298911821899082,0.613200505926407,0.08420578579884269,0.38323633350531056,0.11853435778546047,True
5,Ensemble,3.9053472609561286,2.782675557291266,5.480961367808183,3.3242786907273565e-15,0.6803677383744998,0.7658073660664849,0.019310052896060553,0.5606060606060606,0.08570991287109665,0.38495419309372797,0.04220467790644134,0.450115974560419,0.0176185904403183,0.7437639790826371,0.010425609954831012,0.5132600641949889,0.05634940409495325,True
