,Model,HR,CI_lower,CI_upper,p,cindex,accuracy_mean,accuracy_std,precision_mean,precision_std,recall_mean,recall_std,f1_mean,f1_std,roc_auc_mean,roc_auc_std,pr_auc_mean,pr_auc_std,Sig
0,SVM,1.9526415967787432,1.7050762180869974,2.2361517714137165,3.8779301113658993e-22,0.7615910031737271,0.7446681283635638,0.02723347567821566,0.512987012987013,0.09743289572056167,0.36980267794221283,0.059791903516787,0.41776267315060417,0.013547515811462966,0.7241356711221792,0.016347348229092406,0.47303994400874844,0.04178411772621759,True
1,RandomForest,1.9670448289500266,1.6747370446984928,2.3103718708244334,1.6902455155355957e-16,0.7691113564233476,0.7561734546984696,0.03509396015734057,0.5715852130325815,0.17134515207341933,0.35429880197322056,0.0504239287102534,0.42079772079772076,0.025983780662040677,0.7238524272342842,0.006240807315176298,0.49625280436832897,0.05468979613115527,True
2,XGBoost,1.1795022438414307,1.037885672814631,1.3404419963271292,0.011413631097397712,0.6219470125569201,0.7504927690297434,0.006684611217557186,0.5005460005460005,0.011708815896263887,0.4464411557434813,0.06278947171572298,0.46955559936044855,0.03346626813290285,0.7054991771350726,0.02053672881715944,0.4740442666326534,0.024371144342644816,True
3,LogisticRegression,1.6485437405879344,1.279678389593616,2.1237339684189798,0.00010960695349237965,0.7338208914033393,0.7388877815427546,0.04310148210488604,0.5066604823747681,0.1229493935099836,0.4311134601832276,0.033036527960962236,0.4547726136931534,0.0268690256920286,0.6985617450778111,0.026468716349161807,0.47440875427276313,0.06161024489718589,True
4,ANN,1.3884228615668521,1.1998111646747478,1.6066845344317693,1.0561859341484097e-05,0.6154615703049537,0.6968307753637633,0.03729014372569772,0.4191514094739901,0.04906612850219099,0.4843199436222692,0.04668814073039744,0.4443139519958927,0.007331593239051925,0.650604734338979,0.02732335977213206,0.44647130955148756,0.014453727701520844,True
5,Ensemble,1.9933708354398276,1.7362130386755297,2.2886173522883353,1.2578242187419454e-22,0.7771491651717952,0.7619427280579364,0.027199455268932964,0.5500658761528326,0.10460419525450339,0.4157857646229739,0.08443141650544907,0.46306757166268014,0.05090383051091274,0.7310780999579153,0.005347410916688045,0.49166987213802277,0.05305027641875872,True
