,Model,HR,CI_lower,CI_upper,p,cindex,accuracy_mean,accuracy_std,precision_mean,precision_std,recall_mean,recall_std,f1_mean,f1_std,roc_auc_mean,roc_auc_std,pr_auc_mean,pr_auc_std,Sig
0,SVM,2.904861385593583,2.0979209166229507,4.022181962462045,1.3419929985199058e-10,0.6628604939975162,0.7331517285673156,0.020312670451457838,0.4674603174603175,0.03638696313126237,0.39235377026074697,0.057122133607632714,0.42143546119299374,0.019504359687956177,0.6697346886500091,0.02044064017894793,0.42387471158856416,0.027954847898338825,True
1,RandomForest,3.631330735417874,2.60175813932713,5.068327724498189,3.431121272103942e-14,0.675106940803091,0.7600491661683609,0.023438293464845782,0.5412832529447315,0.07842798303933544,0.38495419309372797,0.056775486414101545,0.44357864357864357,0.03205672443881524,0.7078756470466039,0.013857437882950002,0.4860406715463137,0.04725770388003289,True
2,XGBoost,3.0545438137758314,2.218123891597479,4.206364642489209,7.924422658893215e-12,0.6592038084724714,0.727426749053219,0.018072031399866368,0.45445134575569357,0.0323074255369094,0.39992952783650454,0.057332039463809964,0.4208030168643601,0.022536726237606518,0.7083690763346363,0.012610923636221861,0.4608214726937036,0.024637722672975686,True
3,LogisticRegression,3.8714127066207,2.8530659932955005,5.253238579200253,3.558335873366979e-18,0.7220229060300815,0.7485549132947976,0.003111504708523518,0.49659863945578236,0.00481025021215339,0.5005285412262156,0.052164278966390726,0.4969669636726352,0.024606979503774568,0.6782869905406742,0.03241597347338251,0.455910636555934,0.05373468300177155,True
4,ANN,1.8721010300871002,1.329403005777473,2.636342968702328,0.0003305000257802959,0.5851559265903132,0.6890793524239807,0.024575920303069685,0.3507638072855464,0.021448711701730502,0.2841789992952784,0.06967172269358185,0.3085858585858586,0.04727553302560226,0.605641269790036,0.02083961618749472,0.34961460243320075,0.007014865750438426,True
5,Ensemble,3.399225412732523,2.4369966970997816,4.741382464866544,5.750752681006702e-13,0.6817993652545881,0.7389874426948375,0.014670351278887765,0.472101133391456,0.028812506511672404,0.4002818886539817,0.06258150323972747,0.43152826028643027,0.04445838065675778,0.6990615677594197,0.008157933164117356,0.4591848440701764,0.026152746697208858,True
