,Model,HR,CI_lower,CI_upper,p,cindex,accuracy_mean,accuracy_std,precision_mean,precision_std,recall_mean,recall_std,f1_mean,f1_std,roc_auc_mean,roc_auc_std,pr_auc_mean,pr_auc_std,Sig
0,SVM,1.8555829563044026,1.612986946623834,2.1346658228911104,5.252163386378225e-18,0.7407375465709949,0.7313135339844529,0.029928007787350885,0.46071027737694403,0.054250018094865224,0.36909795630725856,0.04901553017396497,0.40644355644355645,0.039432224273353744,0.6713939294624542,0.02749940157903195,0.4260012210197059,0.028179784789679467,True
1,RandomForest,1.892611307783929,1.5971900474119676,2.2426746072927948,1.7367972909626677e-13,0.7690078653235821,0.7600934600137311,0.031114483530250214,0.5287942032128079,0.06738206784025319,0.461768851303735,0.02320905243842657,0.491764173540102,0.03930360542629881,0.6975864939250346,0.015797320467798564,0.4815827981120557,0.04170224984717302,True
2,XGBoost,1.1281027635185317,0.9871545787221999,1.2891758519779721,0.07670960714502593,0.6549951704153443,0.7581223838947578,0.028851452489712433,0.5165118679050568,0.06276936552057759,0.4390415785764623,0.07138937991334218,0.4742006964229186,0.06771040568433112,0.7283298200704555,0.011827704160662535,0.49778340408781885,0.03361790700946554,False
3,LogisticRegression,1.6974287411492222,1.463832166043844,1.9683023765397534,2.4809098751768766e-12,0.7378225472609355,0.7255442606249861,0.017503587447553155,0.4353872053872054,0.036229675934423215,0.354122621564482,0.09828403762166431,0.38542934415145363,0.06966545803082949,0.6559656672695905,0.0345583750523003,0.433764455439982,0.03209683220352559,True
4,ANN,1.525136736078361,1.3137156707942834,1.7705825662636816,2.9599416797040682e-08,0.6782461708293087,0.7197860607268621,0.01319349827549683,0.42824074074074076,0.02909677104161234,0.3851303735024665,0.08949826038111827,0.40228327228327226,0.05822506371289343,0.6256248869776297,0.01634776041308473,0.3822693384156384,0.05055887602257227,True
5,Ensemble,2.12625958909033,1.8026219690249892,2.5080021867501747,3.4238613339923817e-19,0.7864978611839382,0.7293092374814519,0.02676499817506877,0.4723443223443224,0.04756336558518782,0.45419309372797745,0.12747769631269118,0.4479341640949516,0.04446973783826404,0.7100587840468898,0.015472637073134954,0.4687946260442845,0.02329833702052183,True
