,Model,HR,CI_lower,CI_upper,p,cindex,accuracy_mean,accuracy_std,precision_mean,precision_std,recall_mean,recall_std,f1_mean,f1_std,roc_auc_mean,roc_auc_std,pr_auc_mean,pr_auc_std,Sig
0,SVM,1.2514639922378539,0.939136286717002,1.6676622403153425,0.12569708928607431,0.5445356699323858,0.5530751002148252,0.2286605813750733,0.3329587585521538,0.1216911052950888,0.4004580690627202,0.07867555067781884,0.33405892207390336,0.06169957081278316,0.5246945033781533,0.1694182804689421,0.331724052197089,0.11012544532746253,False
1,RandomForest,3.9290498753617413,2.8787660665629526,5.362517330736547,6.5318379414693205e-18,0.7123982337518974,0.7466392044825372,0.018782679653081825,0.49319786382352665,0.03302855350893659,0.4691684284707541,0.038406520929488056,0.4801587301587302,0.031606837701174416,0.712627273016941,0.020609806345342672,0.48296622576560116,0.045598301480186905,True
2,XGBoost,4.113966714721527,2.886428359848643,5.86355177397305,5.166075767180431e-15,0.7038084724713675,0.7657962926051426,0.017050462561323698,0.5453634085213033,0.04228984484710667,0.39323467230443976,0.09754223198571872,0.449446027223805,0.07166987135705469,0.6989020536242266,0.025666373070047793,0.4552488098829806,0.025054763422634668,True
3,LogisticRegression,3.03815178997712,2.1800216588484043,4.234070914606013,5.31064527681413e-11,0.6770042776321237,0.7313024605231103,0.02197094726791265,0.45580808080808083,0.03715641153929838,0.39992952783650454,0.11411377934582054,0.4181010168768009,0.07721634536955004,0.6465836518650295,0.03200499405320643,0.42923218012296926,0.0365651272791357,True
4,ANN,3.3358161196615894,2.4088403689997757,4.619512910610449,4.092188373988256e-13,0.6623775355319442,0.7408810045844131,0.02816387246083576,0.4777885513179631,0.06139919749459231,0.36927413671599724,0.05710419895668189,0.4150819484265946,0.05601407007753658,0.6436992899401918,0.033204069029818685,0.42983526335918376,0.06505863011080508,True
5,Ensemble,3.7360231330411233,2.7507165769939657,5.074266453824126,3.237637330977777e-17,0.7079653649786118,0.7465395433304542,0.03920099469833071,0.5100230414746544,0.0660877400693347,0.4934813248766737,0.11158132734865771,0.4887072097915472,0.056344202800217125,0.7053903135742298,0.0261519644297871,0.47040961391965125,0.03207875766034094,True
