,Model,HR,CI_lower,CI_upper,p,cindex,accuracy_mean,accuracy_std,precision_mean,precision_std,recall_mean,recall_std,f1_mean,f1_std,roc_auc_mean,roc_auc_std,pr_auc_mean,pr_auc_std,Sig
0,SVM,2.904861385593583,2.0979209166229507,4.022181962462045,1.3419929985199058e-10,0.6628604939975162,0.7331517285673156,0.020312670451457838,0.4674603174603175,0.03638696313126237,0.39235377026074697,0.057122133607632714,0.42143546119299374,0.019504359687956177,0.6699095138248342,0.02020923786575798,0.42432941507211636,0.027459220870376718,True
1,RandomForest,3.6397321663894027,2.5887275434777335,5.117437049884598,1.0770492604254134e-13,0.6705188353801573,0.7562177485438398,0.018039501226643467,0.5302411549461117,0.06281618667315411,0.3694503171247357,0.06945576053743586,0.4274801587301587,0.034537775409095466,0.7074605213119326,0.013221151060802369,0.48696416526747405,0.04740260687593589,True
2,XGBoost,3.4869841608353034,2.5664800947667947,4.737639914959531,1.3812507969690861e-15,0.6969953084034773,0.7255331871636436,0.032906776108022014,0.4590292197044928,0.05320331721552313,0.469168428470754,0.0057306046396372904,0.4621956553860018,0.024895941662613066,0.6991594859959851,0.025190004512445272,0.4671747600503844,0.04056087068161144,True
3,LogisticRegression,3.8714127066207,2.8530659932955005,5.253238579200253,3.558335873366979e-18,0.7220229060300815,0.7485549132947976,0.003111504708523518,0.49659863945578236,0.00481025021215339,0.5005285412262156,0.052164278966390726,0.4969669636726352,0.024606979503774568,0.6782869905406742,0.03241597347338249,0.4558216502217569,0.053756750733490746,True
4,ANN,2.6025189828948636,1.868675398488155,3.624548737468193,1.519302238067719e-08,0.6560645784462537,0.7312803136004252,0.003142561706664494,0.45725490196078433,0.012163186211192807,0.4157857646229739,0.08443141650544908,0.4314968185935928,0.04542622395844944,0.6596912156427512,0.033286126085847544,0.46522558164975364,0.055513286649801596,True
5,Ensemble,3.7763047623891075,2.7009538430587523,5.279793171990335,7.802730061495876e-15,0.6853180626466124,0.7639248776382521,0.021394242549766008,0.5394238776591718,0.05575378246693838,0.40803382663847776,0.042388874536497714,0.4630432165643433,0.038309443510436886,0.6939482495136676,0.012189839105052143,0.46783857288961633,0.03000268619465093,True
