,Model,HR,CI_lower,CI_upper,p,cindex,accuracy_mean,accuracy_std,precision_mean,precision_std,recall_mean,recall_std,f1_mean,f1_std,roc_auc_mean,roc_auc_std,pr_auc_mean,pr_auc_std,Sig
0,SVM,3.403377857181148,2.3948592735152103,4.836601869198465,8.467951171102848e-12,0.6836967020836208,0.7313135339844529,0.029928007787350885,0.46071027737694403,0.054250018094865224,0.36909795630725856,0.04901553017396497,0.40644355644355645,0.039432224273353744,0.6713939294624542,0.02749940157903195,0.4260012210197059,0.028179784789679467,True
1,RandomForest,3.7221411783161344,2.692298394903731,5.145913609554416,1.8217702172804276e-15,0.7080171105284946,0.7600934600137311,0.031114483530250214,0.5287942032128079,0.06738206784025319,0.461768851303735,0.02320905243842657,0.491764173540102,0.03930360542629881,0.6975864939250346,0.015797320467798564,0.4815827981120557,0.04170224984717302,True
2,XGBoost,4.102630402914305,2.936351376413597,5.732139674467214,1.314562049044748e-16,0.7171933213743618,0.7581223838947578,0.028851452489712433,0.5165118679050568,0.06276936552057759,0.4390415785764623,0.07138937991334218,0.4742006964229186,0.06771040568433112,0.7283298200704555,0.011827704160662535,0.49778340408781885,0.03361790700946554,True
3,LogisticRegression,3.1857505852754366,2.267166888838464,4.476515090947901,2.4506565676224043e-11,0.6653615289085139,0.7255442606249861,0.017503587447553155,0.4353872053872054,0.036229675934423215,0.354122621564482,0.09828403762166431,0.38542934415145363,0.06966545803082949,0.6559656672695905,0.0345583750523003,0.433764455439982,0.03209683220352559,True
4,ANN,2.7137200050283647,1.9716892785643765,3.735008525812553,9.038983914817799e-10,0.6691389540499517,0.7178703519146015,0.03366895709026969,0.4343079922027291,0.05968796910614161,0.4080338266384778,0.042388874536497714,0.42041045302029306,0.049962424215732,0.6564839149252428,0.014868814326306348,0.4350778190971001,0.04456091039281839,True
5,Ensemble,3.73848456747509,2.72942907885923,5.120582531160992,2.1089465496866478e-16,0.6922347178142679,0.7447124222089342,0.014485568901368697,0.4954408336761278,0.030542390087964794,0.4531360112755462,0.09315663020615791,0.46460629334455583,0.042587199463654676,0.7142165589307433,0.015841619718291608,0.47826306294475146,0.02949068251025362,True
