,Model,HR,CI_lower,CI_upper,p,cindex,accuracy_mean,accuracy_std,precision_mean,precision_std,recall_mean,recall_std,f1_mean,f1_std,roc_auc_mean,roc_auc_std,pr_auc_mean,pr_auc_std,Sig
0,SVM,1.798881198382852,1.5574915194940802,2.0776829442682727,1.3835449464068895e-15,0.7502242307161584,0.7331517285673156,0.020312670451457838,0.4674603174603175,0.03638696313126237,0.39235377026074697,0.057122133607632714,0.42143546119299374,0.019504359687956177,0.6697346886500091,0.02044064017894793,0.42387471158856416,0.027954847898338825,True
1,RandomForest,1.8397075333046882,1.5718811511078756,2.153167754262196,3.099313933535693e-14,0.7592797019456327,0.7600491661683609,0.023438293464845782,0.5412832529447315,0.07842798303933544,0.38495419309372797,0.056775486414101545,0.44357864357864357,0.03205672443881524,0.7078756470466039,0.013857437882950002,0.4860406715463137,0.04725770388003289,True
2,XGBoost,1.3369022794697807,1.1584374979803358,1.542860713648821,7.134423105755685e-05,0.6461639299020284,0.727426749053219,0.018072031399866368,0.45445134575569357,0.0323074255369094,0.39992952783650454,0.057332039463809964,0.4208030168643601,0.022536726237606518,0.7083690763346363,0.012610923636221861,0.4608214726937036,0.024637722672975686,True
3,LogisticRegression,1.5474828764220585,1.3379355929564776,1.7898494258066924,4.064069757007966e-09,0.7521043190285636,0.7485549132947976,0.003111504708523518,0.49659863945578236,0.00481025021215339,0.5005285412262156,0.052164278966390726,0.4969669636726352,0.024606979503774568,0.6782869905406742,0.03241597347338251,0.455910636555934,0.05373468300177155,True
4,ANN,1.3735079655697937,1.203214318611655,1.567903657978792,2.6127943152913938e-06,0.6513384848902994,0.6890793524239807,0.024575920303069685,0.3507638072855464,0.021448711701730502,0.2841789992952784,0.06967172269358185,0.3085858585858586,0.04727553302560226,0.605641269790036,0.02083961618749472,0.34961460243320075,0.007014865750438426,True
5,Ensemble,1.8528946279225105,1.6240557454307183,2.113978237411776,4.732340788836111e-20,0.7635573340692701,0.7389874426948375,0.014670351278887765,0.472101133391456,0.028812506511672404,0.4002818886539817,0.06258150323972747,0.43152826028643027,0.04445838065675778,0.6990615677594197,0.008157933164117356,0.4591848440701764,0.026152746697208858,True
