,Model,HR,CI_lower,CI_upper,p,cindex,accuracy_mean,accuracy_std,precision_mean,precision_std,recall_mean,recall_std,f1_mean,f1_std,roc_auc_mean,roc_auc_std,pr_auc_mean,pr_auc_std,Sig
0,SVM,0.9012054252930342,0.6669175321360189,1.2177985724507163,0.4982853579741108,0.5240961777287153,0.5837928819790491,0.22180463771491235,0.36384157880508244,0.11793984664325385,0.33632840028188865,0.19631605151814924,0.282117303039321,0.014934491327568324,0.601612004186121,0.16514876440115508,0.36331066270876544,0.10087854756768319,False
1,RandomForest,3.8857163420529957,2.8454390292401315,5.306313484752408,1.368752151062312e-17,0.7189354215537463,0.746594910637167,0.03698920324191055,0.4979969274904727,0.07616303857754968,0.49312896405919665,0.07608913465629237,0.49251326292825626,0.0648269872916079,0.7195993825099097,0.03402017406465545,0.4879117043855489,0.053362265305192745,True
2,XGBoost,2.328414135790103,1.7450073019457026,3.1068708891373267,9.284042980211761e-09,0.6844728853318615,0.6566119637676345,0.1115605270328674,0.41071428571428575,0.08117965295824914,0.5322410147991543,0.18966064443970926,0.4334614079019221,0.04187991622158471,0.6975292844323556,0.031254605550740173,0.4554683320473714,0.04510164264414479,True
3,LogisticRegression,3.2127216227168027,2.3059080143438146,4.476145692224963,5.29298316196098e-12,0.6662584517731475,0.727426749053219,0.018072031399866368,0.4473684210526316,0.037216146378239355,0.37702607470049326,0.013408243545060206,0.40895469079750923,0.02313808238231816,0.6951764328339864,0.03270183169750371,0.45283770932173434,0.051018553885718354,True
4,ANN,3.1628907143438556,2.318298594988626,4.31518083671688,3.732250938038363e-13,0.6744170001379881,0.7160210838703961,0.048398199212410245,0.4503591954022988,0.0780756301267275,0.4307610993657505,0.028492245183813016,0.43391796322489395,0.02678686659288332,0.6695344036991472,0.0315411928898785,0.46177315050092793,0.03223666949369647,True
5,Ensemble,4.0933309985809805,2.8312233946364973,5.918063087386716,6.73204802356524e-14,0.6718814681937353,0.76582951298917,0.01654470736038043,0.5565656565656565,0.05804346625680259,0.3386187455954898,0.023861878722109948,0.41933809468056044,0.021752486301183115,0.7104267352270193,0.03550661338513385,0.4637720877541626,0.03418419457776527,True
