,Model,HR,CI_lower,CI_upper,p,cindex,accuracy_mean,accuracy_std,precision_mean,precision_std,recall_mean,recall_std,f1_mean,f1_std,roc_auc_mean,roc_auc_std,pr_auc_mean,pr_auc_std,Sig
0,SVM,1.8469261601823108,1.575265587898878,2.1654356366126297,4.0904856683945514e-14,0.7613495239409411,0.744712422208934,0.00998666605004492,0.46833930704898447,0.040698061501265134,0.2915785764622974,0.12409230538920901,0.34641687141687144,0.11642839495063048,0.6983613359833846,0.025740188422368394,0.43847339643103295,0.025047415962569188,True
1,RandomForest,2.084795336990059,1.7537758298487893,2.4782937038824624,8.213866770987988e-17,0.7614185180074513,0.75626204238921,0.022898124171060522,0.5541407281644972,0.08962052717980788,0.3225863284002819,0.0966178887223083,0.38833423223667124,0.07127912642588456,0.720020053323799,0.03359375136542494,0.4815561010134323,0.06212539067538219,True
2,XGBoost,1.4635356383328122,1.2100145615832505,1.7701742050670886,8.70370776950571e-05,0.7220919000965917,0.7600602396297035,0.019733846413713837,0.5098484848484849,0.049666010312375025,0.37121212121212116,0.18434718541198725,0.4059875867104783,0.1612355876944616,0.711301068007086,0.024657427034128404,0.48461898356459304,0.04995763685020043,True
3,LogisticRegression,1.158882600015024,1.06708976172236,1.2585716111172025,0.000461363343529948,0.7622809438388298,0.7331738754900007,0.043797822839186165,0.471882408724514,0.08719523589760943,0.44608879492600423,0.05727787392872757,0.4568645477628929,0.06702122755203276,0.6949257145600125,0.032133941848835605,0.4589886092138597,0.054519034423589484,True
4,ANN,1.4428585770823679,1.2413414257678712,1.6770896630412266,1.7820869008787795e-06,0.6664826824893059,0.6316966757469049,0.1999655834735126,0.45881912010609466,0.15567875368633768,0.5750528541226215,0.1721800958183677,0.46197587019504827,0.05456080377731958,0.6238811768147824,0.07509674495511226,0.40545760051109153,0.1018365544339268,True
5,Ensemble,1.8355036469100172,1.5516649153071482,2.171263656595002,1.3838192745345918e-12,0.780288395198013,0.7581777512014706,0.03369319300409597,0.5492626493770659,0.09841003567569513,0.31518675123326284,0.04210748626516086,0.39479472140762467,0.0430444110948136,0.7227937722967015,0.02733019241573025,0.4664065443378747,0.04828005924202943,True
