,Model,HR,CI_lower,CI_upper,p,cindex,accuracy_mean,accuracy_std,precision_mean,precision_std,recall_mean,recall_std,f1_mean,f1_std,roc_auc_mean,roc_auc_std,pr_auc_mean,pr_auc_std,Sig
0,SVM,1.701722488848411,1.4708773514095346,1.9687973482475218,8.827998602887791e-13,0.7356664826824894,0.7485659867561402,0.0020358310976956303,0.4946236559139785,0.007603298722435988,0.40732910500352365,0.0438855460942643,0.44576402804250903,0.029739061059756176,0.69323071005567,0.03472874530486447,0.42930480472731053,0.030891165083439073,True
1,RandomForest,1.9213203508701717,1.6473244961325244,2.2408893325719763,8.910621651659396e-17,0.7590037256795915,0.7486102806015104,0.023130904894792807,0.5374229691876752,0.08300959643309377,0.30849189570119806,0.1436519782047739,0.3613299068224059,0.07949708764984569,0.7197468961005264,0.024289213433973406,0.468264303084021,0.02468586954669944,True
2,XGBoost,1.5219096737356743,1.2985893303552467,1.7836347495451823,2.1366035416869483e-07,0.7154684697116048,0.7619980953646491,0.0024520654338141754,0.7008928571428571,0.21213579233065574,0.20630725863284002,0.13948170803586823,0.2723196881091618,0.14646862695104254,0.7230681192291346,0.02640833943637471,0.4548563779018669,0.021929998558180255,True
3,LogisticRegression,1.103694423533653,0.9586087464841245,1.2707388546234761,0.1700351466049292,0.6923899544639162,0.7217682103071777,0.03237970606829768,0.45768921095008047,0.04959739083379313,0.4987667371388301,0.11494553193209699,0.46797518290930046,0.04330185256341554,0.680787997138077,0.06349373710342439,0.43704266780808104,0.0584011507839131,False
4,ANN,1.6650184911467354,1.3988685970800092,1.9818062837691885,9.625983466682815e-09,0.7240582309921346,0.7158882023342857,0.03431887382246421,0.44021950271950266,0.06957510081549309,0.3842494714587738,0.04407539479786338,0.40321505913709815,0.009260747234565887,0.6601554298119184,0.020890735400818275,0.43150036192956104,0.02236405383747822,True
5,Ensemble,1.7081364934053727,1.4863191341198398,1.9630577398379574,4.558270499813332e-14,0.7573823651166,0.750525989413771,0.018398821775129054,0.5157894736842105,0.06330392474620601,0.3308668076109937,0.048310711263025455,0.39653145208700763,0.016736791117562322,0.7307529162357852,0.021538182665566175,0.4608027938721535,0.019238559168636097,True
