,Model,HR,CI_lower,CI_upper,p,cindex,accuracy_mean,accuracy_std,precision_mean,precision_std,recall_mean,recall_std,f1_mean,f1_std,roc_auc_mean,roc_auc_std,pr_auc_mean,pr_auc_std,Sig
0,SVM,1.7095019280718586,1.477045667430029,1.9785419682833483,6.459769229404165e-13,0.7319235545743066,0.7639138041769096,0.0006420698077348059,0.5374338624338625,0.006845158218484426,0.39200140944326983,0.06354278068367297,0.45002833931607783,0.04381844402591868,0.6950011731566853,0.03971926287897236,0.44104147661667614,0.033092091933428595,True
1,RandomForest,1.9069895481420933,1.6479301779730213,2.2067737974167505,4.496898723200812e-18,0.7661101145301504,0.7427745664739884,0.010484211446631697,0.4833748626852075,0.02379468315805263,0.4150810429880197,0.06343277690297723,0.4435289048915971,0.03968113133138919,0.7264472346400271,0.017992930551241203,0.46943155068443954,0.019793484657814702,True
2,XGBoost,1.6269696074780933,1.4097901812584728,1.8776057166850926,2.775085408257605e-11,0.7268869877190561,0.75626204238921,0.014698609093040124,0.5186868686868688,0.02969937460199827,0.42265680056377736,0.04303492744540812,0.4631043673942015,0.017560837628118327,0.6973527833194085,0.03380366577847265,0.46454813619274343,0.03709522236953883,True
3,LogisticRegression,1.0573607582503153,0.9297953085812951,1.2024278491935736,0.395164648094226,0.6977024975852076,0.7408920780457556,0.00780598129215822,0.477416440831075,0.02384036715518817,0.4154334038054968,0.03824048430621216,0.4437512557765722,0.029371802993183187,0.6752628739980061,0.04931426996134334,0.438243469288615,0.05979189173364905,False
4,ANN,1.4922777228931232,1.2724519387670357,1.750080088997995,8.505914632774073e-07,0.6914930315992824,0.6852590082608021,0.018343675866225043,0.38427333108184175,0.003366902269219458,0.4298801973220578,0.09011623601491629,0.401009503529319,0.038450450015317404,0.6439394353205822,0.013013782640481105,0.42774337753591,0.016836680130369232,True
5,Ensemble,1.8412379698223815,1.6014887019431459,2.116878662585781,9.794825696114003e-18,0.755174554988271,0.7447567160543042,0.013730761642983839,0.4901658909177706,0.03509600352958758,0.4376321353065539,0.076830819850071,0.45807942768712645,0.04174395022486167,0.7197481582267664,0.0208639873153184,0.48401175687326115,0.017980267872229835,True
