,Model,HR,CI_lower,CI_upper,p,cindex,accuracy_mean,accuracy_std,precision_mean,precision_std,recall_mean,recall_std,f1_mean,f1_std,roc_auc_mean,roc_auc_std,pr_auc_mean,pr_auc_std,Sig
0,SVM,2.6590163494731978,1.9504362481863045,3.6250187379056613,6.209258724096665e-10,0.6891989788878157,0.6949261400128451,0.041052091709043226,0.4225108225108225,0.05481620427911346,0.4991190979563073,0.08943893497683032,0.44793802688539525,0.018961629775860724,0.6629411389841001,0.025913062368020195,0.4465556197390736,0.04450870384331332,True
1,RandomForest,4.269335686813556,3.0076476959169676,6.060293308768894,4.6214179454040325e-16,0.7038084724713675,0.7447788629769893,0.025334317803462767,0.4962962962962963,0.05902732389077491,0.3927061310782241,0.04125556859666635,0.43432567062704047,0.024700694754179697,0.6932160404244551,0.028512323611796522,0.4378893589506519,0.0481982815654248,True
2,XGBoost,3.161011609697108,2.2024603343495803,4.536742042889363,4.2922029670327734e-10,0.6930453980957637,0.7524306247646889,0.011800683870283329,0.5068626229916552,0.029363929297645405,0.4001057082452431,0.013585326038517987,0.4466130687649675,0.012110901396867595,0.6938146400022842,0.019738875296524024,0.45237218774439797,0.017428035294049446,True
3,LogisticRegression,3.2579639959762328,2.3022220446394615,4.610471619708461,2.613349653986715e-11,0.698409686766938,0.7485327663721127,0.010468948976159968,0.49707128731518974,0.023800935561503374,0.43093727977448903,0.015447716854674392,0.4610257183041993,0.009973569490595633,0.6710331372278825,0.030304719343442185,0.43150460136336316,0.031226390386333503,True
4,ANN,1.8443381236650527,1.3505435278420306,2.5186771431495845,0.00011808271328630582,0.6145646474403201,0.6718490465749785,0.044333702971645836,0.3617376775271512,0.025277552665676314,0.38583509513742076,0.14691798265954464,0.3572923205691567,0.060297610518597215,0.6038626649402435,0.041641109028511994,0.3301688904443512,0.032168295726393,True
5,Ensemble,3.675786754355014,2.6073848248537908,5.181977027211324,1.0905223847631076e-13,0.6948564923416586,0.7428410072420437,0.014450396104039111,0.48550724637681153,0.034070816777788324,0.3928823114869626,0.07101797092529633,0.42954821837383017,0.03868876882734787,0.6914929587839227,0.02175954733013777,0.4483192278195232,0.04075608287524861,True
