,Model,HR,CI_lower,CI_upper,p,cindex,accuracy_mean,accuracy_std,precision_mean,precision_std,recall_mean,recall_std,f1_mean,f1_std,roc_auc_mean,roc_auc_std,pr_auc_mean,pr_auc_std,Sig
0,SVM,1.5980636882558954,1.3666425763119106,1.868672611249876,4.26819788416906e-09,0.7175382917069132,0.6949261400128451,0.041052091709043226,0.4225108225108225,0.05481620427911346,0.4991190979563073,0.08943893497683032,0.44793802688539525,0.018961629775860724,0.6629411389841001,0.025913062368020195,0.4465556197390736,0.04450870384331332,True
1,RandomForest,1.8173040380397552,1.556947019552686,2.121198682550188,3.683446378836454e-14,0.7438940251138402,0.7447788629769893,0.025334317803462767,0.4962962962962963,0.05902732389077491,0.3927061310782241,0.04125556859666635,0.43432567062704047,0.024700694754179697,0.6932160404244551,0.028512323611796522,0.4378893589506519,0.0481982815654248,True
2,XGBoost,1.1607689985124332,1.0030336345651503,1.3433095576019194,0.04543420312327356,0.6225162136056299,0.7524306247646889,0.011800683870283329,0.5068626229916552,0.029363929297645405,0.4001057082452431,0.013585326038517987,0.4466130687649675,0.012110901396867595,0.6938146400022842,0.019738875296524024,0.45237218774439797,0.017428035294049446,True
3,LogisticRegression,1.5577015455777905,1.3546054290304665,1.7912478815562638,5.031514146308252e-10,0.7257830826548917,0.7485327663721127,0.010468948976159968,0.49707128731518974,0.023800935561503374,0.43093727977448903,0.015447716854674392,0.4610257183041993,0.009973569490595633,0.6710331372278825,0.030304719343442185,0.43150460136336316,0.031226390386333503,True
4,ANN,1.4545355183086792,1.2444244593211726,1.7001221393346668,2.5125587247432634e-06,0.6816958741548227,0.7102075166655593,0.019033518132859067,0.42087542087542085,0.04068365647674939,0.43058491895701195,0.04158454825068902,0.4256748030479143,0.041129145724743674,0.6477272623819758,0.03358911964626929,0.40734879730263646,0.0523088631312739,True
5,Ensemble,1.8731729876773628,1.6210509088580423,2.1645076182313816,1.745424299004896e-17,0.7487236097695599,0.7447899364383318,0.02525175089896594,0.4988100137787878,0.06216967199157949,0.43851303735024666,0.03827050516610646,0.4619825708061002,0.010793662460492426,0.6925595692549358,0.023522104161594833,0.45842654116485887,0.046166209986020834,True
