,Model,HR,CI_lower,CI_upper,p,cindex,accuracy_mean,accuracy_std,precision_mean,precision_std,recall_mean,recall_std,f1_mean,f1_std,roc_auc_mean,roc_auc_std,pr_auc_mean,pr_auc_std,Sig
0,SVM,1.5742889219675118,1.364199663509911,1.8167323128148718,5.311467990640989e-10,0.7165723747757693,0.7274599694372467,0.023928286948813927,0.45707472178060415,0.03606135523756362,0.3761451726568006,0.09142422243111618,0.40185560053981106,0.045367042641203136,0.6658175660661013,0.019256357407441024,0.43230614799286965,0.03829984036250488,True
1,RandomForest,1.7905990552199433,1.528312061698341,2.0978994126314783,5.644166132090586e-13,0.7377535531944253,0.7620202422873342,0.011324670342638614,0.5488215488215489,0.037417694900493056,0.29950669485553205,0.05354957080060006,0.3829738280126545,0.039901729888774,0.6960712596475068,0.01833540766107497,0.44516646596673676,0.030085888891474392,True
2,XGBoost,1.6303708580602432,1.387339170220353,1.9159764186503165,2.936433153001382e-09,0.7026700703739478,0.7311806524483423,0.03908875701969399,0.48859903381642517,0.06346715687556063,0.34637068357998596,0.2381891363485638,0.34274869368037075,0.1604525257814221,0.7212849934845319,0.023571779114834428,0.45876450896298887,0.0316432469679271,True
3,LogisticRegression,1.4235547130281296,1.198366850310072,1.6910581433892726,5.828196049154302e-05,0.694804746791776,0.7428077868580161,0.005108887532300781,0.4825084825084825,0.0045172753747733186,0.4150810429880198,0.03375315014750682,0.4453896368829049,0.01828191900216198,0.666180861862559,0.03959521398879585,0.4461742297796322,0.013788707630904552,True
4,ANN,1.4368986991918413,1.19400895606854,1.729197977322949,0.00012465024635407713,0.6891127363046778,0.7139946404447102,0.015389258988080268,0.4104938271604938,0.05774162633910404,0.3768498942917547,0.13308817807624554,0.3854565537555228,0.09293052284678043,0.6315980338969865,0.05178399808744805,0.3954505707923704,0.0642697629454202,True
5,Ensemble,1.7370789655431478,1.511986720076752,1.995681107820365,6.256711100456667e-15,0.742859114116186,0.7792726950590216,0.007079623329258535,0.633301481127568,0.058715180601937776,0.2996828752642706,0.04787506082051473,0.40123034859876966,0.035648892269004646,0.7097040024299034,0.02781322550752681,0.4602856041779664,0.048688871105072536,True
