,Model,HR,CI_lower,CI_upper,p,cindex,accuracy_mean,accuracy_std,precision_mean,precision_std,recall_mean,recall_std,f1_mean,f1_std,roc_auc_mean,roc_auc_std,pr_auc_mean,pr_auc_std,Sig
0,SVM,1.896718351085821,1.6354393753187038,2.1997394447254583,2.562520424822089e-17,0.758986477162964,0.7504816955684008,0.0024431478918176363,0.5004884004884005,0.011071458448382553,0.4076814658210007,0.02849986998434277,0.4485925011148846,0.015820876689481695,0.6889441672594522,0.019791334110751898,0.4534690173757429,0.023995961741505537,True
1,RandomForest,1.7969718780629695,1.5316287488580989,2.1082837031863026,6.483463848142357e-13,0.734234855802401,0.7313024605231103,0.02197094726791265,0.4624542124542124,0.03143040714602659,0.41472868217054265,0.08294935875594069,0.43122210630035357,0.046190574889283596,0.7109937299223646,0.02102033828839185,0.4578848318035533,0.017064409126097264,True
2,XGBoost,1.0813583206926916,0.9420892017081968,1.2412156042241835,0.26617152369946523,0.5646129432868773,0.7639138041769096,0.0006420698077348059,0.5338935574229692,0.006338212044249143,0.4230091613812544,0.00622891808656225,0.4720258644309277,0.006354622834927611,0.7051351364772277,0.011275438272618737,0.4677535159393697,0.03303718889074143,False
3,LogisticRegression,1.1233383496884453,1.0097478529326176,1.2497070869879512,0.03249122952832627,0.7455498827100869,0.7217792837685204,0.03707508963977167,0.46190189301455425,0.06296964236564896,0.4846723044397463,0.05720466910105258,0.46558704453441296,0.005725560981267567,0.6924414569985314,0.03339439433123728,0.46069674393671084,0.02995673555208706,True
4,ANN,1.618598665997987,1.3798936038525116,1.8985968441741425,3.308948797890454e-09,0.6910100731337105,0.6546408876486612,0.09715830497630594,0.3943050413638649,0.06220961317777963,0.529245947850599,0.16403824736865544,0.4300717290638903,0.049402023342026126,0.6377851112140123,0.0563582774602446,0.3702832229008792,0.039767922003284564,True
5,Ensemble,1.951081032808418,1.6464156114511193,2.3121240895120008,1.2024849479879276e-14,0.7438595280805851,0.7639359510995947,0.012024249437119487,0.5425724637681159,0.030123712225209934,0.37667371388301624,0.05271534517485006,0.4413131313131313,0.035667008514563156,0.7079396947806321,0.019024233405047213,0.46792072309642324,0.027262633610917342,True
