,Model,HR,CI_lower,CI_upper,p,cindex,accuracy_mean,accuracy_std,precision_mean,precision_std,recall_mean,recall_std,f1_mean,f1_std,roc_auc_mean,roc_auc_std,pr_auc_mean,pr_auc_std,Sig
0,SVM,1.8955806087211855,1.6342714498176283,2.1986713679424286,2.900588642305948e-17,0.7587105008969228,0.7217460633844928,0.03898690071797953,0.4580920871243452,0.05047337404250256,0.4531360112755462,0.0712222240627069,0.44763716316408453,0.015445148407027202,0.6885362418515267,0.019845648839832086,0.45373297420829656,0.02377210481114459,True
1,RandomForest,1.8060061130939926,1.5460633092432385,2.109653635160242,8.978719483175587e-14,0.7422036704843383,0.7370717338825769,0.02556927206018456,0.49074074074074076,0.05707790743489793,0.3375616631430585,0.15655609609653967,0.3654087011574934,0.12320174492601912,0.7109539108740245,0.021121220777181968,0.4628563277144459,0.023351784564402064,True
2,XGBoost,1.3248877978185298,1.1431930383586095,1.5354604322369945,0.00018535048824119756,0.6320028977507934,0.7658405864505128,0.0020828118153347662,0.5386732078557165,0.009494934021306013,0.4378083157152925,0.06297753476513762,0.4802375147202733,0.03556510228361182,0.7174230423697848,0.02042695119977947,0.48830161748900097,0.03648022628525124,True
3,LogisticRegression,1.1229534034753756,1.0094810755114096,1.2491807691769623,0.03287683174814483,0.7443769835794122,0.7236949925807808,0.0369989117878952,0.46513963584526663,0.06235707526635243,0.4846723044397463,0.05720466910105258,0.46729644624381467,0.004978438266219294,0.6917421562992306,0.0332725005263678,0.4602777577717047,0.031076902663843168,True
4,ANN,1.3522699480600622,1.1663147386923594,1.5678735351287578,6.380649499752846e-05,0.6498206154270733,0.6795340287467057,0.0323312948984334,0.38138888888888883,0.04290565302764189,0.4679351656095842,0.14657871194653188,0.41197472172900323,0.07658203972214823,0.6471956486025365,0.049791701342974684,0.38572369700217585,0.03015821776755097,True
5,Ensemble,1.9100103433047801,1.639935303200526,2.224563069293936,8.8401825060316e-17,0.7596591693114392,0.7524084778420038,0.004135993400732914,0.5011340966851584,0.016192122923676576,0.3992248062015504,0.10414751040732095,0.43802681992337167,0.0750861329710254,0.7132136754895498,0.01874585323302011,0.4726941613161257,0.019650861202224857,True
