,Model,HR,CI_lower,CI_upper,p,cindex,accuracy_mean,accuracy_std,precision_mean,precision_std,recall_mean,recall_std,f1_mean,f1_std,roc_auc_mean,roc_auc_std,pr_auc_mean,pr_auc_std,Sig
0,SVM,3.4873899703374787,2.58434444154296,4.705986017076459,3.0927446612949374e-16,0.7071546846971161,0.7484884725267426,0.03390045377946648,0.512775008308408,0.07587342891029983,0.5466878083157153,0.05262871833129834,0.5214648307627434,0.012292756966526139,0.7220172336096354,0.02108827953581086,0.47765230895839145,0.028452341107672443,True
1,RandomForest,4.020797866192924,2.9202737845617293,5.536061572804846,1.4901409142440478e-17,0.7160721677935697,0.7677341483400881,0.02238558206316235,0.5605698005698005,0.08501317567669175,0.454369274136716,0.051700470399741065,0.4935195004123954,0.005008005311029439,0.7141792124083975,0.006923262017658153,0.49830691980548797,0.061939443859554535,True
2,XGBoost,3.119928581834708,2.254728258664052,4.317129711017412,6.58522738472377e-12,0.6853525596798675,0.7370163665758643,0.03665158799109973,0.4932644272179156,0.10567589098184957,0.40803382663847776,0.042388874536497714,0.4378874692322619,0.030314086732051833,0.670824855362402,0.0262198923414941,0.47097597306952016,0.03641881984647032,True
3,LogisticRegression,3.061154874053669,2.16690230644862,4.324453915183797,2.1978321293586287e-10,0.6914412860493998,0.7523531105352911,0.0412063509246053,0.5498015873015872,0.15006638532675812,0.42353770260747003,0.05104247769480427,0.46252703120173,0.02392244117651706,0.7007652002415007,0.0067245849074025685,0.4788986939436062,0.050489555292268715,True
4,ANN,4.290560319087963,3.07243974693047,5.991625342734118,1.2536846271923816e-17,0.7100351869739202,0.7542466724248665,0.033888204044232276,0.5542380660954712,0.13078014324916257,0.43164200140944325,0.08022846495492188,0.46478499966872056,0.018079723168774948,0.6930618748078361,0.017591481178869845,0.4720015654850356,0.0468675007216526,True
5,Ensemble,3.7165289568226907,2.7172191003886224,5.083354332716876,2.1082505687773416e-16,0.7033772595556782,0.7504706221070583,0.023707367841558594,0.5184647637477826,0.06995265926726893,0.4545454545454546,0.0799105859651207,0.4735191637630662,0.018899026651317933,0.7126041409327403,0.012705811472296045,0.4915759500808783,0.04067452376308791,True
