,Model,HR,CI_lower,CI_upper,p,cindex,accuracy_mean,accuracy_std,precision_mean,precision_std,recall_mean,recall_std,f1_mean,f1_std,roc_auc_mean,roc_auc_std,pr_auc_mean,pr_auc_std,Sig
0,SVM,1.9507084328835698,1.6941343857234583,2.246140224878373,1.5896938756354722e-20,0.7643162688008831,0.7484884725267426,0.03390045377946648,0.512775008308408,0.07587342891029983,0.5466878083157153,0.05262871833129834,0.5214648307627434,0.012292756966526139,0.7220172336096354,0.02108827953581086,0.47765230895839145,0.028452341107672443,True
1,RandomForest,2.0153302405092592,1.7307759081997587,2.3466677338579767,1.820296634763589e-19,0.7718366220505036,0.7677341483400881,0.02238558206316235,0.5605698005698005,0.08501317567669175,0.454369274136716,0.051700470399741065,0.4935195004123954,0.005008005311029439,0.7141792124083975,0.006923262017658153,0.49830691980548797,0.061939443859554535,True
2,XGBoost,1.1566105915135019,0.9886190883201891,1.353148119640544,0.0692144925833335,0.5779287981233614,0.7370163665758643,0.03665158799109973,0.4932644272179156,0.10567589098184957,0.40803382663847776,0.042388874536497714,0.4378874692322619,0.030314086732051833,0.670824855362402,0.0262198923414941,0.47097597306952016,0.03641881984647032,False
3,LogisticRegression,1.9909695170053618,1.5803986105897,2.508202418733763,5.091773261732517e-09,0.7400993514557748,0.7523531105352911,0.0412063509246053,0.5498015873015872,0.15006638532675812,0.42353770260747003,0.05104247769480427,0.46252703120173,0.02392244117651706,0.7007652002415007,0.0067245849074025685,0.4788986939436062,0.050489555292268715,True
4,ANN,1.8033852432070414,1.5137892575401448,2.148382490639172,4.0493520806701356e-11,0.7413412446529598,0.7542466724248665,0.033888204044232276,0.5542380660954712,0.13078014324916257,0.43164200140944325,0.08022846495492188,0.46478499966872056,0.018079723168774948,0.6930618748078361,0.017591481178869845,0.4720015654850356,0.0468675007216526,True
5,Ensemble,1.8133485254824315,1.5796927151814442,2.081564878579326,2.7566601508942707e-17,0.7613150269076859,0.7504706221070583,0.023707367841558594,0.5184647637477826,0.06995265926726893,0.4545454545454546,0.0799105859651207,0.4735191637630662,0.018899026651317933,0.7126041409327403,0.012705811472296045,0.4915759500808783,0.04067452376308791,True
