,Model,HR,CI_lower,CI_upper,p,cindex,accuracy_mean,accuracy_std,precision_mean,precision_std,recall_mean,recall_std,f1_mean,f1_std,roc_auc_mean,roc_auc_std,pr_auc_mean,pr_auc_std,Sig
0,SVM,2.8298001186088366,2.033511832927338,3.9379012118906718,6.83678595606803e-10,0.673537325789982,0.7446792018249065,0.03851756412263866,0.5037037037037037,0.11665196850387867,0.4309372797744891,0.17159139727428785,0.4431539291241344,0.10574136065764739,0.7318150885743643,0.018521144448023795,0.4968199213426798,0.03392989143616131,True
1,RandomForest,3.039666601440378,2.2548858997158656,4.09757897243331,2.9610610315664063e-13,0.7077411342624534,0.7216021083870396,0.03836680944406979,0.46177524661131214,0.06300024590001267,0.561663143058492,0.014882813306513686,0.5040145040145041,0.03426642923292663,0.710534067683899,0.005228706705352867,0.4841228989951081,0.0628225766754044,True
2,XGBoost,2.861894038235488,2.0541218418398044,3.987318239482787,5.156454143407368e-10,0.6850248378639437,0.7178149846078887,0.05095897425288918,0.4700850906400296,0.12210061646350297,0.4312896405919662,0.05146880799580045,0.43546998663788666,0.02886988358022491,0.6871216052425,0.041943994134087385,0.48716739552138194,0.06353977408205976,True
3,LogisticRegression,3.158989669079132,2.238183643804559,4.45862239989637,6.051211635808348e-11,0.6949599834414241,0.7600491661683608,0.036634146574920076,0.5652975865741823,0.1399958094142446,0.4312896405919662,0.051468807995800454,0.47412966437356685,0.012922189018859472,0.7116467250720757,0.016638865321712014,0.4850644023778934,0.04620506895014267,True
4,ANN,3.2946641957349354,2.389155912045201,4.543367014237941,3.5491024051284865e-13,0.6878535945908651,0.7427634930126459,0.04905498130826048,0.5481000767378477,0.171758207748691,0.4547216349541931,0.08268738021065854,0.4692191471586768,0.01991217931113156,0.7044501640143394,0.02382521969580966,0.49274223049818316,0.045354634984221404,True
5,Ensemble,3.6519168519208924,2.5370002074302067,5.256797636154979,3.188830478830791e-12,0.6910273216503381,0.7619870219033066,0.023702898555731478,0.5700172789422283,0.10929741543391087,0.4008104298801973,0.11336302354465377,0.44888660108289485,0.0436788324745898,0.7203847457353582,0.03148932342520902,0.5044318166021596,0.04661733818623518,True
