,Model,HR,CI_lower,CI_upper,p,cindex,accuracy_mean,accuracy_std,precision_mean,precision_std,recall_mean,recall_std,f1_mean,f1_std,roc_auc_mean,roc_auc_std,pr_auc_mean,pr_auc_std,FDR,Sig
0,SVM,4.975771731603828,3.2033654946546535,7.728841546910928,9.238372041750787e-13,0.6223276121650105,0.8089668615984404,0.012016401565241693,0.4666666666666666,0.02721655269759086,0.32365591397849464,0.15869598099248033,0.3506375227686703,0.130773855394749,0.7786422416141017,0.0320242459099184,0.43760919442493207,0.048929417174422764,1.1086046450100943e-12,True
1,RandomForest,4.752934354732119,3.2826302630450312,6.8817939183432575,1.525894562365478e-16,0.7045129479072568,0.8187134502923977,0.03908369913404175,0.5424189631506705,0.13302028907907143,0.5304659498207885,0.16711889931003251,0.5041077441077441,0.07734416421649853,0.7950677807918715,0.0644164208882506,0.4909122800805234,0.10645259155279016,3.954565750077294e-16,True
2,XGBoost,5.412092533548157,3.567551885466058,8.210320839625636,1.9976596231764615e-15,0.6634108702198133,0.8382066276803118,0.01676866523789988,0.40240240240240244,0.28916283765070805,0.34838709677419355,0.26590247769589215,0.36274509803921573,0.2590165649729982,0.7774660188181121,0.05634852047449794,0.4330029582728452,0.0706748749148762,2.9964894347646923e-15,True
3,LogisticRegression,5.087495994044039,3.519566472400067,7.353921482200118,4.985195014940822e-18,0.7384259259259259,0.787524366471735,0.027977972893581553,0.4335257335257335,0.05580098997937089,0.6200716845878137,0.09789605938170368,0.5101489376903942,0.0718691782721993,0.7651610724362955,0.060593443648198055,0.4585965216235854,0.10612844639144091,2.9911170089644934e-17,True
4,ANN,3.6422830231909504,2.4450188090205685,5.425817409698875,2.0627687555087625e-10,0.6332806383619392,0.7914230019493177,0.02756751583573285,0.41097588460671625,0.07776030269029278,0.39247311827956993,0.1005821878165038,0.3997945557267591,0.08882085626219069,0.7381849346159571,0.04773418138253297,0.40425283348012414,0.062352900275359883,2.0627687555087625e-10,True
5,Ensemble (Mean),5.342316697694098,3.583304753315955,7.964811720814484,1.977282875038647e-16,0.6581037338151159,0.8226120857699805,0.021530918162158425,0.512780112044818,0.05592658559160814,0.42508960573476706,0.10096590336302187,0.45705619412515963,0.07269638874283274,0.7900164504145287,0.05403492420473739,0.4703396862941483,0.08018382308165321,3.954565750077294e-16,True
