,Model,HR,CI_lower,CI_upper,p,cindex,accuracy_mean,accuracy_std,precision_mean,precision_std,recall_mean,recall_std,f1_mean,f1_std,roc_auc_mean,roc_auc_std,pr_auc_mean,pr_auc_std,FDR,Sig
0,SVM,4.753460041564692,3.1014939942730644,7.285321979818361,8.334604728628613e-13,0.6223276121650105,0.8089668615984404,0.012016401565241693,0.4666666666666666,0.02721655269759086,0.32365591397849464,0.15869598099248033,0.3506375227686703,0.130773855394749,0.7784886317830724,0.032241211353939,0.43736272934815906,0.04927707615098313,2.0004543790772065e-12,True
1,RandomForest,4.0819072094875715,2.5804876389110523,6.45690613495744,1.837501492683671e-09,0.6908875338753387,0.8109161793372319,0.026297734041388004,0.5120545073375262,0.11031965657549637,0.4544802867383512,0.22722092113672648,0.4386724386724386,0.09413856525425736,0.7907656160916284,0.048569451299420786,0.47483038629687097,0.10022571274258414,2.205001791220405e-09,True
2,XGBoost,5.103677606947832,3.2211322974289547,8.086449953158203,3.880184648120919e-12,0.7139039445950015,0.8401559454191032,0.01929726108501299,0.567750677506775,0.07152110146556445,0.4781362007168459,0.18454848730258142,0.5001854169563807,0.11577637740020219,0.7758053621814774,0.0569623524386905,0.4709125447512416,0.09342267302861362,5.820276972181379e-12,True
3,LogisticRegression,4.669983489090854,3.145063948252932,6.934277377887926,2.1571395430178134e-14,0.7353018669075579,0.7797270955165692,0.030324267419306154,0.4270707070707071,0.04768361532745675,0.6415770609318997,0.04330840850750739,0.5125388546441179,0.048402374788639485,0.7617816561536532,0.05724981874304465,0.45674125798897586,0.10547687466207904,1.294283725810688e-13,True
4,ANN,3.0675485872695867,2.0042950826958013,4.694844794312057,2.443087761450854e-07,0.6218383017163505,0.7816764132553606,0.022564984215965377,0.3961622807017544,0.04338809000477954,0.3795698924731183,0.0770751008062685,0.3813296526340005,0.03805294213908189,0.7192622370384897,0.023046814001058725,0.3591107467809542,0.024530291995147824,2.443087761450854e-07,True
5,Ensemble (Mean),4.766261188647537,3.102888209039273,7.321322647792594,1.0002271895386032e-12,0.7037225233363444,0.8167641325536062,0.04004412979371178,0.5112745098039215,0.09781592218465011,0.4989247311827956,0.08756676589893476,0.49571686529433007,0.06709575515197969,0.7861191910608519,0.05086754584199185,0.4783080528215744,0.08693197745709298,2.0004543790772065e-12,True
