,Model,HR,CI_lower,CI_upper,p,cindex,accuracy_mean,accuracy_std,precision_mean,precision_std,recall_mean,recall_std,f1_mean,f1_std,roc_auc_mean,roc_auc_std,pr_auc_mean,pr_auc_std,Sig
0,SVM,3.443884816775754,2.4127767120604044,4.91564037896004,9.656571672276432e-12,0.6609114116186008,0.7485549132947976,0.011907951573321938,0.49184528208918454,0.03793071550261768,0.3379140239605356,0.12455144989831929,0.38709757675274914,0.10322387313195899,0.7160854575331763,0.03706428605387725,0.47017395771860765,0.02017231428975284,True
1,RandomForest,3.772025970561765,2.703665114006256,5.26255261751308,5.5428375583276184e-15,0.6944597764592245,0.7447899364383318,0.032833576623148265,0.5408948774802433,0.1137365543464016,0.40715292459478497,0.14186472734032968,0.42831132452981197,0.07624886478684602,0.7108039764838984,0.02830159867500191,0.4768141597464699,0.04487132533405086,True
2,XGBoost,3.461916043859523,2.48917458761957,4.814793929819624,1.6018004304445056e-13,0.6857492755623017,0.7524749186100591,0.03497660000853473,0.5232539682539682,0.09604348609859113,0.4149048625792812,0.04511113041127668,0.4568627450980392,0.04196261678241704,0.7017259059066266,0.04477452539723619,0.4611128416341592,0.0687807972156775,True
3,LogisticRegression,2.533059085855054,1.871935778946981,3.4276754601283645,1.7135134940697845e-09,0.6682937767352007,0.6891347197306934,0.0866683522411367,0.4302422723475355,0.09925536317236697,0.4536645525017618,0.13396223519170442,0.41989070328764727,0.07148569360863889,0.6986821332995663,0.04568941175576403,0.47638186447516406,0.033739859085531676,True
4,ANN,2.8298705533803554,1.9707258080576704,4.063562427683441,1.7531551802113202e-08,0.6393162688008831,0.7217017695391226,0.0066290737819757976,0.41532567049808433,0.028874504788155328,0.29915433403805497,0.07831452024336946,0.34421148227118376,0.059720846768430924,0.684894883505748,0.023662090536894585,0.42287832011628396,0.022236257785347133,True
5,Ensemble,3.8772744821571656,2.7540001907644944,5.458698754052726,8.206951960212784e-15,0.6799882710086933,0.7543463335769495,0.02136745384444544,0.5305519897304237,0.06754710913665425,0.36839323467230445,0.11501572009987521,0.417037126036285,0.08280767047820198,0.712420367075968,0.0306809235090432,0.45515069882479303,0.05349265832947007,True
