,Model,HR,CI_lower,CI_upper,p,cindex,accuracy_mean,accuracy_std,precision_mean,precision_std,recall_mean,recall_std,f1_mean,f1_std,roc_auc_mean,roc_auc_std,pr_auc_mean,pr_auc_std,Sig
0,SVM,1.826359268561743,1.584201880541606,2.105532267592698,1.0466121114714762e-16,0.7432040844487374,0.7485549132947976,0.025889586847963553,0.4894117647058824,0.07713437398051291,0.33756166314305847,0.08272003218954678,0.3981762708595908,0.08166424298275,0.708578651362248,0.04138588504478233,0.47188418647539293,0.05988067282753197,True
1,RandomForest,1.8820110543274364,1.5930658298520406,2.223364246623529,1.0411590984001302e-13,0.7448599420449842,0.7601045334750736,0.011251377836794007,0.5299823633156967,0.03026631799247003,0.37649753347427767,0.043482666910940444,0.4380396198328181,0.027394015535004416,0.7103599149533819,0.04430817418792452,0.4704733170883972,0.05432266347266698,True
2,XGBoost,1.672167940639786,1.4318727952142634,1.9527891241799111,8.289461896895956e-11,0.7096729681247412,0.7485659867561402,0.009603289766496093,0.4726495726495727,0.06371965408415657,0.26849894291754756,0.10875113022927431,0.3351233527289865,0.11178443029506908,0.6901011852813733,0.0383102770263666,0.45608455340075577,0.05939619524646679,True
3,LogisticRegression,1.698372020223098,1.4149283766343528,2.038596134412035,1.3038070346218232e-08,0.7090175244928936,0.7428520807033863,0.0503810632582162,0.5052454080096357,0.09593161962773795,0.44538407329105006,0.09084077826256244,0.46294724075197086,0.07195465143235592,0.6869547356011051,0.050692003122384685,0.45786743995376433,0.032545409479702074,True
4,ANN,1.5410750878963313,1.3207945569030326,1.7980937414697735,3.898548635959639e-08,0.7163998896094936,0.7428188603193586,0.009313972527898248,0.4854341736694678,0.012008936196205055,0.42212825933756165,0.09173840933689098,0.44517559699175707,0.045746381851382835,0.6648759371287332,0.031057545201797987,0.42520811471907677,0.005921533031455892,True
5,Ensemble,1.9410419024207706,1.6621839319686338,2.2666827626536947,5.2289366705728925e-17,0.7452739064440458,0.7793169889043917,0.023693486504914534,0.602195231668916,0.10522436124453365,0.37579281183932345,0.10561923666316182,0.45292364905542476,0.08217568370178184,0.6979975539579657,0.039082024026190994,0.46934987593109767,0.0644864764465053,True
