,Model,HR,CI_lower,CI_upper,p,cindex,accuracy_mean,accuracy_std,precision_mean,precision_std,recall_mean,recall_std,f1_mean,f1_std,roc_auc_mean,roc_auc_std,pr_auc_mean,pr_auc_std,Sig
0,SVM,2.0427945322399084,1.7735022734602623,2.3529766853962637,4.003707148606529e-23,0.7747861183938182,0.7485549132947976,0.011907951573321938,0.49184528208918454,0.03793071550261768,0.3379140239605356,0.12455144989831929,0.38709757675274914,0.10322387313195899,0.7160854575331763,0.03706428605387725,0.47017395771860765,0.02017231428975284,True
1,RandomForest,1.9665446132272502,1.6865530306126402,2.293018746293628,6.139166546577822e-18,0.7482061542707327,0.7447899364383318,0.032833576623148265,0.5408948774802433,0.1137365543464016,0.40715292459478497,0.14186472734032968,0.42831132452981197,0.07624886478684602,0.7108039764838984,0.02830159867500191,0.4768141597464699,0.04487132533405086,True
2,XGBoost,1.36352738100006,1.1554284649860909,1.6091060373514894,0.00024272226002190856,0.6494411480612667,0.7524749186100591,0.03497660000853473,0.5232539682539682,0.09604348609859113,0.4149048625792812,0.04511113041127668,0.4568627450980392,0.04196261678241704,0.7017259059066266,0.04477452539723619,0.4611128416341592,0.0687807972156775,True
3,LogisticRegression,1.6803862901055,1.428794412754131,1.9762801833271386,3.565063988163875e-10,0.7484476335035187,0.6891347197306934,0.0866683522411367,0.4302422723475355,0.09925536317236697,0.4536645525017618,0.13396223519170442,0.41989070328764727,0.07148569360863889,0.6986821332995663,0.04568941175576403,0.47638186447516406,0.033739859085531676,True
4,ANN,1.6738723750659936,1.4273549994953452,1.9629655754873108,2.336558657603775e-10,0.7257140885883814,0.7217017695391226,0.0066290737819757976,0.41532567049808433,0.028874504788155328,0.29915433403805497,0.07831452024336946,0.34421148227118376,0.059720846768430924,0.684894883505748,0.023662090536894585,0.42287832011628396,0.022236257785347133,True
5,Ensemble,1.8295652926014094,1.63217780209264,2.050823847499975,3.3644029311480044e-25,0.766524078929212,0.7543463335769495,0.02136745384444544,0.5305519897304237,0.06754710913665425,0.36839323467230445,0.11501572009987521,0.417037126036285,0.08280767047820198,0.712420367075968,0.0306809235090432,0.45515069882479303,0.05349265832947007,True
