,Model,HR,CI_lower,CI_upper,p,cindex,accuracy_mean,accuracy_std,precision_mean,precision_std,recall_mean,recall_std,f1_mean,f1_std,roc_auc_mean,roc_auc_std,pr_auc_mean,pr_auc_std,Sig
0,SVM,2.824158132382281,1.9962185027109598,3.99548904384433,4.494463612912246e-09,0.6420932799779219,0.7485549132947976,0.025889586847963553,0.4894117647058824,0.07713437398051291,0.33756166314305847,0.08272003218954678,0.3981762708595908,0.08166424298275,0.708578651362248,0.04138588504478233,0.47188418647539293,0.05988067282753197,True
1,RandomForest,3.5244388969929736,2.504675183239983,4.959393386318739,4.880841754824754e-13,0.6737270594728854,0.7601045334750736,0.011251377836794007,0.5299823633156967,0.03026631799247003,0.37649753347427767,0.043482666910940444,0.4380396198328181,0.027394015535004416,0.7103599149533819,0.04430817418792452,0.4704733170883972,0.05432266347266698,True
2,XGBoost,2.3340739719815096,1.5720650177957287,3.4654427425147567,2.629182213693355e-05,0.6090968676693804,0.7485659867561402,0.009603289766496093,0.4726495726495727,0.06371965408415657,0.26849894291754756,0.10875113022927431,0.3351233527289865,0.11178443029506908,0.6901011852813733,0.0383102770263666,0.45608455340075577,0.05939619524646679,True
3,LogisticRegression,3.2420693455482663,2.3802652161921136,4.415900198784995,8.611207949842305e-14,0.679919276942183,0.7428520807033863,0.0503810632582162,0.5052454080096357,0.09593161962773795,0.44538407329105006,0.09084077826256244,0.46294724075197086,0.07195465143235592,0.6869547356011051,0.050692003122384685,0.45786743995376433,0.032545409479702074,True
4,ANN,2.842334380611855,2.069204618996288,3.9043334124814613,1.1230962023758611e-10,0.6661549606733821,0.7428188603193586,0.009313972527898248,0.4854341736694678,0.012008936196205055,0.42212825933756165,0.09173840933689098,0.44517559699175707,0.045746381851382835,0.6648759371287332,0.031057545201797987,0.42520811471907677,0.005921533031455892,True
5,Ensemble,3.5633704885998405,2.5288471600168387,5.021105838179526,3.807080643549925e-13,0.6683282737684559,0.7793169889043917,0.023693486504914534,0.602195231668916,0.10522436124453365,0.37579281183932345,0.10561923666316182,0.45292364905542476,0.08217568370178184,0.6979975539579657,0.039082024026190994,0.46934987593109767,0.0644864764465053,True
