,Model,HR,CI_lower,CI_upper,p,cindex,accuracy_mean,accuracy_std,precision_mean,precision_std,recall_mean,recall_std,f1_mean,f1_std,roc_auc_mean,roc_auc_std,pr_auc_mean,pr_auc_std,Sig
0,SVM,1.8355486407744799,1.5914217792748446,2.117124986302679,7.375065968593107e-17,0.7442044984131365,0.7466281310211946,0.026245631194688437,0.48218954248366014,0.0786764281690409,0.3298097251585624,0.08871099090086418,0.3899819483544693,0.0868601423469229,0.7093240300146034,0.0418861617795787,0.47222735839307334,0.05985965666603735,True
1,RandomForest,1.8525817306603989,1.5862619001575973,2.163614387028838,6.885393702923888e-15,0.7496550296674486,0.7486545744468805,0.039426461580328497,0.5372549019607843,0.12058424989428859,0.41525722339675825,0.0674828463152332,0.45155586307636125,0.00844077566379932,0.7014850156648489,0.05716327348219345,0.4802547689940309,0.049945411205807484,True
2,XGBoost,1.7305747629037622,1.5116140207158615,1.9812524685244122,1.9206583987125276e-15,0.7296467503794674,0.7504816955684008,0.011751034879648233,0.47174254317111464,0.06286299230824467,0.34425651867512336,0.1942163474335937,0.3773591369002545,0.15583110203690387,0.6880615582417464,0.03637222849706891,0.45444453883337665,0.05776933141040522,True
3,LogisticRegression,1.697986130522498,1.4145713958215156,2.0381840803251685,1.3286015222353678e-08,0.7090175244928936,0.7428520807033863,0.0503810632582162,0.5052454080096357,0.09593161962773795,0.44538407329105006,0.09084077826256244,0.46294724075197086,0.07195465143235592,0.6870143658932936,0.05074800155317784,0.4578875255073657,0.03255795108064372,True
4,ANN,1.6505179040297973,1.4110854302158284,1.930577194823875,3.6972715916815966e-10,0.7022561059748862,0.7217460633844928,0.025282261900078255,0.4396581196581197,0.05934308119489457,0.45331219168428466,0.0904329078355207,0.44552408106619584,0.07388543950449776,0.6823163078710742,0.03321584118611897,0.46461828783415077,0.05110841071484767,True
5,Ensemble,1.768586868283187,1.561766494937899,2.002795885813971,2.5629222001073106e-19,0.7628673934041672,0.7792948419817066,0.01868904390358292,0.6148148148148148,0.09529392837236003,0.35271317829457366,0.1058643432848656,0.4353739796768283,0.08105925544529029,0.7037393386541265,0.04622018669379193,0.49678285896350566,0.06710708250235854,True
