,Model,HR,CI_lower,CI_upper,p,cindex,accuracy_mean,accuracy_std,precision_mean,precision_std,recall_mean,recall_std,f1_mean,f1_std,roc_auc_mean,roc_auc_std,pr_auc_mean,pr_auc_std,Sig
0,SVM,2.4281625570396557,1.7176988922163559,3.4324836734346107,5.083651762968363e-07,0.6189975162136057,0.7274488959759041,0.0024264276034284063,0.43574929971988796,0.005292792877391804,0.31518675123326284,0.0262940037706733,0.3653256289876008,0.019844137018894745,0.6770297162450545,0.02317264667992849,0.41902683815646363,0.0219667539024669,True
1,RandomForest,2.7233107365200175,1.988727701790414,3.729229175501672,4.199301941222739e-10,0.6729508762246447,0.7235953314286979,0.021661903832935335,0.4533333333333333,0.0339934634239519,0.4304087385482734,0.09164802581186865,0.4322461281370296,0.04064309412170964,0.6639336978188388,0.01503977859828962,0.4361509956670948,0.0447435758527154,True
2,XGBoost,4.045336632772547,2.901789007656834,5.639537688395168,1.656603240505032e-16,0.7017558989926866,0.7562288220051823,0.019072396966137096,0.5241758241758242,0.0668254760242232,0.4312896405919662,0.08976283764955972,0.4649572649572649,0.04817124495604574,0.6875626666368723,0.029434705952388472,0.47752179777839343,0.059897517559424296,True
3,LogisticRegression,2.949221706750249,2.1504084627826416,4.044770482493222,1.9376608945184953e-11,0.6685007589347316,0.715998936947711,0.025173789478251076,0.43333333333333335,0.04714045207910316,0.4076814658210007,0.00954631232145461,0.4183812442239408,0.016495835282165583,0.6708853236236513,0.028597882784995334,0.42798439836822383,0.05048093670888951,True
4,ANN,2.115014885131972,1.5380464173969637,2.908421952505528,4.049596817574662e-06,0.6202394094107907,0.6967532611343653,0.013164953130894119,0.38578431372549016,0.010490654195604276,0.36116983791402396,0.044265831691372784,0.3715029513877079,0.02404427901636834,0.6696978904284071,0.03711134075134362,0.4230698922468206,0.05580641415666459,True
5,Ensemble,3.2024204238925202,2.3387835630257916,4.384970346762632,3.9100538051562616e-13,0.6861459914447358,0.7466392044825372,0.004742829550674794,0.49068647729362014,0.018285474324711035,0.4462649753347428,0.086055789096871,0.46362497763463945,0.04985232099258521,0.6964160477075442,0.03898918369574933,0.46863970508014424,0.06462433707450477,True
