,Model,HR,CI_lower,CI_upper,p,cindex,accuracy_mean,accuracy_std,precision_mean,precision_std,recall_mean,recall_std,f1_mean,f1_std,roc_auc_mean,roc_auc_std,pr_auc_mean,pr_auc_std,Sig
0,SVM,2.9303749486459414,2.064667369847611,4.15907059173677,1.7675212755644715e-09,0.6324168621498552,0.7255664075476712,0.033649685519906936,0.4512721417069243,0.06979392237493294,0.30778717406624384,0.048265072346027914,0.35792709705753184,0.01820323388323471,0.654751801840387,0.05449693699945068,0.46272689709929266,0.022279651732844404,True
1,RandomForest,5.336274093912088,3.47268000224554,8.199955419717321,2.1776450635591717e-14,0.6751586863529736,0.7811884038712821,0.004730092234342461,0.6610885733603786,0.06760015086050247,0.28382663847780126,0.07494980468828932,0.3865642728656427,0.05825897319373653,0.6695993204381275,0.035151430897284223,0.4730913155446741,0.05258154654559154,True
2,XGBoost,2.652831203138286,1.8810783409488756,3.741212281884114,2.663546344320793e-08,0.6042845315302884,0.7332181693353709,0.02393136660124521,0.4717300356835241,0.06561560582475456,0.30831571529245944,0.06874739248840352,0.3613755551563947,0.02990249170770243,0.6308139845242632,0.01988721223505198,0.4353169217573702,0.027935005408302085,True
3,LogisticRegression,3.2067324464374747,2.2707742210811612,4.52847002029945,3.657236901125907e-11,0.6740375327721816,0.7390428100015504,0.04056744691411731,0.49046015712682384,0.095087629988665,0.3768498942917547,0.0067272315334872355,0.42217246355177385,0.03895878037303469,0.6600286688871813,0.041391637849028814,0.43885856688757396,0.07329258288600173,True
4,ANN,2.955993770348865,2.1346310295577426,4.0934002407674335,6.783200938970155e-11,0.6677245756864909,0.7178482049919164,0.051623303387258755,0.44129364044618286,0.1011175454208666,0.39940098661028894,0.11806269717170417,0.408873259448707,0.09601928481079178,0.6528470050571951,0.06624097430860447,0.45813536853839,0.009966217096057028,True
5,Ensemble,4.231303872074322,2.804706623233776,6.383531278999953,6.178851969968606e-12,0.6305712708707051,0.7735587890062675,0.017222397468840345,0.611574074074074,0.07840630083720271,0.25422832980972515,0.03993431234358967,0.3584786191343568,0.05194839379685644,0.6680389185936851,0.039442208954338025,0.4825908198723256,0.04738498571107967,True
