,Model,HR,CI_lower,CI_upper,p,cindex,accuracy_mean,accuracy_std,precision_mean,precision_std,recall_mean,recall_std,f1_mean,f1_std,roc_auc_mean,roc_auc_std,pr_auc_mean,pr_auc_std,Sig
0,SVM,1.8358322517878456,1.5766629685106186,2.137603358495911,5.127729576585932e-15,0.7234717814267972,0.7255664075476712,0.033649685519906936,0.4512721417069243,0.06979392237493294,0.30778717406624384,0.048265072346027914,0.35792709705753184,0.01820323388323471,0.654751801840387,0.05449693699945068,0.46272689709929266,0.022279651732844404,True
1,RandomForest,1.8354899570006418,1.5398355478643715,2.187911161632022,1.2257822518858513e-11,0.7428763626328135,0.7811884038712821,0.004730092234342461,0.6610885733603786,0.06760015086050247,0.28382663847780126,0.07494980468828932,0.3865642728656427,0.05825897319373653,0.6695993204381275,0.035151430897284223,0.4730913155446741,0.05258154654559154,True
2,XGBoost,1.245814822831944,1.078638613957222,1.4389013639088404,0.002792900235905845,0.6043190285635436,0.7332181693353709,0.02393136660124521,0.4717300356835241,0.06561560582475456,0.30831571529245944,0.06874739248840352,0.3613755551563947,0.02990249170770243,0.6308139845242632,0.01988721223505198,0.4353169217573702,0.027935005408302085,True
3,LogisticRegression,1.662295220599326,1.4309254465612036,1.9310757293945244,3.01660193586667e-11,0.7266800055195253,0.7390428100015504,0.04056744691411731,0.49046015712682384,0.095087629988665,0.3768498942917547,0.0067272315334872355,0.42217246355177385,0.03895878037303469,0.6600286688871813,0.041391637849028814,0.43885856688757396,0.07329258288600173,True
4,ANN,1.6848946261089117,1.4272713617694002,1.9890190310911293,7.181588157550272e-10,0.7225058644956533,0.7390206630788652,0.025321299332615232,0.46892096587365234,0.07679117431160568,0.36839323467230445,0.0904480088160764,0.40952430938259937,0.07805994374991503,0.6526751489826227,0.036158429766550704,0.45549485123711037,0.04736062992494323,True
5,Ensemble,1.668513015824243,1.4307650344891374,1.9457672062617397,6.705225598226835e-11,0.7214019594314889,0.7754634243571855,0.013592212583869053,0.6393345216874629,0.06828643089035602,0.24594785059901336,0.042435713086186315,0.35151515151515156,0.045353422869987184,0.6668574029083526,0.03136308454212529,0.48124471547132225,0.04407142345959652,True
