,Model,HR,CI_lower,CI_upper,p,cindex,accuracy_mean,accuracy_std,precision_mean,precision_std,recall_mean,recall_std,f1_mean,f1_std,roc_auc_mean,roc_auc_std,pr_auc_mean,pr_auc_std,Sig
0,SVM,2.9303749486459414,2.064667369847611,4.15907059173677,1.7675212755644715e-09,0.6324168621498552,0.7255664075476712,0.033649685519906936,0.4512721417069243,0.06979392237493294,0.30778717406624384,0.048265072346027914,0.35792709705753184,0.01820323388323471,0.654751801840387,0.05449693699945068,0.46272689709929266,0.022279651732844404,True
1,RandomForest,5.336274093912088,3.47268000224554,8.199955419717321,2.1776450635591717e-14,0.6751586863529736,0.7811884038712821,0.004730092234342461,0.6610885733603786,0.06760015086050247,0.28382663847780126,0.07494980468828932,0.3865642728656427,0.05825897319373653,0.6695993204381275,0.035151430897284223,0.4730913155446741,0.05258154654559154,True
2,XGBoost,2.652831203138286,1.8810783409488756,3.741212281884114,2.663546344320793e-08,0.6042845315302884,0.7332181693353709,0.02393136660124521,0.4717300356835241,0.06561560582475456,0.30831571529245944,0.06874739248840352,0.3613755551563947,0.02990249170770243,0.6308139845242632,0.01988721223505198,0.4353169217573702,0.027935005408302085,True
3,LogisticRegression,3.2067324464374747,2.2707742210811612,4.52847002029945,3.657236901125907e-11,0.6740375327721816,0.7390428100015504,0.04056744691411731,0.49046015712682384,0.095087629988665,0.3768498942917547,0.0067272315334872355,0.42217246355177385,0.03895878037303469,0.6600286688871813,0.041391637849028814,0.43885856688757396,0.07329258288600173,True
4,ANN,3.0330353517680115,2.13059695592418,4.317711719007016,7.375419691266328e-10,0.6633779494963433,0.7390206630788652,0.025321299332615232,0.46892096587365234,0.07679117431160568,0.36839323467230445,0.0904480088160764,0.40952430938259937,0.07805994374991503,0.6526751489826227,0.036158429766550704,0.45549485123711037,0.04736062992494323,True
5,Ensemble,4.646549513186184,3.019012724709066,7.151484391498008,2.9030771053730754e-12,0.6387470677521733,0.7754634243571855,0.013592212583869053,0.6393345216874629,0.06828643089035602,0.24594785059901336,0.042435713086186315,0.35151515151515156,0.045353422869987184,0.6668574029083526,0.03136308454212529,0.48124471547132225,0.04407142345959652,True
