,Model,HR,CI_lower,CI_upper,p,cindex,accuracy_mean,accuracy_std,precision_mean,precision_std,recall_mean,recall_std,f1_mean,f1_std,roc_auc_mean,roc_auc_std,pr_auc_mean,pr_auc_std,Sig
0,SVM,1.8117602167556774,1.558665044373622,2.1059528439849635,9.852113839629699e-15,0.722040154546709,0.7313135339844529,0.02133759170372831,0.45616825733474725,0.047452873986219474,0.2926356589147287,0.056234953986615925,0.34920634920634913,0.022447834323382456,0.6538078555564798,0.051768614822870915,0.46296518119666213,0.02248216980486852,True
1,RandomForest,1.7353681079714711,1.4551682924422717,2.069521776831839,8.513102700248853e-10,0.7162963985097281,0.7255664075476713,0.018428082940450806,0.4237006237006238,0.044838376583435965,0.3012684989429176,0.12003356270270706,0.33974782968168665,0.10235650003561302,0.6622751087601079,0.035348926695722725,0.47192542781656127,0.05136019569394045,True
2,XGBoost,1.197403261622069,1.0419396235006784,1.376063006535844,0.011117922135147739,0.6107872222988823,0.7389874426948376,0.027270691284447264,0.4823576583801123,0.06504740749293374,0.4157857646229739,0.05293393081948955,0.44260754955056253,0.040434104059579604,0.6699961556876167,0.05101834271978634,0.4940365891195471,0.06352614372513748,True
3,LogisticRegression,1.6259958294689918,1.381615663249413,1.9136019573145773,4.914382482297056e-09,0.7198150959017524,0.7178260580692313,0.029536190942425888,0.4399569336778639,0.06510578622011017,0.4307610993657505,0.04747661588599052,0.43290197549387344,0.04404570034331255,0.6525756479156088,0.04717562096310395,0.43392740083618936,0.07199074285820606,True
4,ANN,1.6096921556850536,1.3854518737366286,1.8702265197315393,4.987675898801858e-10,0.7164688836760038,0.7255996279316989,0.032433383782384494,0.4452651515151515,0.07428541195170014,0.35394644115574353,0.029937193834523666,0.3934310401780281,0.047427252121380284,0.6355443819450567,0.03219849441020457,0.4214569135933381,0.05264151114602112,True
5,Ensemble,1.8723984319047529,1.574877264763661,2.2261264202867883,1.210317867716246e-12,0.7412032565199392,0.7447677895156469,0.023625851950886973,0.49672260269400725,0.059153429994356375,0.3391472868217054,0.06374761319146716,0.3958892958892959,0.04371983898491312,0.6605397162160876,0.042426303027319756,0.4770077414347044,0.046256425642622716,True
