,Model,HR,CI_lower,CI_upper,p,cindex,accuracy_mean,accuracy_std,precision_mean,precision_std,recall_mean,recall_std,f1_mean,f1_std,roc_auc_mean,roc_auc_std,pr_auc_mean,pr_auc_std,Sig
0,SVM,1.7175026333561376,1.4804712636848292,1.9924839934030898,9.46152183701492e-13,0.7119670208362081,0.7274488959759041,0.0024264276034284063,0.43683862433862436,0.006496985021292493,0.3227625088090204,0.034581660736815505,0.37045383411580596,0.025381694135006374,0.6768996137893705,0.02152794759269738,0.41870523209377164,0.021548599701100388,True
1,RandomForest,1.7490520633444682,1.4823294349645224,2.063767370552659,3.530082970925917e-11,0.7295087622464468,0.7427967133966735,0.0031218128133062174,0.48029332590736096,0.004982600559834038,0.36909795630725867,0.04901553017396497,0.4154175875694863,0.03163046090392839,0.6665848767482,0.01277132371963217,0.4300716193569698,0.042624117273869416,True
2,XGBoost,1.4464827679447891,1.206667273904458,1.7339596782061106,6.574653308439036e-05,0.7248171657237478,0.7639138041769096,0.01409216191079743,0.5384615384615384,0.057215729856661506,0.39252995066948554,0.125103474026475,0.44326734439093984,0.08466650604595007,0.6776153324750874,0.041811045752310004,0.47226950194586564,0.06973034402341315,True
3,LogisticRegression,1.00524222846398,0.847049820629798,1.1929781617046953,0.952275254169981,0.7160721677935697,0.7140832281354506,0.02641882355240416,0.43194444444444446,0.048152599509332546,0.4154334038054968,0.019510737420587926,0.42121174705444364,0.015347424357936271,0.670826148524533,0.02852263767859187,0.42789066804744663,0.05055178112880584,False
4,ANN,1.5684794416644252,1.3477362139808473,1.8253777953012014,6.0225021155199536e-09,0.6645508486270181,0.7064093194250659,0.030134975978433377,0.4085287891173573,0.06971294685121887,0.3835447498238196,0.10245553506201617,0.39036315226791424,0.07146031678474642,0.6601648026510445,0.03433114826455478,0.4322859149416469,0.055795135268659375,True
5,Ensemble,1.3339680544394197,1.2084179548361103,1.472562339167021,1.1052558828605136e-08,0.730422933627708,0.7638916572542245,0.012866123164995693,0.5421052631578948,0.04232399326952567,0.4076814658210008,0.14241568159489307,0.44890051341664244,0.09172989087978047,0.6931780214578014,0.040280326435677576,0.46368243442119833,0.05634495760973371,True
