,Model,HR,CI_lower,CI_upper,p,cindex,accuracy_mean,accuracy_std,precision_mean,precision_std,recall_mean,recall_std,f1_mean,f1_std,roc_auc_mean,roc_auc_std,pr_auc_mean,pr_auc_std,FDR,Sig
0,SVM,4.398785781305264,2.9622953808197763,6.531865956074474,2.0810199707554998e-13,0.6673065341764529,0.8265107212475633,0.026297734041388014,0.5285024154589372,0.09158635486873748,0.37885304659498215,0.10621541927341528,0.4333222939780317,0.09703711834928146,0.7876608273142246,0.06896110937083091,0.4576741643850178,0.07340838783583147,6.2430599122665e-13,True
1,RandomForest,4.6036813435582475,3.165412717626899,6.6954561075104495,1.3568177542077512e-15,0.6884221619993978,0.8187134502923975,0.033081019002879415,0.5035669975186104,0.10652129783741725,0.4777777777777778,0.05048295168151092,0.4890550602371137,0.07633192252532142,0.7833647452727756,0.07102870755039212,0.4587196138556813,0.06720540754877974,8.140906525246507e-15,True
2,XGBoost,4.311441138406996,2.815707663520017,6.601723939874509,1.7903041834458608e-11,0.6261103583258055,0.8343079922027291,0.007293679116518384,0.5716440422322776,0.023463573433037798,0.29390681003584224,0.0483538980761005,0.38679346658070063,0.04865056956528713,0.7844180438895608,0.0751910637861245,0.5050949338057563,0.052664346256227054,2.6854562751687912e-11,True
3,LogisticRegression,3.332114087503044,2.311892365930358,4.802552426642991,1.0927578785041997e-10,0.6917344173441734,0.7660818713450291,0.055066069753705794,0.40900383141762453,0.07761576467388083,0.543010752688172,0.03314201076865043,0.4607055865482832,0.048606688020284186,0.7414998928725766,0.03652633824818319,0.41971098210426194,0.04488241952950239,1.3113094542050395e-10,True
4,ANN,3.037640696078885,2.0741972296429174,4.448593830232396,1.1424550814089689e-08,0.6376844323998796,0.7680311890838206,0.01929726108501299,0.3671751271151121,0.037435582619432056,0.40107526881720434,0.0761697236491391,0.3801832392664311,0.04588801191866323,0.7376739912772857,0.02660120956138961,0.41577874197118153,0.017600083786409194,1.1424550814089689e-08,True
5,Ensemble (Mean),3.8385643914875627,2.6271105860872814,5.608662484795282,3.5980739757120528e-12,0.6658386028304728,0.8070175438596491,0.026585149506795067,0.4768170426065163,0.07267630262530836,0.4347670250896057,0.03952090365257502,0.44819897743435977,0.010923166475334182,0.7854686189277816,0.06562291908438385,0.47229976115023975,0.04261153294757758,7.1961479514241055e-12,True
