,Model,HR,CI_lower,CI_upper,p,cindex,accuracy_mean,accuracy_std,precision_mean,precision_std,recall_mean,recall_std,f1_mean,f1_std,roc_auc_mean,roc_auc_std,pr_auc_mean,pr_auc_std,FDR,Sig
0,SVM,4.321805613133647,2.492508319758901,7.493657537528386,1.865467691610753e-07,0.5724555856669677,0.8128654970760234,0.02188103734955523,0.4930555555555555,0.14467129622221986,0.16272401433691755,0.024603587529362744,0.2380193157036304,0.029282644766826755,0.7698441749917384,0.049079871925781775,0.4440811493159687,0.07893814653299387,1.865467691610753e-07,True
1,RandomForest,4.185692564655334,2.7161742256632113,6.450257159602145,8.657788033944401e-11,0.698264829870521,0.8050682261208576,0.028781331501429627,0.46618357487922707,0.08105871368661685,0.4885304659498208,0.1373550405457335,0.4679511181293785,0.07998856937834713,0.7777372872431211,0.04607452367153555,0.4507229145011227,0.08730892989311549,2.5973364101833205e-10,True
2,XGBoost,4.330037500167655,2.9195312170768064,6.421998382202912,3.1525114015830797e-13,0.711400933453779,0.8089668615984404,0.031792410195516735,0.4871752802843861,0.08859329469396603,0.5426523297491039,0.16691583486560124,0.4977243603906147,0.0758111174983483,0.7830376434871974,0.06310966321429869,0.4507510729152507,0.08462635642731915,1.891506840949848e-12,True
3,LogisticRegression,3.838363125712328,2.411979805494125,6.108273150243007,1.393046537692506e-08,0.665161096055405,0.8167641325536062,0.024032803130483338,0.5057519640852974,0.09005313494800125,0.4014336917562724,0.08157567510208633,0.43803098450774614,0.0493248563131645,0.7492045334873062,0.0542025226030544,0.42530532742704624,0.08318241238097271,1.671655845231007e-08,True
4,ANN,3.615425535603446,2.3633485581732794,5.530839603954469,3.119899917403689e-09,0.6396416741945197,0.7894736842105262,0.020813018035148744,0.3622222222222222,0.09982701086762757,0.3146953405017921,0.17453688305546486,0.32929968582142494,0.14510739020323185,0.7309097115548728,0.06238701466888278,0.3705554899740695,0.09935026054160526,4.679849876105534e-09,True
5,Ensemble (Mean),4.6896711448197665,2.8508509232969335,7.714544196902728,1.1637918723932215e-09,0.683811352002409,0.8265107212475633,0.026297734041387983,0.49859943977591037,0.10299594571904891,0.41433691756272406,0.15627897786300277,0.44803233976232226,0.1400820407087414,0.7797901391930219,0.060111273900861725,0.453296479323036,0.09443886463666729,2.327583744786443e-09,True
