,Model,HR,CI_lower,CI_upper,p,cindex,accuracy_mean,accuracy_std,precision_mean,precision_std,recall_mean,recall_std,f1_mean,f1_std,roc_auc_mean,roc_auc_std,pr_auc_mean,pr_auc_std,FDR,Sig
0,SVM,4.490765268990477,2.56763684726148,7.8542932279073066,1.393990636387643e-07,0.5724555856669677,0.8128654970760234,0.02188103734955523,0.4930555555555555,0.14467129622221986,0.16272401433691755,0.024603587529362744,0.2380193157036304,0.029282644766826755,0.7698441749917385,0.04907987192578182,0.444734925127827,0.07948423491962674,1.6727887636651716e-07,True
1,RandomForest,4.405929366209129,3.0044241080283016,6.461209497071814,3.161660483834364e-14,0.6951219512195121,0.8089668615984404,0.01987921837658006,0.46435786435786436,0.0671775679700208,0.4451612903225806,0.17415371906260513,0.44062078272604593,0.10108403637869696,0.7811401263014167,0.04158788626916548,0.4532531334661269,0.08842293489088744,9.484981451503092e-14,True
2,XGBoost,4.071686962825465,2.802373961482297,5.915925194535316,1.7570277066241063e-13,0.6804238181270702,0.8050682261208578,0.030697886448389125,0.4966224085720941,0.12486310555186259,0.4544802867383512,0.22722092113672648,0.43240284619594965,0.09940611787407982,0.7792875481619476,0.06154085267513425,0.4551279157803934,0.08662841041703817,3.5140554132482127e-13,True
3,LogisticRegression,3.972195434940071,2.696496376861833,5.8514213884171715,2.973401070860615e-12,0.665161096055405,0.8167641325536062,0.024032803130483338,0.5057519640852974,0.09005313494800125,0.4014336917562724,0.08157567510208633,0.43803098450774614,0.0493248563131645,0.749283335693768,0.05420568390988504,0.4258103779320968,0.08349556645492807,4.460101606290923e-12,True
4,ANN,1.9583852710228284,1.2986356702642656,2.9533093519437204,0.0013426720591861833,0.5985960554049985,0.732943469785575,0.03888876675099418,0.2971428571428571,0.01616244071283538,0.3469534050179211,0.11967676991947931,0.3097974822112753,0.04122204791190527,0.6625302771150404,0.034466989906493266,0.3057876796492221,0.026721011001454277,0.0013426720591861833,True
5,Ensemble (Mean),6.192028682450268,4.136308910081345,9.269428381143996,8.202593887223065e-19,0.6904735019572418,0.8382066276803118,0.03353733047579971,0.5442251461988303,0.16523782853243055,0.39211469534050175,0.19175861721006332,0.44296788482834987,0.18167084522179294,0.7768824467177247,0.06036519446372482,0.4519612905262946,0.09484886139777486,4.921556332333839e-18,True
