,Model,HR,CI_lower,CI_upper,p,cindex,accuracy_mean,accuracy_std,precision_mean,precision_std,recall_mean,recall_std,f1_mean,f1_std,roc_auc_mean,roc_auc_std,pr_auc_mean,pr_auc_std,Sig
0,SVM,1.903327260874069,1.6166367212455335,2.240858823988188,1.1030492387602656e-14,0.7496205326341935,0.7370938808052622,0.01891382855072316,0.4619269619269619,0.05412020973251372,0.29985905567300913,0.03129075161986374,0.362758014931928,0.03550528402531006,0.6772907177442948,0.015628270592690285,0.4307600171333834,0.02931366614863356,True
1,RandomForest,1.8950930777065482,1.6014448311602907,2.2425860093907986,9.919767006340589e-14,0.7486891127363047,0.7256107013930415,0.03270598500137215,0.4517094017094017,0.061719226435747,0.43058491895701195,0.05943106030248911,0.4391579574292915,0.05492351606932646,0.6802597662707729,0.026336959173113756,0.4504911824099489,0.054296207923888715,True
2,XGBoost,1.252492351172339,1.07558631252076,1.4584948427511113,0.0037570570940894834,0.6878018490409825,0.7620423892100193,0.018427763542864024,0.5217261904761905,0.08655445541873893,0.193446088794926,0.17672572407294387,0.24943310657596374,0.18468385346181654,0.6857172518587396,0.027335476629056384,0.4469133069539574,0.04704129345965517,True
3,LogisticRegression,1.664382050004599,1.4197330658164238,1.9511890474879616,3.3740709912600725e-10,0.7232303021940113,0.7331960224126858,0.005821460914855285,0.46112692388783466,0.01754153419632917,0.40045806906272025,0.07867555067781884,0.4243756243756244,0.04203345426325068,0.6758043158096415,0.010385233784108296,0.4450600257229855,0.047536977785903475,True
4,ANN,1.5649736770352343,1.319994619677778,1.855418630729751,2.51942967733553e-07,0.7052573478680834,0.6929882842778996,0.03324345679978878,0.3987040367503923,0.06305006955878177,0.4445031712473573,0.15438652123927576,0.40981868373172725,0.07964099490964509,0.6484904659811459,0.04111448296658635,0.4147873170941921,0.06899234259828396,True
5,Ensemble,1.6883286721052089,1.446256995257844,1.970917834381398,3.2914796355599855e-11,0.7476542017386505,0.7601045334750737,0.010226136206117287,0.5310559006211181,0.029895505337875043,0.2692036645525018,0.0854836348251215,0.3515090718879042,0.08386164345002246,0.6958658744651999,0.023985236485625148,0.4445238506365261,0.0247808629600008,True
