,Model,HR,CI_lower,CI_upper,p,cindex,accuracy_mean,accuracy_std,precision_mean,precision_std,recall_mean,recall_std,f1_mean,f1_std,roc_auc_mean,roc_auc_std,pr_auc_mean,pr_auc_std,Sig
0,SVM,3.182951280581475,2.1453349297472037,4.722422925239493,8.816212742566949e-09,0.6547536911825583,0.7370938808052622,0.01891382855072316,0.4619269619269619,0.05412020973251372,0.29985905567300913,0.03129075161986374,0.362758014931928,0.03550528402531006,0.6772907177442948,0.015628270592690285,0.4307600171333834,0.02931366614863356,True
1,RandomForest,3.1435344403698666,2.286333419689518,4.322120602660583,1.7838611109461942e-12,0.6882158134400441,0.7256107013930415,0.03270598500137215,0.4517094017094017,0.061719226435747,0.43058491895701195,0.05943106030248911,0.4391579574292915,0.05492351606932646,0.6802597662707729,0.026336959173113756,0.4504911824099489,0.054296207923888715,True
2,XGBoost,2.85483072885196,1.8139082383178362,4.493093045299541,5.804210326349794e-06,0.581637229198289,0.7620423892100193,0.018427763542864024,0.5217261904761905,0.08655445541873893,0.193446088794926,0.17672572407294387,0.24943310657596374,0.18468385346181654,0.6857172518587396,0.027335476629056384,0.4469133069539574,0.04704129345965517,True
3,LogisticRegression,3.091905888518856,2.24173179219238,4.264507492267018,5.9598451379819065e-12,0.679039602594177,0.7331960224126858,0.005821460914855285,0.46112692388783466,0.01754153419632917,0.40045806906272025,0.07867555067781884,0.4243756243756244,0.04203345426325068,0.6758043158096415,0.010385233784108296,0.4450600257229855,0.047536977785903475,True
4,ANN,2.6710417266663393,1.931296214963257,3.6941323916634055,2.88275005287714e-09,0.649993100593349,0.6948707727061324,0.02281465753687108,0.3849338805289557,0.04035619549286991,0.37667371388301624,0.07030106078474666,0.37884250006961534,0.05322298150000045,0.6264204713565622,0.011677395919248398,0.3927331612681215,0.020364309542925684,True
5,Ensemble,2.6500006880572515,1.8126653683004739,3.874131303831381,4.911426588837959e-07,0.6471643438664275,0.7447124222089342,0.005802979772014716,0.4871794871794872,0.026583078213769533,0.3313953488372093,0.09529682831894765,0.3856252869040593,0.060199394468037154,0.6955935241750971,0.02608467917136513,0.4426361339081358,0.023145780098105063,True
