,Model,HR,CI_lower,CI_upper,p,cindex,accuracy_mean,accuracy_std,precision_mean,precision_std,recall_mean,recall_std,f1_mean,f1_std,roc_auc_mean,roc_auc_std,pr_auc_mean,pr_auc_std,Sig
0,SVM,1.8464502402114553,1.6062311309087387,2.122595200634704,6.460742358047424e-18,0.7460155926590313,0.7255331871636436,0.0375918945602244,0.4597807341709781,0.09881234911843728,0.36962649753347426,0.06758901399364353,0.4016227180527383,0.052113401179702215,0.6805339476784532,0.05673880492228205,0.4505020222442934,0.07419213986674388,True
1,RandomForest,1.9758000875047952,1.6809701770420071,2.3223410141954,1.4682256428107033e-16,0.7533117151924934,0.7600823865523885,0.009609978237207746,0.5527531411677753,0.05624694063586263,0.3238195912614517,0.10212508288620438,0.3929181929181929,0.06067872415180997,0.7021588565881128,0.05199548584315528,0.46756714139234523,0.04703373590926626,True
2,XGBoost,1.6535699550178926,1.4099823681054935,1.939239566386761,6.185615752572272e-10,0.7186421967710777,0.7543131131929218,0.0031012414203330538,0.5087719298245613,0.012405382126079766,0.3143058491895701,0.13090002815437884,0.37231520011339586,0.11341413932108856,0.6810765067821699,0.04160707788667663,0.43916994301150414,0.04878989586773521,True
3,LogisticRegression,1.514391088261428,1.2144916537977204,1.888345927313887,0.00022798472955744376,0.7501724851662757,0.7466281310211946,0.012663402399115963,0.48648648648648657,0.03325613981959669,0.42212825933756165,0.09173840933689098,0.44929582884408187,0.06587026079660419,0.6899592064246778,0.051231277947135494,0.4432000799701165,0.03170969654569952,True
4,ANN,1.3991274746752156,1.2050633019361743,1.6244438671776325,1.0412491365525817e-05,0.6789361114944115,0.6986468230239408,0.0035392140621478244,0.3931081654795037,0.031920803865187454,0.414200140944327,0.11877983333363341,0.3990777424429955,0.0729231753174995,0.6523988157531563,0.04471313534861706,0.39025051040419206,0.02508502973171055,True
5,Ensemble,1.741051296278699,1.519490927417262,1.9949178778093057,1.4127476324229886e-15,0.7425831378501448,0.7638805837928819,0.017422148092318908,0.5411494252873563,0.05826214443278521,0.3456659619450317,0.045842128811846,0.42146417166562206,0.05076019957466524,0.6931158876037271,0.04876319413692787,0.45401170168620064,0.0512645559663569,True
