,Model,HR,CI_lower,CI_upper,p,cindex,accuracy_mean,accuracy_std,precision_mean,precision_std,recall_mean,recall_std,f1_mean,f1_std,roc_auc_mean,roc_auc_std,pr_auc_mean,pr_auc_std,Sig
0,SVM,1.547857017939923,1.3512473249883035,1.7730738878662422,2.914962770433842e-10,0.6176693804332828,0.5397315792970566,0.2369563070122765,0.3211452423781191,0.10963627651641666,0.3752642706131078,0.16633744658113142,0.29360229290014184,0.03651895460448114,0.5330148016372053,0.18194783768169362,0.32591034987715234,0.10706846517423907,True
1,RandomForest,1.9693425390803834,1.6895470357456923,2.2954732565464533,4.400541995848308e-18,0.7540361528908514,0.7697052244590615,0.02830078205178892,0.5653621232568601,0.08375529610675685,0.39975334742776597,0.02458079770909818,0.46567823862509855,0.038301356361530016,0.6957764600628084,0.05851820634699125,0.4634610512199431,0.06215662487951875,True
2,XGBoost,1.3738608457135943,1.1725383872926018,1.6097499611446466,8.537191407980685e-05,0.6410583689802677,0.7332292427967134,0.03174351348132114,0.44732343679712105,0.06446028778175054,0.3528893587033122,0.21791472658433025,0.3497858099062918,0.1893449164284123,0.6708005852955257,0.03052291560412362,0.4271698635278411,0.06140758324529208,True
3,LogisticRegression,1.730578695672348,1.4282178263263405,2.096950875916798,2.1697963463797914e-08,0.7529667448599421,0.7332181693353709,0.006651233789119928,0.46019352686019355,0.02054066628860278,0.4295278365045807,0.1156827985989251,0.43805796291119187,0.06578893637439513,0.6966545378404069,0.054831182053898,0.4475808170226068,0.03739998245008947,True
4,ANN,1.5420558373695685,1.3535046707155975,1.7568732912523655,7.56754675110095e-11,0.7093969918587002,0.7351449516089739,0.03367930235577018,0.47063027940220925,0.07179495983139574,0.39164904862579286,0.07146977118256448,0.42332910991447575,0.06313287634104049,0.6588713301610514,0.05407618655258749,0.429591706401159,0.060184174257945734,True
5,Ensemble,1.7157358716358457,1.5184919257224014,1.9386007468018427,4.559721264063775e-18,0.7498965089002346,0.7715987863486369,0.03291452596431068,0.5686094819159334,0.09920779078107204,0.36839323467230445,0.07757261609766669,0.4444444444444445,0.08243216440440627,0.6857678507066044,0.04334314849241345,0.44654437159222854,0.06784719906344752,True
