,Model,HR,CI_lower,CI_upper,p,cindex,accuracy_mean,accuracy_std,precision_mean,precision_std,recall_mean,recall_std,f1_mean,f1_std,roc_auc_mean,roc_auc_std,pr_auc_mean,pr_auc_std,Sig
0,SVM,3.4724230279722983,2.44842293481252,4.924689077916836,2.8925655829034308e-12,0.6655512625914172,0.742785639935331,0.01974839990594411,0.48442967884828353,0.06152219553548447,0.35377026074700496,0.0762728921347368,0.4032781071084765,0.0564007094758405,0.6777614080694144,0.0331546512401644,0.43101967331469176,0.03922566269667478,True
1,RandomForest,3.8517193110355827,2.796350819478139,5.305393567811746,1.528460365374247e-16,0.7038429695046226,0.7504927690297434,0.010523447709310841,0.5036041263700838,0.025140406914838764,0.4455602536997885,0.10138352099046533,0.4646563675975441,0.059814432793907094,0.7145479601763998,0.04434735975527712,0.4691622474206784,0.054575190450337006,True
2,XGBoost,4.524990453531719,3.2828536696157733,6.237115834331311,2.964809161828837e-20,0.7153994756450945,0.7543684804996346,0.046054620243360773,0.5324733402132783,0.09924199579668876,0.4455602536997885,0.07232457920461284,0.4758946650793166,0.06049938507147876,0.6991107803374801,0.06028075721396092,0.46662674728971254,0.08435724317526341,True
3,LogisticRegression,3.08196319586876,2.2772064989707412,4.1711180540643715,3.100303364301491e-13,0.6794880640264938,0.7140167873673953,0.005078434729919545,0.4279841093865484,0.009720661823890439,0.43886539816772374,0.04169859411730097,0.432773356911288,0.025282340700048703,0.6683552674321359,0.04506322135099193,0.45031032315680114,0.007970797193193584,True
4,ANN,2.6134095636943306,1.8968683568406186,3.6006239035927283,4.212651064766599e-09,0.6681385400855526,0.7331738754900007,0.034837060105657375,0.4720502235982112,0.07878034558262102,0.44591261451726566,0.05239464362268248,0.45562341301111986,0.05341201790359836,0.6815753983870442,0.033524517583185205,0.4526723309446448,0.02916904899861572,True
5,Ensemble,3.8949867696718843,2.757636470958773,5.501421995134987,1.1872712302555102e-14,0.6858182696288119,0.7543131131929218,0.021213451599207293,0.5042016806722689,0.053258132610172385,0.383368569415081,0.12074002167758743,0.4287371543185497,0.0938537277377654,0.6915527959820521,0.04509047873024718,0.43570095594200603,0.06501205628089635,True
