,Model,HR,CI_lower,CI_upper,p,cindex,accuracy_mean,accuracy_std,precision_mean,precision_std,recall_mean,recall_std,f1_mean,f1_std,roc_auc_mean,roc_auc_std,pr_auc_mean,pr_auc_std,Sig
0,SVM,1.8581215191282077,1.5965544745380382,2.1625416701464757,1.206043451353088e-15,0.7603663584931696,0.7562398954665249,0.0024475606250729,0.5146356033452807,0.011389292691121641,0.3454897815362932,0.08349427311768505,0.40829758329758326,0.06654099538754253,0.7131523071874571,0.051729592328562,0.47724386314842154,0.06212394041277401,True
1,RandomForest,1.8601606906726706,1.6108207075616938,2.1480961716475218,2.851147108869636e-17,0.7542086380571271,0.7409142249684407,0.024060870788254276,0.4891310768503751,0.04492459298885899,0.46159267089499645,0.0571824179706858,0.4698000344083744,0.01680226137924729,0.7144217785882973,0.025886566123275594,0.466081266234099,0.041488386133853146,True
2,XGBoost,1.359147332890123,1.1601265596649148,1.5923103019345528,0.00014550340973203086,0.6461466813854009,0.7428299337807012,0.013845352019344252,0.5067528735632184,0.06847557047697313,0.2378435517970402,0.11888614296634523,0.2941033138401559,0.11986570581017109,0.7088343715873452,0.018818654621807644,0.4514381818326598,0.0017487937353257539,True
3,LogisticRegression,1.4647598241726911,1.2691580084639273,1.690507665871451,1.797408326644475e-07,0.7228163377949496,0.761975948441964,0.007807332120478456,0.5256038647342995,0.01857235051859041,0.45295983086680763,0.08365768605157015,0.4832026408235876,0.051648668478498874,0.679732880292085,0.05241763013014039,0.4372412577424485,0.025475684704300797,True
4,ANN,1.5522041472525465,1.2978665870640376,1.8563831897377654,1.4685043702763339e-06,0.714054091348144,0.7542577458862092,0.024310078913908382,0.533797290846163,0.07510738670260796,0.45295983086680763,0.12510769184079493,0.4696119682094437,0.06413472779883889,0.6868456547890242,0.04293099552599995,0.472445905001186,0.037019831393783634,True
5,Ensemble,1.7236210122280162,1.5125879710836805,1.9640969322699806,3.081336013057602e-16,0.7608665654753691,0.7639248776382521,0.004161824584662063,0.5364299758015728,0.011000610734899958,0.40732910500352365,0.03471067048914658,0.46186088527551944,0.01870064450197765,0.7244165459370503,0.02646390655826687,0.49581149399373076,0.034338076689739615,True
