,Model,HR,CI_lower,CI_upper,p,cindex,accuracy_mean,accuracy_std,precision_mean,precision_std,recall_mean,recall_std,f1_mean,f1_std,roc_auc_mean,roc_auc_std,pr_auc_mean,pr_auc_std,Sig
0,SVM,3.05073622357881,2.075023856690329,4.485245543490081,1.4100488947089663e-08,0.6698288947150545,0.7562398954665249,0.0024475606250729,0.5146356033452807,0.011389292691121641,0.3454897815362932,0.08349427311768505,0.40829758329758326,0.06654099538754253,0.7131523071874571,0.051729592328562,0.47724386314842154,0.06212394041277401,True
1,RandomForest,3.278862377312382,2.3422104740151704,4.590082150441691,4.559017571093584e-12,0.7073616668966469,0.7409142249684407,0.024060870788254276,0.4891310768503751,0.04492459298885899,0.46159267089499645,0.0571824179706858,0.4698000344083744,0.01680226137924729,0.7144217785882973,0.025886566123275594,0.466081266234099,0.041488386133853146,True
2,XGBoost,3.1496244179495894,2.1250874595410587,4.668106213513997,1.0978394205471334e-08,0.6162894991030772,0.7428299337807012,0.013845352019344252,0.5067528735632184,0.06847557047697313,0.2378435517970402,0.11888614296634523,0.2941033138401559,0.11986570581017109,0.7088343715873452,0.018818654621807644,0.4514381818326598,0.0017487937353257539,True
3,LogisticRegression,3.492296728022546,2.480330612777414,4.917141438213369,7.875507401759121e-13,0.7116048019870291,0.761975948441964,0.007807332120478456,0.5256038647342995,0.01857235051859041,0.45295983086680763,0.08365768605157015,0.4832026408235876,0.051648668478498874,0.679732880292085,0.05241763013014039,0.4372412577424485,0.025475684704300797,True
4,ANN,2.6123028835925983,1.8275987181050757,3.73393036886222,1.37630648519898e-07,0.6321236373671865,0.7408920780457554,0.016766924558066255,0.4768214654282765,0.04429448983431187,0.3534178999295279,0.05469883906366746,0.40318045546803716,0.04470479376228261,0.6768121856840125,0.045921435257250974,0.4315085825563569,0.05752124964546083,True
5,Ensemble,3.9807579231319696,2.8352945336807744,5.58899029865731,1.4699484586022424e-15,0.6905271146681385,0.7619870219033066,0.009970703486632189,0.5299823633156966,0.03026631799247003,0.3918252290345314,0.05270827893253037,0.4492958518274974,0.043752110465075114,0.7236017193056071,0.030555961496933577,0.496842494498527,0.026611587775886753,True
