,Model,HR,CI_lower,CI_upper,p,cindex,accuracy_mean,accuracy_std,precision_mean,precision_std,recall_mean,recall_std,f1_mean,f1_std,roc_auc_mean,roc_auc_std,pr_auc_mean,pr_auc_std,Sig
0,SVM,2.8275182214877232,1.9571802291385418,4.084886600537579,3.069672038927882e-08,0.6526666206706223,0.7447567160543042,0.019096883187010548,0.4941043083900227,0.034688689903086226,0.35271317829457366,0.12890146626601467,0.39422029487714005,0.08814797453670214,0.7137473479831016,0.05562364413150054,0.4635540679699092,0.05198063250866463,True
1,RandomForest,3.105794274435727,2.210760077963826,4.3631862956390774,6.397999762993227e-11,0.7027563129570857,0.7274599694372467,0.01934906051007781,0.4508692365835223,0.03776643064355063,0.4374559548978154,0.11963908118653951,0.4365182150566054,0.07719226009420121,0.7202396115630626,0.01986323924233492,0.45749093906214283,0.020889256505820453,True
2,XGBoost,2.8523270533937,1.8528214209011182,4.391016601893971,1.9199560298198477e-06,0.6269318338622878,0.7504927690297434,0.006684611217557186,0.6641065028161802,0.23807156228463958,0.28400281888653983,0.1889731793055305,0.31423648247177655,0.19090149868055878,0.7129152757414784,0.02877259025202709,0.45144146766873555,0.01496676640234027,True
3,LogisticRegression,2.666018267965071,1.9017999044987552,3.737329772869451,1.2722687599317843e-08,0.6887332689388712,0.7256107013930415,0.05403083696010831,0.4675020885547201,0.09511167208841552,0.4383368569415081,0.014882813306513639,0.44870612861560816,0.05485235779049371,0.6693670167928999,0.05617087560618563,0.42696814006430744,0.03845780212321474,True
4,ANN,2.50144924658744,1.7949710182099403,3.485988503309094,6.139718382949387e-08,0.6659824755071064,0.7140832281354506,0.05385089033541291,0.4470332401366884,0.08464179060122612,0.41525722339675825,0.03079581133655934,0.4240133642993929,0.03797190111865521,0.6626215624129701,0.05564738001638311,0.42158530638991953,0.060358549543303004,True
5,Ensemble,3.621024453135859,2.5236528035272725,5.195571305165928,2.8448620513352808e-12,0.7044984131364702,0.7524195513033464,0.015943992485026263,0.5068554131054132,0.03207526208031353,0.4154334038054968,0.019510737420587926,0.4560269771067392,0.01939480090965217,0.7300836996603018,0.03276252646581146,0.4795530474292639,0.034733591179643426,True
