,Model,HR,CI_lower,CI_upper,p,cindex,accuracy_mean,accuracy_std,precision_mean,precision_std,recall_mean,recall_std,f1_mean,f1_std,roc_auc_mean,roc_auc_std,pr_auc_mean,pr_auc_std,Sig
0,SVM,3.0588326382625217,2.156660652240357,4.338400248170936,3.602948118666959e-10,0.6871464054091349,0.7236949925807808,0.03222770315559129,0.46636551853943153,0.07653438740273193,0.41437632135306557,0.10879222266611929,0.42144762229031896,0.04642005078671259,0.6940439021301795,0.019569094725879702,0.43274909485266905,0.03156090735152682,True
1,RandomForest,4.216994650261553,2.859147580217085,6.219701285578393,3.91543664261827e-13,0.6554781288809163,0.7601266803977588,0.018974517376700518,0.5552536231884058,0.0939325133020537,0.30038759689922484,0.06718967373395238,0.3809326688152896,0.04656315349223144,0.7171000725412228,0.018938915693895504,0.4647827152725261,0.031115511614775833,True
2,XGBoost,4.07547702985736,2.3407878217848492,7.095693538011587,6.829891103550479e-07,0.5813785014488754,0.7601045334750737,0.013879928954681535,0.6440058479532164,0.14743990770543297,0.14570119802677942,0.041609172818235896,0.22862478324663196,0.040500380876293644,0.7196057552128917,0.014415708495178087,0.4732552870011548,0.04237695340264395,True
3,LogisticRegression,3.5266159999629343,2.5401435093225966,4.896188095495148,5.134952873508808e-14,0.7010314612943287,0.7485659867561404,0.005115100172878385,0.49612403100775193,0.005481447916174797,0.4381606765327695,0.06332356237908682,0.46261172395268924,0.03681727147523467,0.6790377280569008,0.03966753601486293,0.45442696679031114,0.0408378702342449,True
4,ANN,2.8909577678880307,1.9592302396313592,4.26577573510946,8.879469286068156e-08,0.6493031599282462,0.7428077868580161,0.018878436233471244,0.4775627240143369,0.04656343017749305,0.31553911205074,0.04054523311130246,0.3793213358402722,0.041822446956720605,0.6770420892203246,0.035232057230907284,0.4237488255356037,0.048909156873529445,True
5,Ensemble,4.770692019739829,3.074839090794519,7.401851503497173,3.12194045901138e-12,0.6530460880364288,0.7639359510995947,0.012024249437119487,0.5787878787878787,0.05765544724375893,0.26849894291754756,0.08233489390801918,0.3537547572635292,0.06879465523030402,0.7248025910417176,0.015463099601925273,0.48052838163856576,0.046555510119839626,True
