,Model,HR,CI_lower,CI_upper,p,cindex,accuracy_mean,accuracy_std,precision_mean,precision_std,recall_mean,recall_std,f1_mean,f1_std,roc_auc_mean,roc_auc_std,pr_auc_mean,pr_auc_std,Sig
0,SVM,1.7994560159511148,1.5734652513450447,2.057904965219082,9.501146735242743e-18,0.7448771905616117,0.7428299337807012,0.01737216106708492,0.49022482893450636,0.0260742495959905,0.3831923890063425,0.14672200355850346,0.41085496823201745,0.08706659114870276,0.6869614186629986,0.01675460523522249,0.4474006347530805,0.03412801637068667,True
1,RandomForest,1.9249938703199232,1.662936339360231,2.228348321616993,1.7606120469038086e-18,0.7624189319718504,0.752452771687374,0.019863129123751704,0.5157040248204344,0.06683601074992149,0.33844256518675125,0.009653014469205575,0.4063264221158958,0.012849450232197005,0.7122513145768958,0.021448138631037617,0.4764434256112213,0.04478037211232023,True
2,XGBoost,1.3909359404965227,1.1951097445721577,1.6188494816913725,2.0241537445497945e-05,0.6528218573202704,0.7543352601156069,0.017530817698066296,0.5833333333333334,0.12355686689621281,0.27642706131078226,0.14953327111225445,0.3303180582015968,0.1473543294527974,0.7101822758577597,0.01918658265543032,0.46728982698478266,0.020302225357457633,True
3,LogisticRegression,1.6764983559533013,1.4302727508382322,1.9651124136056577,1.821452631903e-10,0.7267145025527805,0.7543352601156069,0.006564592212773263,0.5098039215686274,0.013864838846795053,0.4376321353065539,0.08138848437598374,0.4667435006922797,0.04522927877434752,0.6819275522985802,0.04215914379451611,0.4493541922966859,0.03772733365054494,True
4,ANN,1.7896601009951612,1.5008752152442195,2.134010372456476,9.029467218102278e-11,0.7386159790258038,0.7543131131929218,0.0031012414203330538,0.5087719298245613,0.012405382126079766,0.38407329105003524,0.09084077826256247,0.43180073965981824,0.0664393881970594,0.6937412608103183,0.024963902190096025,0.4617240235727949,0.040760317993405445,True
5,Ensemble,1.8194123300784615,1.5835128945105688,2.0904542288963617,2.979911745962613e-17,0.7628328963709121,0.7524084778420038,0.004135993400732914,0.5057471264367815,0.008127664151569527,0.3847780126849894,0.040813057746498266,0.43561836690491657,0.02376794812563238,0.7199622024227031,0.014922596583168059,0.48040381112138464,0.017520627801891057,True
