,Model,HR,CI_lower,CI_upper,p,cindex,accuracy_mean,accuracy_std,precision_mean,precision_std,recall_mean,recall_std,f1_mean,f1_std,roc_auc_mean,roc_auc_std,pr_auc_mean,pr_auc_std,Sig
0,SVM,1.8006320681100039,1.5744724266190895,2.0592776284233465,8.810187260045047e-18,0.7459810956257762,0.7236949925807808,0.03222770315559129,0.46636551853943153,0.07653438740273193,0.41437632135306557,0.10879222266611929,0.42144762229031896,0.04642005078671259,0.6940439021301795,0.019569094725879702,0.43274909485266905,0.03156090735152682,True
1,RandomForest,1.9446711843227333,1.6752478309238692,2.2574248092293407,2.310952324842661e-18,0.7509659169311439,0.7601266803977588,0.018974517376700518,0.5552536231884058,0.0939325133020537,0.30038759689922484,0.06718967373395238,0.3809326688152896,0.04656315349223144,0.7171000725412228,0.018938915693895504,0.4647827152725261,0.031115511614775833,True
2,XGBoost,1.733423615580477,1.52949192566667,1.964546121904102,7.045343478085846e-18,0.7168138540085552,0.7601045334750737,0.013879928954681535,0.6440058479532164,0.14743990770543297,0.14570119802677942,0.041609172818235896,0.22862478324663196,0.040500380876293644,0.7196057552128917,0.014415708495178087,0.4732552870011548,0.04237695340264395,True
3,LogisticRegression,1.6821388255195564,1.4399710351263681,1.9650332953204122,5.473449913359179e-11,0.7251621360562992,0.7485659867561404,0.005115100172878385,0.49612403100775193,0.005481447916174797,0.4381606765327695,0.06332356237908682,0.46261172395268924,0.03681727147523467,0.6790377280569008,0.03966753601486293,0.45442696679031114,0.0408378702342449,True
4,ANN,1.6011138606185404,1.3715492482471985,1.8691021105811345,2.503216330522945e-09,0.6981509590175244,0.7428077868580161,0.018878436233471244,0.4775627240143369,0.04656343017749305,0.31553911205074,0.04054523311130246,0.3793213358402722,0.041822446956720605,0.6770420892203246,0.035232057230907284,0.4237488255356037,0.048909156873529445,True
5,Ensemble,1.8440366740108034,1.6232689366020425,2.094829253749515,5.150976830693945e-21,0.7546226024561887,0.7639359510995947,0.012024249437119487,0.5787878787878787,0.05765544724375893,0.26849894291754756,0.08233489390801918,0.3537547572635292,0.06879465523030402,0.7248025910417176,0.015463099601925273,0.48052838163856576,0.046555510119839626,True
