,Model,HR,CI_lower,CI_upper,p,cindex,accuracy_mean,accuracy_std,precision_mean,precision_std,recall_mean,recall_std,f1_mean,f1_std,roc_auc_mean,roc_auc_std,pr_auc_mean,pr_auc_std,Sig
0,SVM,1.8296809764434376,1.5817085407535605,2.1165293031572547,4.274678801439665e-16,0.7501552366496481,0.729408898633535,0.018189979616423248,0.46051282051282055,0.03266791447924716,0.42318534178999295,0.0485056374134468,0.4373381698838364,0.010498130948422557,0.7057728826590891,0.01004891617934469,0.46376678063978316,0.030989462500492327,True
1,RandomForest,1.9066376633589757,1.6396566896370277,2.217090444795317,5.092223321242104e-17,0.7609355595418794,0.7466281310211946,0.017102035242723326,0.4959259259259259,0.042458726832359996,0.46159267089499645,0.0571824179706858,0.4750011342498072,0.031628335713617145,0.7228277565975062,0.011091396127347544,0.4641958892206783,0.006658856790876774,True
2,XGBoost,1.420207146043144,1.2200388708272687,1.6532164555579756,6.016537983294376e-06,0.663550434662619,0.7619870219033066,0.0033669514308043258,0.5362064796905223,0.006545001205106191,0.36768851303735023,0.17608401168315901,0.4083353683353684,0.13732736356514647,0.7145603486696155,0.027164868330136562,0.4709775224192363,0.01731601292765666,True
3,LogisticRegression,1.6999058211894387,1.4033272368665837,2.059163198005018,5.831848085686973e-08,0.7238512487926039,0.7332070958740283,0.007067280481382378,0.463994085270681,0.016203640681478282,0.42336152219873147,0.046115537495563665,0.4406821378340366,0.018504634068140943,0.6752998584349553,0.014885958320222062,0.4299382923761339,0.01293191502130278,True
4,ANN,1.4708549077935966,1.242000779009749,1.7418782631564906,7.763201270285615e-06,0.6929764040292535,0.6891790135760636,0.05103553749544297,0.40119047619047615,0.08019604663380615,0.3995771670190275,0.0432586589238134,0.3933083874791832,0.03576458548963215,0.6620059862026842,0.011835379543413502,0.40317699421766146,0.047720475933805434,True
5,Ensemble,1.862090275953959,1.6115850416906343,2.1515341146160263,3.349920731460775e-17,0.7803918862977783,0.7620091688259917,0.004792033199191293,0.5348743586862899,0.022445924694220278,0.41525722339675825,0.08624602360426904,0.46018910030537935,0.04917430621478881,0.7296992580766769,0.01759310473209146,0.4855011100854936,0.02131670867730614,True
