,Model,HR,CI_lower,CI_upper,p,cindex,accuracy_mean,accuracy_std,precision_mean,precision_std,recall_mean,recall_std,f1_mean,f1_std,roc_auc_mean,roc_auc_std,pr_auc_mean,pr_auc_std,Sig
0,SVM,3.182951280581475,2.1453349297472037,4.722422925239493,8.816212742566949e-09,0.6547536911825583,0.7370938808052622,0.01891382855072316,0.4619269619269619,0.05412020973251372,0.29985905567300913,0.03129075161986374,0.362758014931928,0.03550528402531006,0.6772907177442948,0.015628270592690285,0.4307600171333834,0.02931366614863356,True
1,RandomForest,3.1435344403698666,2.286333419689518,4.322120602660583,1.7838611109461942e-12,0.6882158134400441,0.7256107013930415,0.03270598500137215,0.4517094017094017,0.061719226435747,0.43058491895701195,0.05943106030248911,0.4391579574292915,0.05492351606932646,0.6802597662707729,0.026336959173113756,0.4504911824099489,0.054296207923888715,True
2,XGBoost,2.85483072885196,1.8139082383178362,4.493093045299541,5.804210326349794e-06,0.581637229198289,0.7620423892100193,0.018427763542864024,0.5217261904761905,0.08655445541873893,0.193446088794926,0.17672572407294387,0.24943310657596374,0.18468385346181654,0.6857172518587396,0.027335476629056384,0.4469133069539574,0.04704129345965517,True
3,LogisticRegression,3.091905888518856,2.24173179219238,4.264507492267018,5.9598451379819065e-12,0.679039602594177,0.7331960224126858,0.005821460914855285,0.46112692388783466,0.01754153419632917,0.40045806906272025,0.07867555067781884,0.4243756243756244,0.04203345426325068,0.6758043158096415,0.010385233784108296,0.4450600257229855,0.047536977785903475,True
4,ANN,2.4090465366706515,1.7874972517150587,3.2467211965089975,7.708036966129472e-09,0.670449841313647,0.6889686178105552,0.033808824391082,0.41029675638371294,0.03424483771214257,0.5234319943622269,0.04331960633568569,0.4570532514080901,0.01155517694731335,0.664687290637051,0.03435627645306592,0.39332736427937903,0.0372562609048079,True
5,Ensemble,3.792666638207594,2.5881132614333904,5.5578403166970896,8.075777679275327e-12,0.6526321236373672,0.7581888246628131,0.011816031867621665,0.5223588863463006,0.034504111695774296,0.3005637773079634,0.08427687038874347,0.3769312169312169,0.07316815651035702,0.6997246702643473,0.026479483157981987,0.4803239914220747,0.05846615366501207,True
