,Model,HR,CI_lower,CI_upper,p,cindex,accuracy_mean,accuracy_std,precision_mean,precision_std,recall_mean,recall_std,f1_mean,f1_std,roc_auc_mean,roc_auc_std,pr_auc_mean,pr_auc_std,Sig
0,SVM,1.843124951480779,1.5699302618820776,2.1638601849094057,8.010824552469558e-14,0.7246964261073547,0.7524638451487166,0.033423056087786014,0.562531328320802,0.1457012537570834,0.32998590556730095,0.09181450614719576,0.39288525195698193,0.06475173877802143,0.6571745566109138,0.03632840297345295,0.44322466868276233,0.03169944453382728,True
1,RandomForest,1.7944879476955133,1.5129577507598404,2.128405101072523,1.8736229483973446e-11,0.7252656271560646,0.7504927690297434,0.010523447709310841,0.49835267505900865,0.033953171649870224,0.4001057082452431,0.06716564705775525,0.4419155998103366,0.049801302901922424,0.6677475639929039,0.023647056080964766,0.46916401484419,0.07050568158049035,True
2,XGBoost,1.0602279441963123,0.9245344420124336,1.2158371203650855,0.4025919111845211,0.6163067476197047,0.7524195513033464,0.02462773153756457,0.5128365093768905,0.0686696210725434,0.38460183227625083,0.009575530825723174,0.4380494954619764,0.030816940743416437,0.6505912647622216,0.03754432649222041,0.4313724607664578,0.04078548306685747,False
3,LogisticRegression,1.6492208041340108,1.358150207047189,2.002671903796227,4.42164552683928e-07,0.737926038360701,0.727426749053219,0.022422208880474817,0.45936507936507937,0.054245784999612995,0.42353770260747003,0.0636204019917822,0.4351835706674416,0.029913734560190863,0.672042414062652,0.03486746781091202,0.4527926490686263,0.04255298619958048,True
4,ANN,1.6438015678483027,1.4172852230110413,1.9065206851729715,5.0311437747954256e-11,0.7061887677659722,0.7043385821540097,0.0283909857824912,0.4206003177925048,0.03726920235764569,0.4612403100775193,0.08074676998449479,0.4351903370890713,0.04266167307472995,0.6575482701214993,0.02799420092153997,0.40432282908679834,0.024372233836084528,True
5,Ensemble,2.1030850077237893,1.7466677808902376,2.5322311421226784,4.280265694011772e-15,0.7291637919138954,0.7620423892100193,0.018427763542864024,0.5820261437908497,0.12150623882286025,0.31465821000704725,0.0819282470974564,0.39079094421560173,0.055051605713592265,0.6555692975584685,0.02701750826606039,0.44831952983254353,0.041416757859191286,True
