,Model,HR,CI_lower,CI_upper,p,cindex,accuracy_mean,accuracy_std,precision_mean,precision_std,recall_mean,recall_std,f1_mean,f1_std,roc_auc_mean,roc_auc_std,pr_auc_mean,pr_auc_std,Sig
0,SVM,1.9489553462656681,1.6605419623588713,2.2874621827332215,3.172922788742122e-16,0.7545881054229336,0.7236064048900405,0.00475233433216642,0.4313759526525484,0.01092283488017452,0.354122621564482,0.09828403762166431,0.3830478700043917,0.06189099520299799,0.683790874785904,0.021454211676672524,0.4287167766126187,0.026730192312933186,True
1,RandomForest,1.8991836295056115,1.6271117389885745,2.216749084991658,4.2639301105397804e-16,0.7369256243963019,0.7179257192213142,0.027887966627122108,0.43958048335613314,0.051384132595244804,0.46141649048625794,0.048776843551469815,0.44969400244798036,0.0477730554427568,0.6817267707734599,0.017062157528421145,0.4504574722245221,0.05326057674420926,True
2,XGBoost,1.1303500643702133,0.9899819371194332,1.2906207882332328,0.0701198811237872,0.6052849454946875,0.758166677740128,0.012220115241703937,0.5058201058201058,0.05537132466434342,0.32205778717406625,0.13338055472997887,0.3829608267243451,0.12449962794693496,0.670019163628253,0.041159374481178776,0.4442465416106354,0.05433778193926071,False
3,LogisticRegression,1.6606353357360881,1.41652140455656,1.9468182474507731,4.044048578619663e-10,0.7230233199944804,0.7312803136004252,0.003142561706664494,0.45773133814929473,0.01327805426563376,0.42318534178999295,0.06720214573539918,0.43738375445692523,0.03835455107732035,0.6759836411886829,0.010676589272969895,0.4455342005250596,0.04723104294460072,True
4,ANN,1.4033819618168337,1.19728213152524,1.644959762528074,2.8918385742962674e-05,0.6816958741548227,0.6889353974265275,0.045780231140512134,0.39364749789739273,0.04746263622665847,0.3921775898520085,0.08628020688123408,0.3831287031946735,0.03741682230123571,0.6484194351716099,0.02091162828561276,0.40815942592891136,0.03056362316973052,True
5,Ensemble,1.7805774204479086,1.461121483606699,2.169878402159162,1.0734535720574949e-08,0.7585897612805299,0.756284189311895,0.023648376813464482,0.49908349908349914,0.08475958429798415,0.3608174770965468,0.12369019098089376,0.41460905349794236,0.11642345513113923,0.6922074567245878,0.03149761353937482,0.43727417772765215,0.030856102651839648,True
